user_id,R,F,M,cluster,cluster_name
100,6,8,8,0,高价值忠诚用户
1000001,1,1,1,2,活跃潜力用户
1000011,9,2,2,1,早期沉睡用户
100002,4,1,1,2,活跃潜力用户
1000027,1,2,2,2,活跃潜力用户
1000028,1,4,4,2,活跃潜力用户
1000037,3,5,4,2,活跃潜力用户
1000054,2,4,3,2,活跃潜力用户
1000060,3,1,1,2,活跃潜力用户
1000061,1,3,3,2,活跃潜力用户
1000070,6,1,1,1,早期沉睡用户
1000084,1,7,7,0,高价值忠诚用户
1000085,3,12,10,0,高价值忠诚用户
100009,2,2,2,2,活跃潜力用户
1000103,1,4,4,2,活跃潜力用户
1000115,1,7,5,0,高价值忠诚用户
1000134,2,3,2,2,活跃潜力用户
1000135,6,1,1,1,早期沉睡用户
1000139,1,2,2,2,活跃潜力用户
1000151,1,3,3,2,活跃潜力用户
1000154,8,1,1,1,早期沉睡用户
1000165,2,2,2,2,活跃潜力用户
1000169,4,1,1,2,活跃潜力用户
1000186,4,1,1,2,活跃潜力用户
1000191,2,5,5,0,高价值忠诚用户
1000194,5,1,1,1,早期沉睡用户
1000204,8,1,1,1,早期沉睡用户
1000209,6,3,3,1,早期沉睡用户
1000222,5,6,5,0,高价值忠诚用户
1000228,4,5,5,0,高价值忠诚用户
1000236,4,1,1,2,活跃潜力用户
1000251,6,3,3,1,早期沉睡用户
1000263,2,4,4,2,活跃潜力用户
1000269,1,3,3,2,活跃潜力用户
1000274,7,2,2,1,早期沉睡用户
1000282,7,1,1,1,早期沉睡用户
1000283,7,1,1,1,早期沉睡用户
1000291,4,2,2,2,活跃潜力用户
1000296,3,1,1,2,活跃潜力用户
100030,8,4,4,1,早期沉睡用户
1000313,1,5,5,0,高价值忠诚用户
1000317,8,2,2,1,早期沉睡用户
1000319,1,1,1,2,活跃潜力用户
1000328,1,1,1,2,活跃潜力用户
1000332,1,1,1,2,活跃潜力用户
1000335,1,8,8,0,高价值忠诚用户
1000349,2,8,6,0,高价值忠诚用户
1000364,6,1,1,1,早期沉睡用户
1000374,9,3,3,1,早期沉睡用户
1000398,1,4,4,2,活跃潜力用户
1000408,7,3,3,1,早期沉睡用户
1000417,1,11,11,0,高价值忠诚用户
1000420,6,1,1,1,早期沉睡用户
1000429,1,3,3,2,活跃潜力用户
1000436,1,7,7,0,高价值忠诚用户
1000438,1,8,3,0,高价值忠诚用户
1000455,6,1,1,1,早期沉睡用户
1000485,4,1,1,2,活跃潜力用户
1000488,1,19,18,0,高价值忠诚用户
1000490,4,2,2,2,活跃潜力用户
1000497,4,1,1,2,活跃潜力用户
1000504,3,1,1,2,活跃潜力用户
1000505,3,6,6,0,高价值忠诚用户
1000511,1,3,3,2,活跃潜力用户
1000519,7,2,2,1,早期沉睡用户
1000520,2,3,3,2,活跃潜力用户
1000538,1,2,2,2,活跃潜力用户
1000539,3,1,1,2,活跃潜力用户
1000541,2,1,1,2,活跃潜力用户
1000565,2,6,5,0,高价值忠诚用户
1000573,5,2,2,1,早期沉睡用户
1000581,5,3,3,1,早期沉睡用户
1000588,3,2,2,2,活跃潜力用户
100059,7,1,1,1,早期沉睡用户
1000590,1,2,2,2,活跃潜力用户
1000596,5,3,3,1,早期沉睡用户
1000610,1,4,4,2,活跃潜力用户
1000630,5,3,3,1,早期沉睡用户
1000636,3,8,8,0,高价值忠诚用户
1000641,4,7,6,0,高价值忠诚用户
1000647,8,1,1,1,早期沉睡用户
1000650,5,1,1,1,早期沉睡用户
1000659,3,4,4,2,活跃潜力用户
1000664,4,5,5,0,高价值忠诚用户
1000676,2,3,3,2,活跃潜力用户
100068,4,4,4,2,活跃潜力用户
1000684,1,10,8,0,高价值忠诚用户
1000686,3,1,1,2,活跃潜力用户
1000688,2,1,1,2,活跃潜力用户
1000694,3,3,3,2,活跃潜力用户
1000703,5,2,2,1,早期沉睡用户
1000712,5,3,3,1,早期沉睡用户
1000715,3,3,3,2,活跃潜力用户
1000718,4,4,4,2,活跃潜力用户
1000722,5,1,1,1,早期沉睡用户
1000723,2,16,15,0,高价值忠诚用户
1000727,1,1,1,2,活跃潜力用户
1000732,3,1,1,2,活跃潜力用户
1000735,2,3,3,2,活跃潜力用户
1000738,8,1,1,1,早期沉睡用户
1000749,1,2,2,2,活跃潜力用户
100075,4,2,1,2,活跃潜力用户
1000751,7,1,1,1,早期沉睡用户
1000772,1,1,1,2,活跃潜力用户
1000792,3,5,5,0,高价值忠诚用户
10008,2,3,3,2,活跃潜力用户
1000803,8,1,1,1,早期沉睡用户
1000807,1,5,5,0,高价值忠诚用户
1000810,2,1,1,2,活跃潜力用户
1000811,4,2,2,2,活跃潜力用户
1000836,1,4,4,2,活跃潜力用户
1000840,2,1,1,2,活跃潜力用户
1000856,4,3,3,2,活跃潜力用户
1000857,5,1,1,1,早期沉睡用户
1000865,3,2,2,2,活跃潜力用户
1000866,8,1,1,1,早期沉睡用户
1000867,4,1,1,2,活跃潜力用户
1000872,3,4,4,2,活跃潜力用户
1000877,4,7,7,0,高价值忠诚用户
1000878,3,4,4,2,活跃潜力用户
100088,2,2,2,2,活跃潜力用户
1000896,7,2,2,1,早期沉睡用户
10009,1,10,9,0,高价值忠诚用户
100091,1,3,3,2,活跃潜力用户
1000911,1,5,5,0,高价值忠诚用户
1000916,3,2,2,2,活跃潜力用户
1000919,5,1,1,1,早期沉睡用户
1000922,5,1,1,1,早期沉睡用户
1000923,2,1,1,2,活跃潜力用户
1000936,7,2,2,1,早期沉睡用户
1000937,3,4,4,2,活跃潜力用户
100095,5,1,1,1,早期沉睡用户
1000959,8,1,1,1,早期沉睡用户
1000962,4,3,3,2,活跃潜力用户
1000964,8,1,1,1,早期沉睡用户
1000984,4,1,1,2,活跃潜力用户
1001005,2,2,2,2,活跃潜力用户
1001009,4,3,3,2,活跃潜力用户
100101,1,28,28,3,超级用户
1001017,6,2,2,1,早期沉睡用户
1001018,7,1,1,1,早期沉睡用户
1001024,5,2,2,1,早期沉睡用户
100103,2,1,1,2,活跃潜力用户
1001048,1,1,1,2,活跃潜力用户
100105,1,3,3,2,活跃潜力用户
1001054,1,6,6,0,高价值忠诚用户
1001065,4,4,3,2,活跃潜力用户
100107,1,3,2,2,活跃潜力用户
1001081,2,5,5,0,高价值忠诚用户
1001088,9,2,2,1,早期沉睡用户
100109,5,1,1,1,早期沉睡用户
1001092,6,2,1,1,早期沉睡用户
1001099,3,5,4,2,活跃潜力用户
1001102,2,4,4,2,活跃潜力用户
1001104,2,2,2,2,活跃潜力用户
1001108,8,1,1,1,早期沉睡用户
1001120,4,4,4,2,活跃潜力用户
1001121,4,1,1,2,活跃潜力用户
100113,5,3,3,1,早期沉睡用户
1001131,1,4,4,2,活跃潜力用户
1001138,1,2,2,2,活跃潜力用户
1001145,2,5,5,0,高价值忠诚用户
1001148,1,1,1,2,活跃潜力用户
1001151,3,3,3,2,活跃潜力用户
1001154,5,1,1,1,早期沉睡用户
100116,1,13,12,0,高价值忠诚用户
1001185,5,2,2,1,早期沉睡用户
1001186,1,4,4,2,活跃潜力用户
1001199,1,10,9,0,高价值忠诚用户
1001201,1,2,2,2,活跃潜力用户
1001228,2,1,1,2,活跃潜力用户
1001230,4,2,2,2,活跃潜力用户
1001232,4,4,4,2,活跃潜力用户
1001235,1,4,4,2,活跃潜力用户
1001241,3,6,6,0,高价值忠诚用户
1001248,8,3,3,1,早期沉睡用户
1001265,3,1,1,2,活跃潜力用户
1001270,2,2,2,2,活跃潜力用户
100128,2,2,2,2,活跃潜力用户
1001301,7,1,1,1,早期沉睡用户
1001305,4,15,15,0,高价值忠诚用户
1001313,2,1,1,2,活跃潜力用户
1001326,2,5,5,0,高价值忠诚用户
1001327,5,1,1,1,早期沉睡用户
100134,6,14,14,0,高价值忠诚用户
1001346,7,1,1,1,早期沉睡用户
1001347,3,3,3,2,活跃潜力用户
1001352,2,2,2,2,活跃潜力用户
1001360,7,1,1,1,早期沉睡用户
1001373,4,5,5,0,高价值忠诚用户
1001375,1,10,9,0,高价值忠诚用户
1001378,1,8,8,0,高价值忠诚用户
1001381,2,2,2,2,活跃潜力用户
1001404,3,2,2,2,活跃潜力用户
100141,2,2,2,2,活跃潜力用户
1001419,3,7,5,0,高价值忠诚用户
1001420,6,3,3,1,早期沉睡用户
1001421,4,2,2,2,活跃潜力用户
1001438,5,1,1,1,早期沉睡用户
1001441,1,2,2,2,活跃潜力用户
1001444,2,3,3,2,活跃潜力用户
1001460,4,1,1,2,活跃潜力用户
1001461,4,6,5,0,高价值忠诚用户
1001466,1,5,5,0,高价值忠诚用户
1001472,8,5,5,1,早期沉睡用户
1001482,6,1,1,1,早期沉睡用户
1001489,6,1,1,1,早期沉睡用户
1001492,6,1,1,1,早期沉睡用户
1001512,3,1,1,2,活跃潜力用户
1001521,7,1,1,1,早期沉睡用户
1001524,1,1,1,2,活跃潜力用户
1001531,1,2,2,2,活跃潜力用户
1001532,2,3,3,2,活跃潜力用户
1001534,8,1,1,1,早期沉睡用户
1001537,1,8,8,0,高价值忠诚用户
1001543,6,1,1,1,早期沉睡用户
1001545,1,10,9,0,高价值忠诚用户
1001551,1,1,1,2,活跃潜力用户
1001557,2,1,1,2,活跃潜力用户
1001562,4,2,2,2,活跃潜力用户
1001566,3,7,6,0,高价值忠诚用户
1001569,6,2,2,1,早期沉睡用户
1001578,2,2,2,2,活跃潜力用户
1001591,2,1,1,2,活跃潜力用户
1001596,2,4,3,2,活跃潜力用户
1001601,4,2,2,2,活跃潜力用户
1001606,3,1,1,2,活跃潜力用户
1001608,7,1,1,1,早期沉睡用户
1001618,8,1,1,1,早期沉睡用户
1001625,1,6,4,0,高价值忠诚用户
1001626,4,2,2,2,活跃潜力用户
1001628,4,1,1,2,活跃潜力用户
1001629,1,9,9,0,高价值忠诚用户
100164,5,1,1,1,早期沉睡用户
1001641,9,2,2,1,早期沉睡用户
1001652,1,4,4,2,活跃潜力用户
1001654,3,2,2,2,活跃潜力用户
1001662,4,9,8,0,高价值忠诚用户
1001667,2,2,2,2,活跃潜力用户
1001673,5,2,2,1,早期沉睡用户
1001676,1,3,3,2,活跃潜力用户
1001686,3,1,1,2,活跃潜力用户
1001688,7,1,1,1,早期沉睡用户
1001689,3,1,1,2,活跃潜力用户
1001697,2,1,1,2,活跃潜力用户
1001700,4,2,2,2,活跃潜力用户
1001711,1,5,5,0,高价值忠诚用户
100173,1,8,8,0,高价值忠诚用户
1001737,4,3,3,2,活跃潜力用户
1001744,6,1,1,1,早期沉睡用户
1001757,1,2,2,2,活跃潜力用户
1001769,6,3,3,1,早期沉睡用户
100177,6,3,3,1,早期沉睡用户
1001771,8,1,1,1,早期沉睡用户
1001783,2,4,3,2,活跃潜力用户
1001784,5,2,2,1,早期沉睡用户
1001788,5,3,3,1,早期沉睡用户
1001800,3,1,1,2,活跃潜力用户
1001803,5,2,2,1,早期沉睡用户
1001804,1,4,4,2,活跃潜力用户
1001809,5,1,1,1,早期沉睡用户
1001823,4,1,1,2,活跃潜力用户
1001829,1,4,4,2,活跃潜力用户
100184,2,1,1,2,活跃潜力用户
1001841,2,7,7,0,高价值忠诚用户
1001844,3,2,2,2,活跃潜力用户
1001847,8,3,3,1,早期沉睡用户
1001850,2,2,2,2,活跃潜力用户
1001855,5,3,3,1,早期沉睡用户
1001856,2,8,8,0,高价值忠诚用户
100186,2,5,5,0,高价值忠诚用户
1001860,3,4,3,2,活跃潜力用户
1001866,4,15,13,0,高价值忠诚用户
1001870,2,2,2,2,活跃潜力用户
1001872,6,2,2,1,早期沉睡用户
1001875,3,5,3,2,活跃潜力用户
1001876,1,2,1,2,活跃潜力用户
1001877,2,3,2,2,活跃潜力用户
1001879,1,2,2,2,活跃潜力用户
1001882,1,1,1,2,活跃潜力用户
1001891,4,2,2,2,活跃潜力用户
1001902,1,2,2,2,活跃潜力用户
1001903,5,1,1,1,早期沉睡用户
1001908,3,2,2,2,活跃潜力用户
100191,3,5,5,0,高价值忠诚用户
1001912,3,1,1,2,活跃潜力用户
1001915,2,5,5,0,高价值忠诚用户
1001917,4,3,3,2,活跃潜力用户
1001920,3,3,3,2,活跃潜力用户
1001921,1,6,6,0,高价值忠诚用户
1001944,4,4,4,2,活跃潜力用户
1001946,6,1,1,1,早期沉睡用户
1001947,2,1,1,2,活跃潜力用户
1001952,1,2,2,2,活跃潜力用户
1001967,1,3,3,2,活跃潜力用户
100197,1,2,2,2,活跃潜力用户
1001981,8,1,1,1,早期沉睡用户
1001982,1,2,2,2,活跃潜力用户
1001985,5,1,1,1,早期沉睡用户
1001988,1,4,4,2,活跃潜力用户
10020,7,1,1,1,早期沉睡用户
1002005,4,1,1,2,活跃潜力用户
1002010,4,1,1,2,活跃潜力用户
1002020,1,4,4,2,活跃潜力用户
1002031,1,16,12,0,高价值忠诚用户
1002032,4,4,4,2,活跃潜力用户
1002034,2,5,5,0,高价值忠诚用户
100204,6,5,5,1,早期沉睡用户
1002040,4,3,3,2,活跃潜力用户
1002042,1,7,7,0,高价值忠诚用户
1002044,5,1,1,1,早期沉睡用户
1002046,6,8,8,0,高价值忠诚用户
1002058,6,1,1,1,早期沉睡用户
1002066,2,5,5,0,高价值忠诚用户
1002093,1,4,4,2,活跃潜力用户
1002095,4,4,3,2,活跃潜力用户
10021,3,1,1,2,活跃潜力用户
1002118,3,3,3,2,活跃潜力用户
1002127,1,2,2,2,活跃潜力用户
1002128,4,2,2,2,活跃潜力用户
1002132,6,5,5,1,早期沉睡用户
1002142,2,3,3,2,活跃潜力用户
1002147,6,1,1,1,早期沉睡用户
100215,2,3,3,2,活跃潜力用户
1002166,1,10,10,0,高价值忠诚用户
1002172,8,2,2,1,早期沉睡用户
1002180,1,2,1,2,活跃潜力用户
1002183,5,1,1,1,早期沉睡用户
1002185,2,7,7,0,高价值忠诚用户
1002188,1,3,3,2,活跃潜力用户
1002191,4,3,3,2,活跃潜力用户
1002194,1,3,3,2,活跃潜力用户
1002200,8,1,1,1,早期沉睡用户
1002201,2,5,5,0,高价值忠诚用户
1002202,6,3,3,1,早期沉睡用户
1002208,1,5,5,0,高价值忠诚用户
1002213,8,2,2,1,早期沉睡用户
1002218,1,2,2,2,活跃潜力用户
1002222,2,11,11,0,高价值忠诚用户
1002226,3,4,4,2,活跃潜力用户
1002228,3,10,7,0,高价值忠诚用户
1002237,2,9,9,0,高价值忠诚用户
1002246,1,8,8,0,高价值忠诚用户
100225,1,2,2,2,活跃潜力用户
1002251,2,5,5,0,高价值忠诚用户
1002254,2,2,2,2,活跃潜力用户
1002257,1,2,2,2,活跃潜力用户
1002260,3,1,1,2,活跃潜力用户
100227,1,1,1,2,活跃潜力用户
1002271,4,3,3,2,活跃潜力用户
1002291,9,1,1,1,早期沉睡用户
1002295,2,3,2,2,活跃潜力用户
1002306,5,1,1,1,早期沉睡用户
1002307,1,10,10,0,高价值忠诚用户
1002311,1,2,2,2,活跃潜力用户
1002315,1,1,1,2,活跃潜力用户
1002316,5,2,2,1,早期沉睡用户
1002317,1,3,3,2,活跃潜力用户
1002328,6,1,1,1,早期沉睡用户
1002330,5,3,3,1,早期沉睡用户
1002331,5,7,7,0,高价值忠诚用户
1002339,6,1,1,1,早期沉睡用户
100234,6,6,6,0,高价值忠诚用户
1002349,5,5,5,0,高价值忠诚用户
1002350,2,2,2,2,活跃潜力用户
1002358,1,10,8,0,高价值忠诚用户
1002375,1,1,1,2,活跃潜力用户
1002387,3,7,7,0,高价值忠诚用户
1002388,3,5,4,2,活跃潜力用户
1002392,2,3,3,2,活跃潜力用户
10024,2,6,6,0,高价值忠诚用户
1002413,8,5,4,1,早期沉睡用户
100242,4,5,5,0,高价值忠诚用户
1002421,3,1,1,2,活跃潜力用户
1002426,3,1,1,2,活跃潜力用户
1002428,4,3,3,2,活跃潜力用户
100243,1,2,2,2,活跃潜力用户
1002435,8,3,3,1,早期沉睡用户
1002449,2,5,5,0,高价值忠诚用户
1002453,7,1,1,1,早期沉睡用户
1002460,9,2,2,1,早期沉睡用户
1002478,7,1,1,1,早期沉睡用户
1002479,3,1,1,2,活跃潜力用户
1002484,5,1,1,1,早期沉睡用户
100249,6,2,2,1,早期沉睡用户
1002494,6,1,1,1,早期沉睡用户
1002508,4,1,1,2,活跃潜力用户
1002512,1,1,1,2,活跃潜力用户
1002520,1,4,4,2,活跃潜力用户
1002526,4,7,7,0,高价值忠诚用户
1002534,6,4,4,1,早期沉睡用户
1002542,2,1,1,2,活跃潜力用户
1002547,2,1,1,2,活跃潜力用户
1002564,3,2,2,2,活跃潜力用户
1002566,4,5,4,2,活跃潜力用户
100257,1,6,6,0,高价值忠诚用户
1002574,1,2,2,2,活跃潜力用户
1002578,1,4,4,2,活跃潜力用户
1002587,3,5,5,0,高价值忠诚用户
1002589,2,8,8,0,高价值忠诚用户
100259,4,1,1,2,活跃潜力用户
1002591,1,1,1,2,活跃潜力用户
1002593,7,1,1,1,早期沉睡用户
1002597,2,2,1,2,活跃潜力用户
100261,1,2,2,2,活跃潜力用户
1002618,1,7,7,0,高价值忠诚用户
1002637,2,7,6,0,高价值忠诚用户
100264,2,2,2,2,活跃潜力用户
1002642,1,1,1,2,活跃潜力用户
1002661,2,1,1,2,活跃潜力用户
1002672,2,3,3,2,活跃潜力用户
1002684,1,2,2,2,活跃潜力用户
1002685,3,4,4,2,活跃潜力用户
1002696,2,2,2,2,活跃潜力用户
10027,3,3,3,2,活跃潜力用户
1002705,7,7,7,0,高价值忠诚用户
1002714,2,3,3,2,活跃潜力用户
1002725,6,2,2,1,早期沉睡用户
1002756,1,2,2,2,活跃潜力用户
1002763,3,12,12,0,高价值忠诚用户
1002766,4,1,1,2,活跃潜力用户
1002767,1,1,1,2,活跃潜力用户
100277,7,1,1,1,早期沉睡用户
1002771,1,1,1,2,活跃潜力用户
100279,1,3,1,2,活跃潜力用户
1002793,2,1,1,2,活跃潜力用户
1002831,1,2,2,2,活跃潜力用户
100284,6,1,1,1,早期沉睡用户
1002846,4,1,1,2,活跃潜力用户
1002847,2,3,3,2,活跃潜力用户
100285,2,1,1,2,活跃潜力用户
1002862,1,2,2,2,活跃潜力用户
1002878,1,3,3,2,活跃潜力用户
1002886,5,7,7,0,高价值忠诚用户
1002890,1,1,1,2,活跃潜力用户
1002909,1,6,6,0,高价值忠诚用户
100292,7,2,2,1,早期沉睡用户
1002927,3,5,5,0,高价值忠诚用户
1002928,3,5,5,0,高价值忠诚用户
1002931,2,2,2,2,活跃潜力用户
1002934,1,4,4,2,活跃潜力用户
100294,1,5,5,0,高价值忠诚用户
1002940,4,4,4,2,活跃潜力用户
1002943,2,2,2,2,活跃潜力用户
1002970,1,6,6,0,高价值忠诚用户
1002975,3,1,1,2,活跃潜力用户
1002980,9,1,1,1,早期沉睡用户
1002992,2,2,2,2,活跃潜力用户
1002996,9,1,1,1,早期沉睡用户
1003022,1,8,8,0,高价值忠诚用户
1003027,1,4,4,2,活跃潜力用户
1003041,1,4,2,2,活跃潜力用户
1003044,5,3,3,1,早期沉睡用户
1003047,5,2,1,1,早期沉睡用户
1003052,2,1,1,2,活跃潜力用户
1003057,2,1,1,2,活跃潜力用户
1003063,2,2,2,2,活跃潜力用户
1003065,3,5,5,0,高价值忠诚用户
100307,4,2,2,2,活跃潜力用户
1003071,3,1,1,2,活跃潜力用户
1003073,1,1,1,2,活跃潜力用户
1003076,3,3,3,2,活跃潜力用户
100308,6,1,1,1,早期沉睡用户
1003093,4,1,1,2,活跃潜力用户
1003095,6,4,4,1,早期沉睡用户
1003110,7,2,2,1,早期沉睡用户
1003122,7,1,1,1,早期沉睡用户
1003123,1,1,1,2,活跃潜力用户
1003124,9,1,1,1,早期沉睡用户
100313,2,1,1,2,活跃潜力用户
1003131,2,5,5,0,高价值忠诚用户
1003152,6,2,2,1,早期沉睡用户
1003157,4,2,1,2,活跃潜力用户
1003163,7,5,5,1,早期沉睡用户
1003171,1,2,2,2,活跃潜力用户
1003176,2,2,2,2,活跃潜力用户
1003177,4,6,6,0,高价值忠诚用户
100318,1,2,2,2,活跃潜力用户
1003183,1,4,4,2,活跃潜力用户
1003184,5,2,2,1,早期沉睡用户
1003190,2,1,1,2,活跃潜力用户
1003191,3,6,6,0,高价值忠诚用户
1003199,8,1,1,1,早期沉睡用户
1003200,1,5,4,2,活跃潜力用户
1003221,9,1,1,1,早期沉睡用户
1003226,3,1,1,2,活跃潜力用户
1003227,4,1,1,2,活跃潜力用户
1003230,4,1,1,2,活跃潜力用户
1003239,1,3,3,2,活跃潜力用户
100324,6,2,2,1,早期沉睡用户
1003249,1,6,6,0,高价值忠诚用户
1003250,1,1,1,2,活跃潜力用户
1003264,1,3,3,2,活跃潜力用户
1003273,1,4,4,2,活跃潜力用户
1003274,6,1,1,1,早期沉睡用户
1003281,6,1,1,1,早期沉睡用户
1003283,3,1,1,2,活跃潜力用户
1003292,2,1,1,2,活跃潜力用户
1003293,8,1,1,1,早期沉睡用户
1003296,2,2,2,2,活跃潜力用户
1003298,9,1,1,1,早期沉睡用户
1003306,7,1,1,1,早期沉睡用户
1003319,3,3,3,2,活跃潜力用户
1003321,1,6,6,0,高价值忠诚用户
1003326,3,1,1,2,活跃潜力用户
1003329,7,2,2,1,早期沉睡用户
1003332,2,3,3,2,活跃潜力用户
1003341,2,3,3,2,活跃潜力用户
1003343,7,3,3,1,早期沉睡用户
1003348,1,1,1,2,活跃潜力用户
1003351,1,5,2,2,活跃潜力用户
1003359,8,1,1,1,早期沉睡用户
100339,8,1,1,1,早期沉睡用户
1003390,2,4,4,2,活跃潜力用户
1003397,4,2,2,2,活跃潜力用户
10034,1,4,4,2,活跃潜力用户
100340,3,3,3,2,活跃潜力用户
1003410,2,2,2,2,活跃潜力用户
1003422,1,3,3,2,活跃潜力用户
1003428,2,8,7,0,高价值忠诚用户
1003432,6,1,1,1,早期沉睡用户
1003440,3,2,1,2,活跃潜力用户
1003457,4,1,1,2,活跃潜力用户
100346,4,1,1,2,活跃潜力用户
1003463,1,1,1,2,活跃潜力用户
1003467,7,1,1,1,早期沉睡用户
1003475,8,1,1,1,早期沉睡用户
1003479,8,2,2,1,早期沉睡用户
1003492,3,2,2,2,活跃潜力用户
1003499,9,1,1,1,早期沉睡用户
10035,7,4,4,1,早期沉睡用户
1003509,1,4,4,2,活跃潜力用户
1003510,1,7,7,0,高价值忠诚用户
1003512,8,1,1,1,早期沉睡用户
1003514,1,2,2,2,活跃潜力用户
1003531,8,3,3,1,早期沉睡用户
1003550,5,2,2,1,早期沉睡用户
1003553,8,2,2,1,早期沉睡用户
1003559,1,4,4,2,活跃潜力用户
100356,1,6,6,0,高价值忠诚用户
1003561,1,4,3,2,活跃潜力用户
1003562,1,4,4,2,活跃潜力用户
100357,2,2,2,2,活跃潜力用户
1003571,5,2,2,1,早期沉睡用户
1003584,4,2,2,2,活跃潜力用户
1003586,2,5,5,0,高价值忠诚用户
1003598,4,1,1,2,活跃潜力用户
1003610,3,3,3,2,活跃潜力用户
1003611,4,6,5,0,高价值忠诚用户
1003612,4,1,1,2,活跃潜力用户
1003627,1,2,2,2,活跃潜力用户
1003628,1,4,4,2,活跃潜力用户
1003629,3,1,1,2,活跃潜力用户
100363,6,2,2,1,早期沉睡用户
1003643,6,3,3,1,早期沉睡用户
1003656,1,6,6,0,高价值忠诚用户
1003685,9,1,1,1,早期沉睡用户
1003693,3,1,1,2,活跃潜力用户
100370,1,2,2,2,活跃潜力用户
1003703,5,2,2,1,早期沉睡用户
1003707,1,3,3,2,活跃潜力用户
1003711,4,3,3,2,活跃潜力用户
1003716,1,9,9,0,高价值忠诚用户
1003724,3,5,5,0,高价值忠诚用户
1003725,2,1,1,2,活跃潜力用户
1003733,8,1,1,1,早期沉睡用户
1003740,3,3,3,2,活跃潜力用户
1003743,5,1,1,1,早期沉睡用户
1003748,1,1,1,2,活跃潜力用户
1003756,5,1,1,1,早期沉睡用户
1003757,2,1,1,2,活跃潜力用户
1003761,2,1,1,2,活跃潜力用户
1003766,1,2,2,2,活跃潜力用户
1003767,5,3,3,1,早期沉睡用户
100377,1,3,2,2,活跃潜力用户
1003781,2,5,4,2,活跃潜力用户
1003782,1,2,2,2,活跃潜力用户
1003792,4,1,1,2,活跃潜力用户
1003807,4,1,1,2,活跃潜力用户
1003821,1,2,2,2,活跃潜力用户
1003826,1,10,10,0,高价值忠诚用户
1003837,3,6,5,0,高价值忠诚用户
1003838,2,3,3,2,活跃潜力用户
1003846,3,2,2,2,活跃潜力用户
1003855,9,1,1,1,早期沉睡用户
1003863,1,1,1,2,活跃潜力用户
1003866,2,1,1,2,活跃潜力用户
1003867,1,2,2,2,活跃潜力用户
1003871,3,3,3,2,活跃潜力用户
1003875,8,1,1,1,早期沉睡用户
100388,1,3,3,2,活跃潜力用户
1003885,2,4,3,2,活跃潜力用户
1003887,4,1,1,2,活跃潜力用户
1003893,1,1,1,2,活跃潜力用户
1003894,6,1,1,1,早期沉睡用户
1003901,2,31,30,3,超级用户
1003906,1,9,7,0,高价值忠诚用户
1003912,8,1,1,1,早期沉睡用户
1003914,6,1,1,1,早期沉睡用户
1003938,2,2,2,2,活跃潜力用户
1003940,1,3,3,2,活跃潜力用户
1003941,7,4,4,1,早期沉睡用户
1003947,7,1,1,1,早期沉睡用户
100395,2,2,2,2,活跃潜力用户
1003961,1,1,1,2,活跃潜力用户
1003965,8,2,2,1,早期沉睡用户
1003975,2,5,5,0,高价值忠诚用户
1003979,5,2,2,1,早期沉睡用户
1003983,1,43,40,3,超级用户
1003988,1,2,1,2,活跃潜力用户
1003991,3,1,1,2,活跃潜力用户
1003993,2,1,1,2,活跃潜力用户
1003998,2,2,2,2,活跃潜力用户
1004001,1,1,1,2,活跃潜力用户
1004002,1,1,1,2,活跃潜力用户
100401,8,2,2,1,早期沉睡用户
1004019,2,2,2,2,活跃潜力用户
1004020,5,1,1,1,早期沉睡用户
1004021,2,3,3,2,活跃潜力用户
1004026,1,1,1,2,活跃潜力用户
1004032,2,2,2,2,活跃潜力用户
1004068,1,4,4,2,活跃潜力用户
1004073,6,1,1,1,早期沉睡用户
1004075,2,4,4,2,活跃潜力用户
1004082,1,2,2,2,活跃潜力用户
1004087,9,2,1,1,早期沉睡用户
1004096,2,12,12,0,高价值忠诚用户
1004106,4,3,2,2,活跃潜力用户
1004115,9,1,1,1,早期沉睡用户
1004118,3,1,1,2,活跃潜力用户
1004122,7,3,3,1,早期沉睡用户
1004140,3,1,1,2,活跃潜力用户
1004146,1,1,1,2,活跃潜力用户
1004161,1,2,2,2,活跃潜力用户
1004165,4,4,4,2,活跃潜力用户
1004172,1,5,5,0,高价值忠诚用户
1004183,1,2,2,2,活跃潜力用户
1004192,9,3,3,1,早期沉睡用户
1004196,6,2,2,1,早期沉睡用户
1004201,8,1,1,1,早期沉睡用户
1004207,2,1,1,2,活跃潜力用户
1004212,5,3,3,1,早期沉睡用户
1004228,4,6,5,0,高价值忠诚用户
1004232,5,3,3,1,早期沉睡用户
1004238,4,8,8,0,高价值忠诚用户
1004246,4,1,1,2,活跃潜力用户
1004259,3,3,2,2,活跃潜力用户
1004269,1,4,3,2,活跃潜力用户
1004274,4,2,2,2,活跃潜力用户
1004277,3,1,1,2,活跃潜力用户
100428,6,1,1,1,早期沉睡用户
1004282,1,1,1,2,活跃潜力用户
1004289,7,1,1,1,早期沉睡用户
1004296,6,2,2,1,早期沉睡用户
1004298,6,2,2,1,早期沉睡用户
1004302,2,1,1,2,活跃潜力用户
1004303,9,1,1,1,早期沉睡用户
1004319,3,1,1,2,活跃潜力用户
1004327,3,5,5,0,高价值忠诚用户
1004335,1,3,3,2,活跃潜力用户
1004337,1,6,6,0,高价值忠诚用户
1004339,2,5,5,0,高价值忠诚用户
1004341,5,3,3,1,早期沉睡用户
1004350,2,2,2,2,活跃潜力用户
1004353,3,1,1,2,活跃潜力用户
1004354,1,1,1,2,活跃潜力用户
1004357,2,3,3,2,活跃潜力用户
1004362,4,1,1,2,活跃潜力用户
1004366,2,3,3,2,活跃潜力用户
1004368,5,2,2,1,早期沉睡用户
1004378,3,2,2,2,活跃潜力用户
1004381,1,5,4,2,活跃潜力用户
1004396,2,2,2,2,活跃潜力用户
10044,6,2,2,1,早期沉睡用户
100440,1,1,1,2,活跃潜力用户
1004403,6,2,2,1,早期沉睡用户
1004405,2,2,2,2,活跃潜力用户
1004406,6,3,3,1,早期沉睡用户
1004410,5,2,2,1,早期沉睡用户
1004413,3,2,2,2,活跃潜力用户
1004420,5,3,3,1,早期沉睡用户
1004426,2,1,1,2,活跃潜力用户
1004427,9,1,1,1,早期沉睡用户
1004441,1,1,1,2,活跃潜力用户
1004442,4,4,4,2,活跃潜力用户
1004443,5,1,1,1,早期沉睡用户
1004444,1,2,2,2,活跃潜力用户
1004446,2,2,2,2,活跃潜力用户
1004448,1,7,5,0,高价值忠诚用户
1004454,7,2,2,1,早期沉睡用户
1004458,2,12,11,0,高价值忠诚用户
1004463,6,9,9,0,高价值忠诚用户
1004466,6,2,2,1,早期沉睡用户
1004467,2,1,1,2,活跃潜力用户
1004471,6,3,3,1,早期沉睡用户
1004474,4,1,1,2,活跃潜力用户
1004477,1,3,3,2,活跃潜力用户
1004490,4,3,3,2,活跃潜力用户
1004497,2,1,1,2,活跃潜力用户
10045,3,1,1,2,活跃潜力用户
1004504,3,4,4,2,活跃潜力用户
100451,1,3,3,2,活跃潜力用户
1004516,5,2,2,1,早期沉睡用户
1004523,4,6,6,0,高价值忠诚用户
100453,1,1,1,2,活跃潜力用户
1004533,1,2,2,2,活跃潜力用户
1004538,2,3,3,2,活跃潜力用户
1004555,1,2,2,2,活跃潜力用户
1004560,3,4,4,2,活跃潜力用户
1004562,1,1,1,2,活跃潜力用户
1004565,2,2,2,2,活跃潜力用户
1004570,2,1,1,2,活跃潜力用户
1004572,3,6,6,0,高价值忠诚用户
1004577,2,3,3,2,活跃潜力用户
1004580,5,1,1,1,早期沉睡用户
1004584,1,15,14,0,高价值忠诚用户
1004599,2,1,1,2,活跃潜力用户
1004603,3,6,6,0,高价值忠诚用户
1004604,8,1,1,1,早期沉睡用户
1004606,4,3,3,2,活跃潜力用户
1004608,5,1,1,1,早期沉睡用户
1004611,8,1,1,1,早期沉睡用户
1004651,3,3,3,2,活跃潜力用户
1004659,2,2,2,2,活跃潜力用户
1004663,1,6,5,0,高价值忠诚用户
1004681,1,3,3,2,活跃潜力用户
1004682,1,3,3,2,活跃潜力用户
1004684,4,1,1,2,活跃潜力用户
1004701,5,2,2,1,早期沉睡用户
1004726,1,10,8,0,高价值忠诚用户
1004730,2,3,3,2,活跃潜力用户
1004737,3,2,2,2,活跃潜力用户
1004743,2,2,2,2,活跃潜力用户
1004745,2,8,3,0,高价值忠诚用户
1004751,1,2,2,2,活跃潜力用户
100477,1,6,6,0,高价值忠诚用户
1004775,8,1,1,1,早期沉睡用户
1004778,6,1,1,1,早期沉睡用户
1004785,2,6,5,0,高价值忠诚用户
1004792,2,7,7,0,高价值忠诚用户
1004800,5,1,1,1,早期沉睡用户
1004807,1,5,5,0,高价值忠诚用户
1004810,1,2,2,2,活跃潜力用户
1004829,3,2,2,2,活跃潜力用户
100483,2,6,6,0,高价值忠诚用户
1004834,1,2,2,2,活跃潜力用户
1004835,2,8,8,0,高价值忠诚用户
1004839,1,4,4,2,活跃潜力用户
1004841,2,2,2,2,活跃潜力用户
1004842,4,1,1,2,活跃潜力用户
1004862,2,2,2,2,活跃潜力用户
1004879,5,6,6,0,高价值忠诚用户
1004881,4,19,19,0,高价值忠诚用户
1004886,3,1,1,2,活跃潜力用户
1004895,1,3,3,2,活跃潜力用户
10049,1,1,1,2,活跃潜力用户
1004906,1,3,3,2,活跃潜力用户
1004929,6,2,1,1,早期沉睡用户
100493,5,2,2,1,早期沉睡用户
1004936,1,2,2,2,活跃潜力用户
1004944,2,1,1,2,活跃潜力用户
1004945,4,4,4,2,活跃潜力用户
1004958,7,4,4,1,早期沉睡用户
1004960,8,1,1,1,早期沉睡用户
1004964,2,6,6,0,高价值忠诚用户
1004973,2,2,2,2,活跃潜力用户
1004974,1,2,2,2,活跃潜力用户
1004993,2,2,2,2,活跃潜力用户
100501,5,1,1,1,早期沉睡用户
1005016,3,2,1,2,活跃潜力用户
1005022,8,1,1,1,早期沉睡用户
1005035,1,1,1,2,活跃潜力用户
1005055,3,3,3,2,活跃潜力用户
1005070,2,1,1,2,活跃潜力用户
1005074,1,6,4,0,高价值忠诚用户
1005077,1,2,2,2,活跃潜力用户
1005082,1,2,2,2,活跃潜力用户
1005085,5,1,1,1,早期沉睡用户
1005103,2,2,1,2,活跃潜力用户
1005115,2,1,1,2,活跃潜力用户
1005117,7,1,1,1,早期沉睡用户
1005124,1,10,10,0,高价值忠诚用户
1005129,9,1,1,1,早期沉睡用户
1005131,5,1,1,1,早期沉睡用户
1005134,4,2,2,2,活跃潜力用户
1005135,2,1,1,2,活跃潜力用户
1005166,1,5,5,0,高价值忠诚用户
1005179,6,2,2,1,早期沉睡用户
1005186,6,2,2,1,早期沉睡用户
1005188,2,2,2,2,活跃潜力用户
1005196,2,1,1,2,活跃潜力用户
1005215,6,2,1,1,早期沉睡用户
1005218,6,2,2,1,早期沉睡用户
100523,6,3,3,1,早期沉睡用户
1005233,4,3,3,2,活跃潜力用户
1005249,1,1,1,2,活跃潜力用户
1005256,3,1,1,2,活跃潜力用户
1005257,1,1,1,2,活跃潜力用户
1005259,1,21,20,0,高价值忠诚用户
1005268,7,1,1,1,早期沉睡用户
1005269,6,3,3,1,早期沉睡用户
100528,1,6,6,0,高价值忠诚用户
1005281,3,3,2,2,活跃潜力用户
1005283,3,2,2,2,活跃潜力用户
1005284,1,11,10,0,高价值忠诚用户
1005292,1,4,4,2,活跃潜力用户
1005293,4,4,4,2,活跃潜力用户
1005294,2,5,5,0,高价值忠诚用户
10053,5,1,1,1,早期沉睡用户
1005304,1,1,1,2,活跃潜力用户
100531,3,2,2,2,活跃潜力用户
1005311,6,2,2,1,早期沉睡用户
1005313,5,2,2,1,早期沉睡用户
1005314,5,1,1,1,早期沉睡用户
1005319,3,1,1,2,活跃潜力用户
1005320,2,3,3,2,活跃潜力用户
1005324,2,4,4,2,活跃潜力用户
1005329,2,1,1,2,活跃潜力用户
1005337,2,5,5,0,高价值忠诚用户
1005338,4,4,3,2,活跃潜力用户
1005345,8,3,3,1,早期沉睡用户
1005346,8,1,1,1,早期沉睡用户
1005366,4,2,2,2,活跃潜力用户
1005383,6,1,1,1,早期沉睡用户
100540,4,4,4,2,活跃潜力用户
1005401,4,2,2,2,活跃潜力用户
1005407,1,4,4,2,活跃潜力用户
1005412,5,1,1,1,早期沉睡用户
1005413,5,1,1,1,早期沉睡用户
1005414,1,4,4,2,活跃潜力用户
1005417,4,5,5,0,高价值忠诚用户
1005419,1,7,5,0,高价值忠诚用户
1005422,2,3,3,2,活跃潜力用户
1005430,3,2,2,2,活跃潜力用户
1005431,7,1,1,1,早期沉睡用户
1005442,2,1,1,2,活跃潜力用户
1005444,2,1,1,2,活跃潜力用户
1005455,7,3,3,1,早期沉睡用户
1005459,2,1,1,2,活跃潜力用户
1005468,4,1,1,2,活跃潜力用户
1005472,3,1,1,2,活跃潜力用户
1005473,1,1,1,2,活跃潜力用户
1005474,1,4,4,2,活跃潜力用户
1005482,5,3,3,1,早期沉睡用户
1005487,1,1,1,2,活跃潜力用户
1005490,2,1,1,2,活跃潜力用户
1005498,3,5,5,0,高价值忠诚用户
1005501,1,2,2,2,活跃潜力用户
1005502,2,3,2,2,活跃潜力用户
1005505,5,2,2,1,早期沉睡用户
1005507,1,1,1,2,活跃潜力用户
1005521,5,3,3,1,早期沉睡用户
1005522,7,1,1,1,早期沉睡用户
1005524,6,1,1,1,早期沉睡用户
1005541,6,2,2,1,早期沉睡用户
1005545,1,2,2,2,活跃潜力用户
1005548,3,2,2,2,活跃潜力用户
1005551,3,3,2,2,活跃潜力用户
1005559,1,3,3,2,活跃潜力用户
1005564,3,5,5,0,高价值忠诚用户
1005571,5,3,3,1,早期沉睡用户
1005572,4,3,3,2,活跃潜力用户
1005585,2,2,1,2,活跃潜力用户
100561,2,2,2,2,活跃潜力用户
1005616,8,7,7,0,高价值忠诚用户
1005626,4,3,3,2,活跃潜力用户
1005627,8,1,1,1,早期沉睡用户
1005649,6,12,12,0,高价值忠诚用户
1005659,5,1,1,1,早期沉睡用户
1005661,4,3,3,2,活跃潜力用户
100567,4,2,2,2,活跃潜力用户
1005681,1,2,2,2,活跃潜力用户
1005688,2,7,7,0,高价值忠诚用户
1005693,8,1,1,1,早期沉睡用户
1005694,4,1,1,2,活跃潜力用户
10057,2,5,5,0,高价值忠诚用户
1005701,7,2,2,1,早期沉睡用户
1005703,6,8,6,0,高价值忠诚用户
1005704,1,4,3,2,活跃潜力用户
1005705,2,2,2,2,活跃潜力用户
1005706,5,1,1,1,早期沉睡用户
1005707,3,3,3,2,活跃潜力用户
1005709,1,15,15,0,高价值忠诚用户
1005712,1,5,5,0,高价值忠诚用户
1005713,3,4,4,2,活跃潜力用户
1005738,1,2,2,2,活跃潜力用户
1005742,1,4,4,2,活跃潜力用户
1005744,8,1,1,1,早期沉睡用户
1005746,1,7,7,0,高价值忠诚用户
1005752,2,4,4,2,活跃潜力用户
1005758,2,4,4,2,活跃潜力用户
1005760,3,4,4,2,活跃潜力用户
1005766,2,1,1,2,活跃潜力用户
1005767,1,1,1,2,活跃潜力用户
1005771,1,2,2,2,活跃潜力用户
1005775,3,1,1,2,活跃潜力用户
1005779,1,2,2,2,活跃潜力用户
1005785,3,2,2,2,活跃潜力用户
1005787,5,2,2,1,早期沉睡用户
1005788,6,1,1,1,早期沉睡用户
100580,5,6,6,0,高价值忠诚用户
1005807,1,4,4,2,活跃潜力用户
1005822,2,2,2,2,活跃潜力用户
1005832,4,6,6,0,高价值忠诚用户
1005834,8,2,2,1,早期沉睡用户
1005837,8,1,1,1,早期沉睡用户
1005838,1,4,4,2,活跃潜力用户
1005845,2,5,5,0,高价值忠诚用户
1005860,6,3,3,1,早期沉睡用户
1005864,2,2,2,2,活跃潜力用户
1005866,7,4,4,1,早期沉睡用户
1005874,3,4,4,2,活跃潜力用户
1005877,6,3,3,1,早期沉睡用户
1005880,2,1,1,2,活跃潜力用户
1005897,2,3,3,2,活跃潜力用户
1005906,6,3,3,1,早期沉睡用户
1005909,2,3,3,2,活跃潜力用户
1005910,5,2,2,1,早期沉睡用户
1005916,1,8,7,0,高价值忠诚用户
1005924,4,5,5,0,高价值忠诚用户
1005939,4,1,1,2,活跃潜力用户
1005945,4,2,2,2,活跃潜力用户
100595,4,2,2,2,活跃潜力用户
1005952,5,3,3,1,早期沉睡用户
1005953,4,3,3,2,活跃潜力用户
1005961,1,4,4,2,活跃潜力用户
1005981,3,1,1,2,活跃潜力用户
1005982,2,2,2,2,活跃潜力用户
1005985,3,5,5,0,高价值忠诚用户
100599,1,6,5,0,高价值忠诚用户
1005990,2,3,2,2,活跃潜力用户
1005995,1,6,5,0,高价值忠诚用户
1005996,1,2,2,2,活跃潜力用户
100600,2,3,2,2,活跃潜力用户
1006002,1,1,1,2,活跃潜力用户
1006003,3,5,4,2,活跃潜力用户
1006015,6,2,2,1,早期沉睡用户
1006021,5,1,1,1,早期沉睡用户
1006028,7,1,1,1,早期沉睡用户
1006040,1,2,2,2,活跃潜力用户
1006063,4,1,1,2,活跃潜力用户
1006079,1,1,1,2,活跃潜力用户
1006084,3,1,1,2,活跃潜力用户
1006097,3,4,4,2,活跃潜力用户
1006102,5,1,1,1,早期沉睡用户
1006110,2,7,7,0,高价值忠诚用户
1006121,6,1,1,1,早期沉睡用户
1006126,9,3,3,1,早期沉睡用户
100614,4,2,2,2,活跃潜力用户
1006141,2,9,8,0,高价值忠诚用户
100615,4,2,2,2,活跃潜力用户
1006159,2,3,3,2,活跃潜力用户
1006173,7,3,3,1,早期沉睡用户
1006178,6,1,1,1,早期沉睡用户
1006181,5,3,3,1,早期沉睡用户
1006204,4,3,3,2,活跃潜力用户
1006207,1,3,3,2,活跃潜力用户
1006224,2,3,3,2,活跃潜力用户
1006236,5,1,1,1,早期沉睡用户
1006252,3,5,5,0,高价值忠诚用户
1006255,7,2,2,1,早期沉睡用户
1006260,1,1,1,2,活跃潜力用户
1006261,2,1,1,2,活跃潜力用户
1006262,1,12,10,0,高价值忠诚用户
1006267,2,6,6,0,高价值忠诚用户
1006274,1,8,8,0,高价值忠诚用户
1006288,4,1,1,2,活跃潜力用户
1006306,7,2,2,1,早期沉睡用户
1006307,1,12,11,0,高价值忠诚用户
1006309,4,1,1,2,活跃潜力用户
1006312,3,5,5,0,高价值忠诚用户
1006317,4,1,1,2,活跃潜力用户
1006322,3,5,5,0,高价值忠诚用户
1006336,6,1,1,1,早期沉睡用户
1006351,9,1,1,1,早期沉睡用户
1006354,8,3,3,1,早期沉睡用户
1006389,5,5,5,0,高价值忠诚用户
1006392,5,2,2,1,早期沉睡用户
1006394,2,1,1,2,活跃潜力用户
1006395,6,3,3,1,早期沉睡用户
1006398,2,1,1,2,活跃潜力用户
1006402,2,6,6,0,高价值忠诚用户
1006403,1,2,2,2,活跃潜力用户
1006404,1,3,3,2,活跃潜力用户
1006405,2,3,3,2,活跃潜力用户
1006407,8,2,1,1,早期沉睡用户
100641,2,1,1,2,活跃潜力用户
1006411,1,2,2,2,活跃潜力用户
1006422,1,2,2,2,活跃潜力用户
1006432,4,3,3,2,活跃潜力用户
1006439,7,1,1,1,早期沉睡用户
1006446,1,8,8,0,高价值忠诚用户
1006448,5,4,4,1,早期沉睡用户
1006451,5,5,5,0,高价值忠诚用户
1006453,1,4,4,2,活跃潜力用户
1006469,2,5,3,2,活跃潜力用户
1006470,4,1,1,2,活跃潜力用户
1006471,3,7,7,0,高价值忠诚用户
1006480,1,1,1,2,活跃潜力用户
1006481,3,1,1,2,活跃潜力用户
1006482,2,6,5,0,高价值忠诚用户
1006495,7,1,1,1,早期沉睡用户
1006498,8,1,1,1,早期沉睡用户
1006510,5,3,3,1,早期沉睡用户
1006513,2,3,3,2,活跃潜力用户
1006525,2,3,3,2,活跃潜力用户
1006538,2,2,2,2,活跃潜力用户
1006543,3,1,1,2,活跃潜力用户
1006553,1,5,5,0,高价值忠诚用户
1006563,8,1,1,1,早期沉睡用户
1006566,1,2,2,2,活跃潜力用户
1006582,1,5,5,0,高价值忠诚用户
1006585,2,1,1,2,活跃潜力用户
1006586,6,3,3,1,早期沉睡用户
1006590,7,1,1,1,早期沉睡用户
1006593,3,1,1,2,活跃潜力用户
1006597,1,12,10,0,高价值忠诚用户
1006601,3,3,2,2,活跃潜力用户
1006616,4,12,11,0,高价值忠诚用户
1006618,7,1,1,1,早期沉睡用户
100663,2,4,4,2,活跃潜力用户
1006634,8,1,1,1,早期沉睡用户
100664,6,1,1,1,早期沉睡用户
1006647,7,1,1,1,早期沉睡用户
1006651,4,5,5,0,高价值忠诚用户
1006652,1,1,1,2,活跃潜力用户
1006653,1,9,9,0,高价值忠诚用户
1006660,2,2,2,2,活跃潜力用户
1006666,2,3,3,2,活跃潜力用户
1006670,7,1,1,1,早期沉睡用户
1006678,5,1,1,1,早期沉睡用户
1006698,1,2,2,2,活跃潜力用户
1006704,7,1,1,1,早期沉睡用户
1006707,1,4,4,2,活跃潜力用户
1006736,4,2,2,2,活跃潜力用户
1006740,5,4,4,1,早期沉睡用户
1006745,5,14,14,0,高价值忠诚用户
1006754,4,2,2,2,活跃潜力用户
1006765,1,5,5,0,高价值忠诚用户
1006767,5,2,2,1,早期沉睡用户
1006768,2,2,2,2,活跃潜力用户
1006777,3,2,2,2,活跃潜力用户
100678,1,11,7,0,高价值忠诚用户
1006784,6,1,1,1,早期沉睡用户
1006803,5,3,3,1,早期沉睡用户
1006817,2,1,1,2,活跃潜力用户
1006823,7,2,2,1,早期沉睡用户
1006850,5,1,1,1,早期沉睡用户
1006851,3,5,5,0,高价值忠诚用户
1006864,4,4,2,2,活跃潜力用户
1006870,2,1,1,2,活跃潜力用户
1006872,1,23,17,0,高价值忠诚用户
100688,5,2,2,1,早期沉睡用户
1006887,3,8,6,0,高价值忠诚用户
1006889,1,6,6,0,高价值忠诚用户
1006894,6,4,4,1,早期沉睡用户
1006897,1,16,15,0,高价值忠诚用户
1006917,5,1,1,1,早期沉睡用户
1006919,1,3,3,2,活跃潜力用户
1006920,1,7,7,0,高价值忠诚用户
1006925,9,1,1,1,早期沉睡用户
1006935,4,4,4,2,活跃潜力用户
1006938,1,3,3,2,活跃潜力用户
1006939,4,2,2,2,活跃潜力用户
1006940,6,2,2,1,早期沉睡用户
1006943,6,1,1,1,早期沉睡用户
1006954,4,3,3,2,活跃潜力用户
1006964,1,4,4,2,活跃潜力用户
1006977,4,1,1,2,活跃潜力用户
1006984,1,1,1,2,活跃潜力用户
1006992,3,2,2,2,活跃潜力用户
100700,7,2,2,1,早期沉睡用户
1007004,1,4,4,2,活跃潜力用户
1007006,3,1,1,2,活跃潜力用户
1007017,4,2,2,2,活跃潜力用户
100702,4,1,1,2,活跃潜力用户
1007020,3,4,4,2,活跃潜力用户
1007027,1,3,3,2,活跃潜力用户
1007028,6,1,1,1,早期沉睡用户
1007031,5,2,2,1,早期沉睡用户
1007035,1,13,13,0,高价值忠诚用户
1007037,2,2,2,2,活跃潜力用户
1007046,6,2,2,1,早期沉睡用户
1007057,7,1,1,1,早期沉睡用户
1007058,2,2,2,2,活跃潜力用户
1007071,1,24,24,3,超级用户
1007076,3,3,3,2,活跃潜力用户
1007077,2,1,1,2,活跃潜力用户
1007078,1,15,15,0,高价值忠诚用户
1007082,1,3,3,2,活跃潜力用户
1007088,2,2,2,2,活跃潜力用户
1007094,1,1,1,2,活跃潜力用户
1007112,1,5,5,0,高价值忠诚用户
100712,5,1,1,1,早期沉睡用户
1007123,3,3,3,2,活跃潜力用户
1007148,1,7,7,0,高价值忠诚用户
1007155,3,4,4,2,活跃潜力用户
1007163,2,5,5,0,高价值忠诚用户
1007171,1,4,4,2,活跃潜力用户
1007181,3,9,8,0,高价值忠诚用户
100719,8,1,1,1,早期沉睡用户
1007190,1,4,4,2,活跃潜力用户
1007192,1,2,2,2,活跃潜力用户
1007200,7,1,1,1,早期沉睡用户
1007201,2,2,2,2,活跃潜力用户
1007202,2,1,1,2,活跃潜力用户
1007217,7,1,1,1,早期沉睡用户
1007221,9,1,1,1,早期沉睡用户
1007222,2,1,1,2,活跃潜力用户
1007225,1,4,4,2,活跃潜力用户
1007231,5,6,4,1,早期沉睡用户
1007246,1,1,1,2,活跃潜力用户
1007248,2,4,4,2,活跃潜力用户
1007250,2,1,1,2,活跃潜力用户
1007253,2,4,4,2,活跃潜力用户
1007255,3,5,5,0,高价值忠诚用户
1007260,5,1,1,1,早期沉睡用户
1007274,1,1,1,2,活跃潜力用户
1007275,2,1,1,2,活跃潜力用户
1007280,7,1,1,1,早期沉睡用户
1007294,1,4,4,2,活跃潜力用户
1007313,1,1,1,2,活跃潜力用户
1007314,9,1,1,1,早期沉睡用户
1007317,4,2,2,2,活跃潜力用户
1007319,1,7,7,0,高价值忠诚用户
1007323,4,1,1,2,活跃潜力用户
1007334,9,1,1,1,早期沉睡用户
1007335,1,16,9,0,高价值忠诚用户
1007339,1,2,2,2,活跃潜力用户
100734,2,2,2,2,活跃潜力用户
1007349,2,4,4,2,活跃潜力用户
1007353,6,2,2,1,早期沉睡用户
1007356,2,3,3,2,活跃潜力用户
1007371,4,1,1,2,活跃潜力用户
1007387,1,7,7,0,高价值忠诚用户
1007388,5,2,2,1,早期沉睡用户
1007391,3,3,3,2,活跃潜力用户
1007393,1,2,2,2,活跃潜力用户
1007396,9,2,2,1,早期沉睡用户
100740,2,3,3,2,活跃潜力用户
1007401,2,2,2,2,活跃潜力用户
1007402,4,3,3,2,活跃潜力用户
1007441,2,2,2,2,活跃潜力用户
1007445,2,2,2,2,活跃潜力用户
1007452,2,2,2,2,活跃潜力用户
1007453,1,6,6,0,高价值忠诚用户
1007476,1,3,3,2,活跃潜力用户
1007479,1,4,4,2,活跃潜力用户
1007484,3,3,3,2,活跃潜力用户
1007486,4,1,1,2,活跃潜力用户
1007495,9,1,1,1,早期沉睡用户
10075,5,2,2,1,早期沉睡用户
1007501,1,9,9,0,高价值忠诚用户
1007503,1,2,2,2,活跃潜力用户
1007506,2,1,1,2,活跃潜力用户
1007511,4,2,1,2,活跃潜力用户
1007513,5,3,3,1,早期沉睡用户
1007539,5,2,2,1,早期沉睡用户
1007550,3,1,1,2,活跃潜力用户
100757,3,3,3,2,活跃潜力用户
1007573,1,1,1,2,活跃潜力用户
1007579,2,5,4,2,活跃潜力用户
1007583,3,2,2,2,活跃潜力用户
1007595,9,5,3,1,早期沉睡用户
1007596,4,3,3,2,活跃潜力用户
1007597,2,2,2,2,活跃潜力用户
100760,7,3,3,1,早期沉睡用户
1007601,1,5,4,2,活跃潜力用户
1007609,3,1,1,2,活跃潜力用户
1007617,8,1,1,1,早期沉睡用户
100762,3,2,2,2,活跃潜力用户
1007624,1,1,1,2,活跃潜力用户
1007629,1,3,3,2,活跃潜力用户
1007635,6,1,1,1,早期沉睡用户
1007642,6,1,1,1,早期沉睡用户
1007644,5,1,1,1,早期沉睡用户
1007659,8,1,1,1,早期沉睡用户
1007665,1,1,1,2,活跃潜力用户
1007670,1,18,18,0,高价值忠诚用户
1007671,2,2,2,2,活跃潜力用户
1007680,9,1,1,1,早期沉睡用户
1007688,4,2,2,2,活跃潜力用户
1007691,1,1,1,2,活跃潜力用户
1007699,1,1,1,2,活跃潜力用户
1007704,1,4,4,2,活跃潜力用户
1007712,9,1,1,1,早期沉睡用户
100772,1,2,2,2,活跃潜力用户
1007724,3,1,1,2,活跃潜力用户
1007739,2,2,2,2,活跃潜力用户
1007747,3,6,6,0,高价值忠诚用户
1007753,3,1,1,2,活跃潜力用户
1007755,2,5,5,0,高价值忠诚用户
1007770,4,3,3,2,活跃潜力用户
1007778,2,2,2,2,活跃潜力用户
1007779,3,1,1,2,活跃潜力用户
1007782,2,4,3,2,活跃潜力用户
1007786,3,12,12,0,高价值忠诚用户
1007791,4,2,2,2,活跃潜力用户
10078,2,1,1,2,活跃潜力用户
1007802,1,3,3,2,活跃潜力用户
1007808,9,1,1,1,早期沉睡用户
100781,9,1,1,1,早期沉睡用户
1007819,6,1,1,1,早期沉睡用户
1007833,5,1,1,1,早期沉睡用户
1007839,3,4,4,2,活跃潜力用户
1007843,1,1,1,2,活跃潜力用户
1007848,1,5,5,0,高价值忠诚用户
1007851,5,2,2,1,早期沉睡用户
1007857,3,3,3,2,活跃潜力用户
1007860,1,1,1,2,活跃潜力用户
1007870,4,4,4,2,活跃潜力用户
1007879,3,2,2,2,活跃潜力用户
1007884,4,2,2,2,活跃潜力用户
1007890,2,1,1,2,活跃潜力用户
1007894,4,1,1,2,活跃潜力用户
1007906,1,2,2,2,活跃潜力用户
1007907,1,4,4,2,活跃潜力用户
1007912,3,14,13,0,高价值忠诚用户
1007919,1,5,5,0,高价值忠诚用户
1007925,2,5,5,0,高价值忠诚用户
1007928,1,1,1,2,活跃潜力用户
1007934,3,3,3,2,活跃潜力用户
100794,3,2,2,2,活跃潜力用户
1007944,5,2,2,1,早期沉睡用户
1007952,1,13,13,0,高价值忠诚用户
1007957,1,1,1,2,活跃潜力用户
1007963,8,3,3,1,早期沉睡用户
1007965,7,3,3,1,早期沉睡用户
100797,2,5,5,0,高价值忠诚用户
1007976,2,3,3,2,活跃潜力用户
1007983,2,3,3,2,活跃潜力用户
1007993,3,3,3,2,活跃潜力用户
100800,2,1,1,2,活跃潜力用户
1008003,1,3,3,2,活跃潜力用户
1008008,2,1,1,2,活跃潜力用户
1008010,6,1,1,1,早期沉睡用户
100803,2,4,4,2,活跃潜力用户
1008037,5,1,1,1,早期沉睡用户
1008042,3,1,1,2,活跃潜力用户
1008044,7,1,1,1,早期沉睡用户
1008055,7,1,1,1,早期沉睡用户
1008062,3,5,5,0,高价值忠诚用户
1008065,2,4,3,2,活跃潜力用户
1008078,4,1,1,2,活跃潜力用户
1008082,2,5,4,2,活跃潜力用户
1008085,4,10,9,0,高价值忠诚用户
1008097,5,3,3,1,早期沉睡用户
1008100,1,4,4,2,活跃潜力用户
1008102,3,1,1,2,活跃潜力用户
1008106,1,4,4,2,活跃潜力用户
1008107,1,2,2,2,活跃潜力用户
100812,3,5,5,0,高价值忠诚用户
1008120,3,1,1,2,活跃潜力用户
1008131,3,4,4,2,活跃潜力用户
1008137,2,5,5,0,高价值忠诚用户
100814,1,2,2,2,活跃潜力用户
1008148,1,2,2,2,活跃潜力用户
100815,5,1,1,1,早期沉睡用户
1008151,2,1,1,2,活跃潜力用户
1008152,4,2,2,2,活跃潜力用户
100816,5,1,1,1,早期沉睡用户
1008162,1,2,2,2,活跃潜力用户
1008174,1,8,7,0,高价值忠诚用户
1008183,5,4,3,1,早期沉睡用户
1008184,3,2,2,2,活跃潜力用户
1008187,1,4,4,2,活跃潜力用户
100821,1,3,3,2,活跃潜力用户
1008212,1,3,3,2,活跃潜力用户
1008215,1,2,2,2,活跃潜力用户
1008217,8,2,2,1,早期沉睡用户
100822,2,2,2,2,活跃潜力用户
1008221,2,9,9,0,高价值忠诚用户
1008230,3,11,11,0,高价值忠诚用户
1008231,6,1,1,1,早期沉睡用户
1008241,4,3,3,2,活跃潜力用户
1008245,1,7,7,0,高价值忠诚用户
1008253,2,1,1,2,活跃潜力用户
1008255,7,1,1,1,早期沉睡用户
1008257,2,1,1,2,活跃潜力用户
1008258,7,1,1,1,早期沉睡用户
1008275,1,20,19,0,高价值忠诚用户
1008287,2,2,2,2,活跃潜力用户
1008289,2,5,5,0,高价值忠诚用户
1008295,8,4,4,1,早期沉睡用户
1008302,2,1,1,2,活跃潜力用户
1008323,1,1,1,2,活跃潜力用户
1008333,4,3,3,2,活跃潜力用户
1008349,2,1,1,2,活跃潜力用户
1008366,5,2,1,1,早期沉睡用户
1008370,1,3,3,2,活跃潜力用户
1008376,5,1,1,1,早期沉睡用户
1008378,1,4,4,2,活跃潜力用户
1008380,5,57,36,3,超级用户
1008382,7,1,1,1,早期沉睡用户
1008385,6,4,4,1,早期沉睡用户
1008387,3,1,1,2,活跃潜力用户
1008391,1,4,2,2,活跃潜力用户
1008392,2,1,1,2,活跃潜力用户
1008401,7,1,1,1,早期沉睡用户
1008405,4,3,2,2,活跃潜力用户
1008411,8,1,1,1,早期沉睡用户
1008415,9,1,1,1,早期沉睡用户
1008418,4,1,1,2,活跃潜力用户
1008425,1,3,3,2,活跃潜力用户
1008427,2,2,1,2,活跃潜力用户
1008429,7,2,2,1,早期沉睡用户
1008430,1,4,3,2,活跃潜力用户
100847,3,2,2,2,活跃潜力用户
1008481,6,2,2,1,早期沉睡用户
1008485,2,2,2,2,活跃潜力用户
1008489,9,1,1,1,早期沉睡用户
1008500,7,2,2,1,早期沉睡用户
1008502,6,2,2,1,早期沉睡用户
1008531,4,1,1,2,活跃潜力用户
1008557,1,5,4,2,活跃潜力用户
100856,1,2,2,2,活跃潜力用户
1008586,1,2,2,2,活跃潜力用户
1008587,2,4,4,2,活跃潜力用户
1008590,2,1,1,2,活跃潜力用户
10086,5,2,2,1,早期沉睡用户
100860,1,6,6,0,高价值忠诚用户
1008612,8,2,2,1,早期沉睡用户
1008614,1,3,3,2,活跃潜力用户
1008615,2,1,1,2,活跃潜力用户
100865,3,1,1,2,活跃潜力用户
1008652,3,1,1,2,活跃潜力用户
1008661,2,2,2,2,活跃潜力用户
1008665,6,2,2,1,早期沉睡用户
1008674,4,1,1,2,活跃潜力用户
1008681,3,4,4,2,活跃潜力用户
1008684,1,1,1,2,活跃潜力用户
1008685,1,2,2,2,活跃潜力用户
1008698,1,3,3,2,活跃潜力用户
100871,2,3,3,2,活跃潜力用户
1008711,8,1,1,1,早期沉睡用户
1008726,1,2,2,2,活跃潜力用户
1008729,2,2,2,2,活跃潜力用户
1008733,4,2,2,2,活跃潜力用户
1008737,9,1,1,1,早期沉睡用户
1008744,5,1,1,1,早期沉睡用户
1008748,4,2,2,2,活跃潜力用户
1008749,9,1,1,1,早期沉睡用户
1008757,2,1,1,2,活跃潜力用户
1008764,6,2,1,1,早期沉睡用户
100877,8,1,1,1,早期沉睡用户
1008777,2,1,1,2,活跃潜力用户
1008779,3,4,4,2,活跃潜力用户
1008786,1,7,7,0,高价值忠诚用户
1008791,6,1,1,1,早期沉睡用户
1008793,2,1,1,2,活跃潜力用户
1008794,2,3,3,2,活跃潜力用户
1008799,6,15,9,0,高价值忠诚用户
1008820,3,3,3,2,活跃潜力用户
1008829,4,1,1,2,活跃潜力用户
1008830,6,17,10,0,高价值忠诚用户
1008832,8,1,1,1,早期沉睡用户
1008834,4,3,3,2,活跃潜力用户
1008842,1,8,8,0,高价值忠诚用户
1008846,1,1,1,2,活跃潜力用户
1008849,4,2,2,2,活跃潜力用户
1008860,3,2,2,2,活跃潜力用户
1008868,8,1,1,1,早期沉睡用户
1008870,6,5,5,1,早期沉睡用户
1008879,2,2,2,2,活跃潜力用户
1008882,2,2,2,2,活跃潜力用户
1008883,5,3,3,1,早期沉睡用户
1008891,3,5,5,0,高价值忠诚用户
1008899,7,1,1,1,早期沉睡用户
1008904,1,7,7,0,高价值忠诚用户
1008905,4,1,1,2,活跃潜力用户
1008906,5,3,1,1,早期沉睡用户
1008909,8,1,1,1,早期沉睡用户
100891,7,2,2,1,早期沉睡用户
1008916,1,5,5,0,高价值忠诚用户
100893,4,1,1,2,活跃潜力用户
1008933,2,2,1,2,活跃潜力用户
1008934,2,2,2,2,活跃潜力用户
1008938,4,1,1,2,活跃潜力用户
1008956,5,1,1,1,早期沉睡用户
1008961,1,4,4,2,活跃潜力用户
1008963,2,1,1,2,活跃潜力用户
1008972,2,11,10,0,高价值忠诚用户
1008985,7,2,2,1,早期沉睡用户
1008993,4,6,4,0,高价值忠诚用户
1008994,4,9,9,0,高价值忠诚用户
1009003,4,1,1,2,活跃潜力用户
1009005,3,3,3,2,活跃潜力用户
100901,3,1,1,2,活跃潜力用户
1009011,3,1,1,2,活跃潜力用户
1009013,3,6,6,0,高价值忠诚用户
1009021,3,2,1,2,活跃潜力用户
1009023,9,1,1,1,早期沉睡用户
1009026,1,3,3,2,活跃潜力用户
1009046,1,6,6,0,高价值忠诚用户
1009050,9,1,1,1,早期沉睡用户
1009056,1,3,3,2,活跃潜力用户
1009070,2,8,6,0,高价值忠诚用户
1009073,8,1,1,1,早期沉睡用户
1009104,1,2,2,2,活跃潜力用户
1009107,8,1,1,1,早期沉睡用户
1009121,2,4,4,2,活跃潜力用户
1009123,3,1,1,2,活跃潜力用户
1009129,1,4,4,2,活跃潜力用户
1009135,1,2,2,2,活跃潜力用户
1009141,8,1,1,1,早期沉睡用户
1009153,1,3,3,2,活跃潜力用户
1009155,5,3,3,1,早期沉睡用户
1009158,2,3,3,2,活跃潜力用户
1009165,3,1,1,2,活跃潜力用户
10092,6,1,1,1,早期沉睡用户
1009202,2,3,3,2,活跃潜力用户
1009211,1,9,9,0,高价值忠诚用户
1009217,3,1,1,2,活跃潜力用户
1009221,1,3,2,2,活跃潜力用户
1009225,4,3,3,2,活跃潜力用户
1009233,4,2,2,2,活跃潜力用户
1009237,6,2,2,1,早期沉睡用户
1009243,1,1,1,2,活跃潜力用户
100925,1,4,4,2,活跃潜力用户
1009254,4,1,1,2,活跃潜力用户
1009257,5,4,4,1,早期沉睡用户
100927,8,1,1,1,早期沉睡用户
1009283,8,2,2,1,早期沉睡用户
1009285,3,4,4,2,活跃潜力用户
1009291,2,2,2,2,活跃潜力用户
1009322,8,1,1,1,早期沉睡用户
1009328,1,1,1,2,活跃潜力用户
100933,6,1,1,1,早期沉睡用户
1009352,1,2,2,2,活跃潜力用户
1009384,4,1,1,2,活跃潜力用户
1009385,8,2,2,1,早期沉睡用户
1009391,1,6,6,0,高价值忠诚用户
1009396,4,2,2,2,活跃潜力用户
1009402,2,2,2,2,活跃潜力用户
1009405,4,3,3,2,活跃潜力用户
1009407,1,2,2,2,活跃潜力用户
1009410,3,8,8,0,高价值忠诚用户
1009415,7,1,1,1,早期沉睡用户
1009417,3,6,6,0,高价值忠诚用户
1009418,8,1,1,1,早期沉睡用户
1009420,2,1,1,2,活跃潜力用户
1009424,8,1,1,1,早期沉睡用户
1009437,1,5,5,0,高价值忠诚用户
1009440,4,1,1,2,活跃潜力用户
1009441,3,2,2,2,活跃潜力用户
1009457,1,2,2,2,活跃潜力用户
1009465,2,1,1,2,活跃潜力用户
1009469,5,2,2,1,早期沉睡用户
1009472,1,2,2,2,活跃潜力用户
1009501,2,17,16,0,高价值忠诚用户
1009508,1,2,2,2,活跃潜力用户
1009512,3,3,3,2,活跃潜力用户
1009516,2,6,5,0,高价值忠诚用户
1009524,1,3,3,2,活跃潜力用户
1009529,1,4,4,2,活跃潜力用户
1009532,2,6,6,0,高价值忠诚用户
1009533,6,2,2,1,早期沉睡用户
1009542,3,2,2,2,活跃潜力用户
1009551,1,2,1,2,活跃潜力用户
1009553,6,1,1,1,早期沉睡用户
1009558,9,1,1,1,早期沉睡用户
1009559,2,4,4,2,活跃潜力用户
1009575,1,2,2,2,活跃潜力用户
1009587,1,3,3,2,活跃潜力用户
10096,7,1,1,1,早期沉睡用户
1009608,1,3,3,2,活跃潜力用户
1009611,1,7,7,0,高价值忠诚用户
1009619,2,2,2,2,活跃潜力用户
1009623,4,2,2,2,活跃潜力用户
1009626,5,1,1,1,早期沉睡用户
1009630,5,1,1,1,早期沉睡用户
1009639,1,3,3,2,活跃潜力用户
1009645,1,1,1,2,活跃潜力用户
1009657,4,2,2,2,活跃潜力用户
1009666,3,4,3,2,活跃潜力用户
1009673,1,4,4,2,活跃潜力用户
1009684,1,2,2,2,活跃潜力用户
1009687,7,1,1,1,早期沉睡用户
100970,9,1,1,1,早期沉睡用户
1009712,4,4,4,2,活跃潜力用户
1009718,3,3,3,2,活跃潜力用户
1009719,2,2,2,2,活跃潜力用户
1009722,5,3,2,1,早期沉睡用户
1009724,9,1,1,1,早期沉睡用户
1009741,5,2,2,1,早期沉睡用户
1009748,1,1,1,2,活跃潜力用户
1009753,1,3,3,2,活跃潜力用户
1009765,6,2,2,1,早期沉睡用户
1009768,2,4,4,2,活跃潜力用户
100977,7,3,2,1,早期沉睡用户
1009771,2,3,2,2,活跃潜力用户
1009776,8,1,1,1,早期沉睡用户
1009798,6,3,3,1,早期沉睡用户
1009803,2,2,2,2,活跃潜力用户
1009822,1,7,7,0,高价值忠诚用户
1009825,8,2,2,1,早期沉睡用户
1009832,6,2,2,1,早期沉睡用户
1009833,1,6,6,0,高价值忠诚用户
1009853,1,1,1,2,活跃潜力用户
1009859,7,5,5,1,早期沉睡用户
1009860,9,1,1,1,早期沉睡用户
1009869,3,2,2,2,活跃潜力用户
1009880,3,3,3,2,活跃潜力用户
1009884,6,5,3,1,早期沉睡用户
1009888,1,2,2,2,活跃潜力用户
1009898,1,5,5,0,高价值忠诚用户
100992,2,2,2,2,活跃潜力用户
1009932,3,2,2,2,活跃潜力用户
1009933,6,2,2,1,早期沉睡用户
1009934,2,11,10,0,高价值忠诚用户
1009938,5,2,2,1,早期沉睡用户
1009940,8,2,2,1,早期沉睡用户
1009947,9,1,1,1,早期沉睡用户
1009948,4,2,2,2,活跃潜力用户
1009949,1,1,1,2,活跃潜力用户
1009950,2,1,1,2,活跃潜力用户
1009982,7,1,1,1,早期沉睡用户
1009997,1,4,4,2,活跃潜力用户
1010001,7,2,2,1,早期沉睡用户
1010006,7,4,4,1,早期沉睡用户
101001,1,4,4,2,活跃潜力用户
1010016,2,2,2,2,活跃潜力用户
1010017,1,2,2,2,活跃潜力用户
101003,4,6,6,0,高价值忠诚用户
1010032,3,3,3,2,活跃潜力用户
1010040,1,3,3,2,活跃潜力用户
1010043,3,2,2,2,活跃潜力用户
1010044,4,3,3,2,活跃潜力用户
1010047,6,2,2,1,早期沉睡用户
1010050,9,1,1,1,早期沉睡用户
1010051,2,5,4,2,活跃潜力用户
1010079,2,5,5,0,高价值忠诚用户
101008,1,12,12,0,高价值忠诚用户
1010088,3,1,1,2,活跃潜力用户
1010093,3,4,4,2,活跃潜力用户
1010121,6,2,2,1,早期沉睡用户
1010125,2,5,5,0,高价值忠诚用户
1010129,7,3,1,1,早期沉睡用户
101013,3,1,1,2,活跃潜力用户
1010133,3,1,1,2,活跃潜力用户
1010149,3,1,1,2,活跃潜力用户
1010155,5,1,1,1,早期沉睡用户
1010157,1,3,3,2,活跃潜力用户
1010170,1,7,7,0,高价值忠诚用户
1010173,6,2,2,1,早期沉睡用户
1010177,2,1,1,2,活跃潜力用户
1010189,1,2,2,2,活跃潜力用户
1010198,2,2,2,2,活跃潜力用户
1010199,6,1,1,1,早期沉睡用户
1010204,6,1,1,1,早期沉睡用户
1010205,2,2,2,2,活跃潜力用户
1010208,4,3,3,2,活跃潜力用户
101021,8,2,2,1,早期沉睡用户
1010210,5,1,1,1,早期沉睡用户
1010211,7,2,2,1,早期沉睡用户
1010214,7,1,1,1,早期沉睡用户
1010215,9,2,2,1,早期沉睡用户
1010219,2,14,14,0,高价值忠诚用户
101023,3,6,5,0,高价值忠诚用户
1010231,8,1,1,1,早期沉睡用户
1010238,4,2,2,2,活跃潜力用户
101024,6,2,2,1,早期沉睡用户
1010254,4,1,1,2,活跃潜力用户
1010263,9,1,1,1,早期沉睡用户
1010267,6,4,4,1,早期沉睡用户
1010269,5,3,3,1,早期沉睡用户
1010279,2,3,3,2,活跃潜力用户
1010280,1,8,8,0,高价值忠诚用户
1010281,1,7,7,0,高价值忠诚用户
1010288,2,30,30,3,超级用户
1010299,1,10,10,0,高价值忠诚用户
1010306,2,1,1,2,活跃潜力用户
1010311,7,1,1,1,早期沉睡用户
1010325,4,1,1,2,活跃潜力用户
1010327,8,4,4,1,早期沉睡用户
101033,3,2,2,2,活跃潜力用户
1010330,2,1,1,2,活跃潜力用户
1010333,2,16,14,0,高价值忠诚用户
1010343,4,2,2,2,活跃潜力用户
1010347,6,3,3,1,早期沉睡用户
1010362,3,3,3,2,活跃潜力用户
1010373,1,2,2,2,活跃潜力用户
1010376,1,1,1,2,活跃潜力用户
1010381,1,6,6,0,高价值忠诚用户
1010391,5,2,2,1,早期沉睡用户
1010396,1,3,3,2,活跃潜力用户
1010399,3,6,6,0,高价值忠诚用户
1010411,4,3,2,2,活跃潜力用户
1010416,6,3,3,1,早期沉睡用户
1010418,3,2,2,2,活跃潜力用户
1010427,1,2,2,2,活跃潜力用户
1010433,2,2,2,2,活跃潜力用户
1010439,7,1,1,1,早期沉睡用户
1010445,1,3,3,2,活跃潜力用户
1010453,1,6,6,0,高价值忠诚用户
1010455,1,1,1,2,活跃潜力用户
1010456,2,1,1,2,活跃潜力用户
101047,1,3,3,2,活跃潜力用户
1010478,1,11,8,0,高价值忠诚用户
1010480,7,1,1,1,早期沉睡用户
1010504,2,3,3,2,活跃潜力用户
1010507,7,3,3,1,早期沉睡用户
1010508,2,1,1,2,活跃潜力用户
1010510,4,4,4,2,活跃潜力用户
1010515,5,1,1,1,早期沉睡用户
1010519,2,2,2,2,活跃潜力用户
1010533,5,2,2,1,早期沉睡用户
1010534,7,2,2,1,早期沉睡用户
1010536,5,1,1,1,早期沉睡用户
1010537,5,1,1,1,早期沉睡用户
1010539,7,2,2,1,早期沉睡用户
101056,9,1,1,1,早期沉睡用户
1010560,4,5,5,0,高价值忠诚用户
1010564,2,1,1,2,活跃潜力用户
1010566,7,2,2,1,早期沉睡用户
1010568,3,2,2,2,活跃潜力用户
1010572,1,2,2,2,活跃潜力用户
101058,5,1,1,1,早期沉睡用户
1010582,6,3,3,1,早期沉睡用户
1010583,4,2,2,2,活跃潜力用户
1010590,4,2,2,2,活跃潜力用户
1010593,1,1,1,2,活跃潜力用户
1010596,3,3,2,2,活跃潜力用户
1010598,2,4,4,2,活跃潜力用户
1010599,5,1,1,1,早期沉睡用户
1010603,2,10,9,0,高价值忠诚用户
1010608,4,1,1,2,活跃潜力用户
1010611,8,1,1,1,早期沉睡用户
1010612,2,1,1,2,活跃潜力用户
101063,4,2,2,2,活跃潜力用户
1010630,1,2,2,2,活跃潜力用户
1010638,1,4,4,2,活跃潜力用户
1010641,8,1,1,1,早期沉睡用户
1010655,3,2,2,2,活跃潜力用户
1010658,2,1,1,2,活跃潜力用户
1010664,4,5,5,0,高价值忠诚用户
1010690,1,2,1,2,活跃潜力用户
1010691,1,5,5,0,高价值忠诚用户
1010694,1,1,1,2,活跃潜力用户
1010697,4,1,1,2,活跃潜力用户
1010704,3,3,2,2,活跃潜力用户
1010706,4,2,2,2,活跃潜力用户
1010711,4,3,3,2,活跃潜力用户
1010713,1,1,1,2,活跃潜力用户
1010736,4,2,2,2,活跃潜力用户
1010754,2,2,2,2,活跃潜力用户
1010755,2,4,4,2,活跃潜力用户
1010765,1,1,1,2,活跃潜力用户
1010780,1,2,2,2,活跃潜力用户
1010783,5,2,2,1,早期沉睡用户
1010784,2,4,4,2,活跃潜力用户
1010785,2,10,10,0,高价值忠诚用户
1010806,4,3,3,2,活跃潜力用户
1010816,4,3,3,2,活跃潜力用户
1010817,1,1,1,2,活跃潜力用户
101082,2,7,6,0,高价值忠诚用户
1010836,6,1,1,1,早期沉睡用户
1010839,1,6,6,0,高价值忠诚用户
101084,6,1,1,1,早期沉睡用户
1010853,9,3,3,1,早期沉睡用户
1010857,1,3,3,2,活跃潜力用户
1010861,1,3,3,2,活跃潜力用户
1010864,2,6,5,0,高价值忠诚用户
1010869,1,9,8,0,高价值忠诚用户
1010870,1,7,7,0,高价值忠诚用户
1010874,3,1,1,2,活跃潜力用户
101088,2,3,2,2,活跃潜力用户
1010896,3,4,4,2,活跃潜力用户
1010899,3,6,6,0,高价值忠诚用户
1010912,4,1,1,2,活跃潜力用户
1010915,1,4,4,2,活跃潜力用户
1010919,4,3,3,2,活跃潜力用户
101092,2,5,5,0,高价值忠诚用户
1010944,4,5,4,2,活跃潜力用户
1010945,5,3,3,1,早期沉睡用户
1010947,4,5,5,0,高价值忠诚用户
1010953,4,4,4,2,活跃潜力用户
101096,2,6,6,0,高价值忠诚用户
1010978,3,7,7,0,高价值忠诚用户
1010981,5,4,4,1,早期沉睡用户
1010995,7,1,1,1,早期沉睡用户
1011004,4,2,2,2,活跃潜力用户
1011005,2,4,3,2,活跃潜力用户
101101,4,1,1,2,活跃潜力用户
1011017,3,1,1,2,活跃潜力用户
1011021,5,11,10,0,高价值忠诚用户
1011024,6,1,1,1,早期沉睡用户
1011030,2,1,1,2,活跃潜力用户
1011036,5,2,2,1,早期沉睡用户
101104,4,2,2,2,活跃潜力用户
1011050,2,4,4,2,活跃潜力用户
1011052,7,1,1,1,早期沉睡用户
1011062,9,1,1,1,早期沉睡用户
1011072,5,1,1,1,早期沉睡用户
1011079,1,2,2,2,活跃潜力用户
1011084,4,3,3,2,活跃潜力用户
1011086,8,2,2,1,早期沉睡用户
1011092,7,1,1,1,早期沉睡用户
1011096,5,4,3,1,早期沉睡用户
10111,6,2,2,1,早期沉睡用户
1011100,2,1,1,2,活跃潜力用户
1011108,2,2,2,2,活跃潜力用户
1011118,4,2,2,2,活跃潜力用户
101112,4,2,2,2,活跃潜力用户
1011120,5,3,3,1,早期沉睡用户
1011128,5,2,2,1,早期沉睡用户
101114,2,2,2,2,活跃潜力用户
1011169,3,1,1,2,活跃潜力用户
1011171,3,3,3,2,活跃潜力用户
1011172,3,3,3,2,活跃潜力用户
1011173,5,4,4,1,早期沉睡用户
1011181,1,6,6,0,高价值忠诚用户
1011202,9,1,1,1,早期沉睡用户
1011207,5,4,4,1,早期沉睡用户
1011214,7,1,1,1,早期沉睡用户
1011217,9,3,3,1,早期沉睡用户
1011219,3,4,4,2,活跃潜力用户
1011222,4,1,1,2,活跃潜力用户
1011227,8,3,2,1,早期沉睡用户
1011235,6,3,3,1,早期沉睡用户
1011248,1,4,4,2,活跃潜力用户
1011254,1,3,3,2,活跃潜力用户
1011258,9,1,1,1,早期沉睡用户
1011266,3,2,2,2,活跃潜力用户
1011272,2,3,3,2,活跃潜力用户
1011290,7,1,1,1,早期沉睡用户
1011293,4,1,1,2,活跃潜力用户
1011322,1,3,3,2,活跃潜力用户
1011326,2,3,3,2,活跃潜力用户
1011332,5,2,2,1,早期沉睡用户
1011340,6,1,1,1,早期沉睡用户
1011361,5,2,2,1,早期沉睡用户
1011365,4,3,3,2,活跃潜力用户
1011387,1,2,2,2,活跃潜力用户
1011388,4,1,1,2,活跃潜力用户
1011390,2,15,15,0,高价值忠诚用户
1011391,6,3,3,1,早期沉睡用户
1011397,1,1,1,2,活跃潜力用户
10114,4,3,3,2,活跃潜力用户
1011400,4,2,2,2,活跃潜力用户
1011402,9,3,3,1,早期沉睡用户
1011409,1,3,3,2,活跃潜力用户
1011415,5,1,1,1,早期沉睡用户
1011419,7,2,2,1,早期沉睡用户
1011420,2,2,2,2,活跃潜力用户
1011431,4,1,1,2,活跃潜力用户
101144,1,1,1,2,活跃潜力用户
1011470,2,5,4,2,活跃潜力用户
1011487,1,3,3,2,活跃潜力用户
1011490,6,1,1,1,早期沉睡用户
1011499,1,4,4,2,活跃潜力用户
101150,2,1,1,2,活跃潜力用户
1011521,4,6,6,0,高价值忠诚用户
1011527,1,3,3,2,活跃潜力用户
1011529,9,1,1,1,早期沉睡用户
1011565,1,3,3,2,活跃潜力用户
1011567,1,3,3,2,活跃潜力用户
101157,5,1,1,1,早期沉睡用户
1011574,7,1,1,1,早期沉睡用户
1011581,1,7,7,0,高价值忠诚用户
1011591,1,4,4,2,活跃潜力用户
1011624,7,1,1,1,早期沉睡用户
1011631,4,2,2,2,活跃潜力用户
1011633,3,1,1,2,活跃潜力用户
1011647,1,2,2,2,活跃潜力用户
1011648,2,1,1,2,活跃潜力用户
101165,2,2,2,2,活跃潜力用户
1011651,2,3,3,2,活跃潜力用户
1011652,1,12,7,0,高价值忠诚用户
1011655,1,11,9,0,高价值忠诚用户
1011656,5,1,1,1,早期沉睡用户
1011669,4,1,1,2,活跃潜力用户
1011676,6,1,1,1,早期沉睡用户
1011681,6,1,1,1,早期沉睡用户
1011685,5,1,1,1,早期沉睡用户
1011697,4,2,2,2,活跃潜力用户
1011698,6,1,1,1,早期沉睡用户
1011699,2,3,2,2,活跃潜力用户
1011703,7,1,1,1,早期沉睡用户
1011704,1,4,4,2,活跃潜力用户
1011705,6,4,4,1,早期沉睡用户
1011709,4,7,7,0,高价值忠诚用户
1011725,1,4,3,2,活跃潜力用户
1011729,4,4,3,2,活跃潜力用户
1011730,2,1,1,2,活跃潜力用户
1011745,6,4,3,1,早期沉睡用户
1011749,2,2,2,2,活跃潜力用户
1011752,1,2,2,2,活跃潜力用户
1011758,6,1,1,1,早期沉睡用户
1011760,2,2,2,2,活跃潜力用户
1011773,7,1,1,1,早期沉睡用户
1011789,3,2,2,2,活跃潜力用户
1011793,1,7,7,0,高价值忠诚用户
1011799,1,5,5,0,高价值忠诚用户
1011802,1,2,2,2,活跃潜力用户
1011816,6,2,2,1,早期沉睡用户
101182,1,3,3,2,活跃潜力用户
1011826,8,1,1,1,早期沉睡用户
1011828,3,1,1,2,活跃潜力用户
1011839,6,2,2,1,早期沉睡用户
1011841,8,1,1,1,早期沉睡用户
1011867,3,3,3,2,活跃潜力用户
1011868,1,1,1,2,活跃潜力用户
1011872,1,11,11,0,高价值忠诚用户
101188,3,8,8,0,高价值忠诚用户
1011880,2,3,3,2,活跃潜力用户
1011886,4,2,1,2,活跃潜力用户
101189,5,2,2,1,早期沉睡用户
1011891,5,1,1,1,早期沉睡用户
1011892,3,1,1,2,活跃潜力用户
101190,2,2,2,2,活跃潜力用户
1011911,9,1,1,1,早期沉睡用户
1011919,1,2,2,2,活跃潜力用户
1011921,9,1,1,1,早期沉睡用户
1011923,2,1,1,2,活跃潜力用户
1011937,1,5,5,0,高价值忠诚用户
1011943,1,6,6,0,高价值忠诚用户
1011960,1,5,4,2,活跃潜力用户
1011961,1,3,3,2,活跃潜力用户
1011981,2,1,1,2,活跃潜力用户
1011986,1,5,5,0,高价值忠诚用户
1011992,1,3,3,2,活跃潜力用户
1011996,1,6,6,0,高价值忠诚用户
1012000,2,4,4,2,活跃潜力用户
1012002,2,9,9,0,高价值忠诚用户
1012012,6,1,1,1,早期沉睡用户
1012017,1,2,2,2,活跃潜力用户
1012022,1,6,6,0,高价值忠诚用户
1012028,5,1,1,1,早期沉睡用户
1012031,8,2,2,1,早期沉睡用户
1012033,2,1,1,2,活跃潜力用户
101204,5,2,2,1,早期沉睡用户
1012040,2,4,4,2,活跃潜力用户
1012048,4,3,3,2,活跃潜力用户
1012050,4,1,1,2,活跃潜力用户
1012060,1,2,2,2,活跃潜力用户
1012062,1,2,2,2,活跃潜力用户
1012070,1,2,2,2,活跃潜力用户
1012075,4,5,3,2,活跃潜力用户
1012082,5,1,1,1,早期沉睡用户
1012086,3,2,2,2,活跃潜力用户
1012093,5,4,3,1,早期沉睡用户
101210,6,1,1,1,早期沉睡用户
1012102,4,4,4,2,活跃潜力用户
1012104,2,2,2,2,活跃潜力用户
1012105,4,9,9,0,高价值忠诚用户
1012110,1,4,4,2,活跃潜力用户
1012116,6,1,1,1,早期沉睡用户
101212,1,9,9,0,高价值忠诚用户
1012125,1,2,2,2,活跃潜力用户
1012133,2,1,1,2,活跃潜力用户
1012148,1,17,17,0,高价值忠诚用户
1012155,1,1,1,2,活跃潜力用户
1012164,1,1,1,2,活跃潜力用户
101217,2,1,1,2,活跃潜力用户
1012191,4,3,3,2,活跃潜力用户
1012198,3,1,1,2,活跃潜力用户
1012208,2,1,1,2,活跃潜力用户
1012222,1,1,1,2,活跃潜力用户
1012232,1,7,5,0,高价值忠诚用户
1012237,3,1,1,2,活跃潜力用户
1012252,8,2,2,1,早期沉睡用户
1012257,8,2,2,1,早期沉睡用户
1012275,1,8,8,0,高价值忠诚用户
1012277,4,4,4,2,活跃潜力用户
1012284,7,3,3,1,早期沉睡用户
1012287,3,2,2,2,活跃潜力用户
1012290,4,4,4,2,活跃潜力用户
1012293,5,4,4,1,早期沉睡用户
1012296,1,2,2,2,活跃潜力用户
1012298,1,4,4,2,活跃潜力用户
1012299,4,1,1,2,活跃潜力用户
101230,1,2,2,2,活跃潜力用户
101231,5,2,2,1,早期沉睡用户
1012313,9,1,1,1,早期沉睡用户
1012333,2,4,4,2,活跃潜力用户
1012338,4,6,6,0,高价值忠诚用户
1012344,1,2,2,2,活跃潜力用户
1012352,9,1,1,1,早期沉睡用户
1012358,1,7,7,0,高价值忠诚用户
1012373,2,6,6,0,高价值忠诚用户
1012380,2,2,2,2,活跃潜力用户
101239,1,4,4,2,活跃潜力用户
1012395,4,7,7,0,高价值忠诚用户
1012403,2,1,1,2,活跃潜力用户
1012411,4,4,4,2,活跃潜力用户
1012415,1,4,4,2,活跃潜力用户
1012420,1,3,3,2,活跃潜力用户
1012426,2,7,6,0,高价值忠诚用户
1012445,5,1,1,1,早期沉睡用户
101245,4,3,3,2,活跃潜力用户
1012459,2,3,3,2,活跃潜力用户
1012467,9,1,1,1,早期沉睡用户
1012469,1,4,4,2,活跃潜力用户
1012472,2,1,1,2,活跃潜力用户
1012474,3,1,1,2,活跃潜力用户
1012478,5,1,1,1,早期沉睡用户
1012489,8,1,1,1,早期沉睡用户
101249,1,8,7,0,高价值忠诚用户
1012498,1,3,3,2,活跃潜力用户
1012501,2,4,4,2,活跃潜力用户
1012512,5,1,1,1,早期沉睡用户
1012516,4,2,2,2,活跃潜力用户
1012524,5,2,2,1,早期沉睡用户
1012525,2,10,9,0,高价值忠诚用户
1012528,7,1,1,1,早期沉睡用户
1012534,6,4,4,1,早期沉睡用户
1012535,2,2,2,2,活跃潜力用户
1012536,2,2,2,2,活跃潜力用户
1012541,1,1,1,2,活跃潜力用户
1012550,4,2,2,2,活跃潜力用户
1012553,2,1,1,2,活跃潜力用户
1012578,6,1,1,1,早期沉睡用户
1012579,4,2,2,2,活跃潜力用户
1012597,6,1,1,1,早期沉睡用户
101260,5,2,2,1,早期沉睡用户
1012611,4,2,2,2,活跃潜力用户
1012621,2,1,1,2,活跃潜力用户
1012626,9,1,1,1,早期沉睡用户
1012638,5,3,3,1,早期沉睡用户
1012639,6,2,2,1,早期沉睡用户
1012645,3,5,5,0,高价值忠诚用户
1012647,5,1,1,1,早期沉睡用户
1012651,2,2,2,2,活跃潜力用户
1012661,3,6,5,0,高价值忠诚用户
1012664,1,3,3,2,活跃潜力用户
1012665,5,1,1,1,早期沉睡用户
1012667,1,3,3,2,活跃潜力用户
1012670,1,3,3,2,活跃潜力用户
1012673,7,1,1,1,早期沉睡用户
1012677,7,2,2,1,早期沉睡用户
1012682,1,8,8,0,高价值忠诚用户
101269,1,1,1,2,活跃潜力用户
1012693,2,3,3,2,活跃潜力用户
1012727,8,1,1,1,早期沉睡用户
1012731,3,2,2,2,活跃潜力用户
1012736,2,3,3,2,活跃潜力用户
1012737,7,1,1,1,早期沉睡用户
1012741,5,5,5,0,高价值忠诚用户
1012743,3,1,1,2,活跃潜力用户
1012745,1,4,4,2,活跃潜力用户
1012774,7,2,2,1,早期沉睡用户
1012784,6,2,2,1,早期沉睡用户
1012793,2,3,3,2,活跃潜力用户
1012795,2,3,3,2,活跃潜力用户
10128,9,1,1,1,早期沉睡用户
1012804,1,3,3,2,活跃潜力用户
1012806,1,6,5,0,高价值忠诚用户
1012808,1,2,2,2,活跃潜力用户
1012819,4,2,2,2,活跃潜力用户
1012826,4,2,2,2,活跃潜力用户
1012830,4,2,2,2,活跃潜力用户
1012841,4,5,5,0,高价值忠诚用户
1012849,5,1,1,1,早期沉睡用户
1012851,4,6,4,0,高价值忠诚用户
1012881,3,6,6,0,高价值忠诚用户
1012883,9,1,1,1,早期沉睡用户
1012894,2,1,1,2,活跃潜力用户
1012895,1,5,5,0,高价值忠诚用户
1012896,7,1,1,1,早期沉睡用户
1012904,3,2,2,2,活跃潜力用户
1012911,3,1,1,2,活跃潜力用户
1012915,6,1,1,1,早期沉睡用户
1012919,3,2,2,2,活跃潜力用户
1012925,3,3,3,2,活跃潜力用户
1012927,3,2,2,2,活跃潜力用户
1012945,2,3,3,2,活跃潜力用户
1012947,3,1,1,2,活跃潜力用户
1012950,4,2,2,2,活跃潜力用户
101296,9,1,1,1,早期沉睡用户
1012967,7,2,2,1,早期沉睡用户
1012985,4,2,2,2,活跃潜力用户
1012989,4,2,2,2,活跃潜力用户
101300,9,2,2,1,早期沉睡用户
1013004,3,5,5,0,高价值忠诚用户
1013013,1,16,7,0,高价值忠诚用户
1013015,1,2,2,2,活跃潜力用户
1013021,4,1,1,2,活跃潜力用户
1013023,6,3,3,1,早期沉睡用户
1013026,3,1,1,2,活跃潜力用户
1013027,3,2,2,2,活跃潜力用户
101303,1,4,4,2,活跃潜力用户
1013030,2,2,2,2,活跃潜力用户
1013033,9,1,1,1,早期沉睡用户
101305,1,6,4,0,高价值忠诚用户
101306,3,4,4,2,活跃潜力用户
1013063,1,2,2,2,活跃潜力用户
1013086,7,5,3,1,早期沉睡用户
1013088,4,1,1,2,活跃潜力用户
1013089,3,4,4,2,活跃潜力用户
1013097,8,1,1,1,早期沉睡用户
1013118,2,4,4,2,活跃潜力用户
101312,1,4,4,2,活跃潜力用户
1013124,2,1,1,2,活跃潜力用户
101313,9,1,1,1,早期沉睡用户
1013131,1,2,2,2,活跃潜力用户
1013133,9,3,3,1,早期沉睡用户
1013136,2,2,2,2,活跃潜力用户
1013150,9,1,1,1,早期沉睡用户
1013160,8,1,1,1,早期沉睡用户
1013162,4,1,1,2,活跃潜力用户
1013169,2,3,3,2,活跃潜力用户
1013171,4,1,1,2,活跃潜力用户
1013180,1,1,1,2,活跃潜力用户
1013183,3,1,1,2,活跃潜力用户
101319,4,1,1,2,活跃潜力用户
1013194,5,1,1,1,早期沉睡用户
101320,5,1,1,1,早期沉睡用户
1013202,1,7,7,0,高价值忠诚用户
1013209,1,7,7,0,高价值忠诚用户
101321,2,1,1,2,活跃潜力用户
1013232,5,2,2,1,早期沉睡用户
1013238,2,2,2,2,活跃潜力用户
1013240,2,2,2,2,活跃潜力用户
1013254,4,1,1,2,活跃潜力用户
101326,5,1,1,1,早期沉睡用户
1013265,1,3,3,2,活跃潜力用户
1013276,2,1,1,2,活跃潜力用户
1013277,1,1,1,2,活跃潜力用户
1013291,1,3,3,2,活跃潜力用户
1013305,1,2,2,2,活跃潜力用户
1013311,6,3,3,1,早期沉睡用户
1013313,9,1,1,1,早期沉睡用户
1013317,3,4,4,2,活跃潜力用户
1013323,2,2,2,2,活跃潜力用户
1013336,2,3,2,2,活跃潜力用户
1013338,1,7,7,0,高价值忠诚用户
1013343,4,4,3,2,活跃潜力用户
101335,2,2,2,2,活跃潜力用户
1013355,9,1,1,1,早期沉睡用户
1013359,1,3,3,2,活跃潜力用户
1013362,7,1,1,1,早期沉睡用户
1013364,3,4,4,2,活跃潜力用户
1013365,1,2,2,2,活跃潜力用户
1013366,8,1,1,1,早期沉睡用户
1013370,5,2,2,1,早期沉睡用户
1013376,2,2,2,2,活跃潜力用户
1013381,1,17,11,0,高价值忠诚用户
101339,2,2,2,2,活跃潜力用户
1013396,1,2,2,2,活跃潜力用户
101340,6,1,1,1,早期沉睡用户
1013423,5,1,1,1,早期沉睡用户
101343,9,2,2,1,早期沉睡用户
1013445,4,2,2,2,活跃潜力用户
101345,8,1,1,1,早期沉睡用户
1013456,7,1,1,1,早期沉睡用户
1013492,1,2,2,2,活跃潜力用户
1013494,1,2,2,2,活跃潜力用户
1013497,1,3,2,2,活跃潜力用户
10135,2,1,1,2,活跃潜力用户
1013501,3,1,1,2,活跃潜力用户
1013511,9,1,1,1,早期沉睡用户
101352,8,1,1,1,早期沉睡用户
1013525,3,5,5,0,高价值忠诚用户
1013526,2,2,2,2,活跃潜力用户
1013531,5,3,3,1,早期沉睡用户
1013559,7,1,1,1,早期沉睡用户
1013563,2,2,2,2,活跃潜力用户
1013574,5,2,2,1,早期沉睡用户
1013579,3,2,2,2,活跃潜力用户
1013581,4,2,2,2,活跃潜力用户
1013582,6,2,2,1,早期沉睡用户
1013585,8,2,2,1,早期沉睡用户
1013586,2,7,7,0,高价值忠诚用户
1013593,1,5,5,0,高价值忠诚用户
1013600,2,2,2,2,活跃潜力用户
1013606,1,2,2,2,活跃潜力用户
1013611,1,1,1,2,活跃潜力用户
1013615,8,1,1,1,早期沉睡用户
1013619,2,1,1,2,活跃潜力用户
1013635,6,1,1,1,早期沉睡用户
1013649,2,1,1,2,活跃潜力用户
1013652,2,2,2,2,活跃潜力用户
1013655,5,2,2,1,早期沉睡用户
1013678,2,2,2,2,活跃潜力用户
1013687,2,2,2,2,活跃潜力用户
1013690,4,4,4,2,活跃潜力用户
1013691,3,3,3,2,活跃潜力用户
1013697,2,4,3,2,活跃潜力用户
1013702,1,2,1,2,活跃潜力用户
1013706,5,3,3,1,早期沉睡用户
1013709,4,5,5,0,高价值忠诚用户
1013711,7,2,2,1,早期沉睡用户
1013712,9,1,1,1,早期沉睡用户
1013728,2,6,4,0,高价值忠诚用户
1013742,5,3,3,1,早期沉睡用户
1013747,4,8,8,0,高价值忠诚用户
1013754,9,1,1,1,早期沉睡用户
1013765,2,4,4,2,活跃潜力用户
1013773,9,1,1,1,早期沉睡用户
1013774,6,1,1,1,早期沉睡用户
1013775,6,2,2,1,早期沉睡用户
1013785,5,2,2,1,早期沉睡用户
1013787,2,3,3,2,活跃潜力用户
101381,1,14,13,0,高价值忠诚用户
1013822,1,2,2,2,活跃潜力用户
1013829,4,2,2,2,活跃潜力用户
1013830,4,3,3,2,活跃潜力用户
1013835,8,1,1,1,早期沉睡用户
1013844,5,1,1,1,早期沉睡用户
1013847,6,5,4,1,早期沉睡用户
1013875,1,2,2,2,活跃潜力用户
1013877,1,1,1,2,活跃潜力用户
1013889,1,14,14,0,高价值忠诚用户
1013893,2,3,3,2,活跃潜力用户
1013898,5,1,1,1,早期沉睡用户
10139,5,1,1,1,早期沉睡用户
1013907,6,1,1,1,早期沉睡用户
101391,5,2,2,1,早期沉睡用户
1013911,8,3,3,1,早期沉睡用户
101392,2,3,3,2,活跃潜力用户
1013920,2,1,1,2,活跃潜力用户
1013929,6,5,4,1,早期沉睡用户
101393,2,1,1,2,活跃潜力用户
1013933,3,6,6,0,高价值忠诚用户
1013934,6,1,1,1,早期沉睡用户
1013938,4,1,1,2,活跃潜力用户
101394,2,3,3,2,活跃潜力用户
1013942,4,2,2,2,活跃潜力用户
1013943,1,8,6,0,高价值忠诚用户
1013955,6,1,1,1,早期沉睡用户
1013961,1,3,3,2,活跃潜力用户
1013967,1,2,2,2,活跃潜力用户
1013980,8,3,3,1,早期沉睡用户
1013991,1,1,1,2,活跃潜力用户
101402,4,1,1,2,活跃潜力用户
1014022,2,6,6,0,高价值忠诚用户
1014025,5,1,1,1,早期沉睡用户
1014032,2,2,2,2,活跃潜力用户
1014034,3,1,1,2,活跃潜力用户
1014035,3,6,6,0,高价值忠诚用户
1014043,5,1,1,1,早期沉睡用户
1014045,1,3,3,2,活跃潜力用户
1014046,2,2,1,2,活跃潜力用户
1014048,2,5,5,0,高价值忠诚用户
1014055,1,5,5,0,高价值忠诚用户
1014059,2,3,3,2,活跃潜力用户
1014064,6,3,3,1,早期沉睡用户
1014069,1,1,1,2,活跃潜力用户
1014072,1,4,4,2,活跃潜力用户
1014088,7,1,1,1,早期沉睡用户
1014096,7,1,1,1,早期沉睡用户
1014108,6,3,2,1,早期沉睡用户
1014114,3,2,2,2,活跃潜力用户
101413,1,1,1,2,活跃潜力用户
1014150,9,2,1,1,早期沉睡用户
1014152,2,2,2,2,活跃潜力用户
1014153,7,1,1,1,早期沉睡用户
1014154,4,6,6,0,高价值忠诚用户
1014156,2,2,2,2,活跃潜力用户
1014166,7,4,4,1,早期沉睡用户
101417,1,3,3,2,活跃潜力用户
1014171,4,1,1,2,活跃潜力用户
1014176,9,1,1,1,早期沉睡用户
101418,5,1,1,1,早期沉睡用户
1014180,8,2,2,1,早期沉睡用户
1014192,3,2,2,2,活跃潜力用户
1014197,2,4,4,2,活跃潜力用户
1014199,2,1,1,2,活跃潜力用户
101420,1,6,6,0,高价值忠诚用户
1014207,8,2,2,1,早期沉睡用户
1014215,4,1,1,2,活跃潜力用户
101422,1,2,2,2,活跃潜力用户
1014237,1,4,4,2,活跃潜力用户
1014243,1,1,1,2,活跃潜力用户
1014245,4,3,3,2,活跃潜力用户
1014248,1,5,5,0,高价值忠诚用户
1014265,3,6,6,0,高价值忠诚用户
1014275,2,2,2,2,活跃潜力用户
1014279,2,2,2,2,活跃潜力用户
1014281,1,7,6,0,高价值忠诚用户
1014286,8,3,3,1,早期沉睡用户
1014290,2,1,1,2,活跃潜力用户
1014291,2,3,2,2,活跃潜力用户
1014303,2,1,1,2,活跃潜力用户
1014309,5,4,3,1,早期沉睡用户
101431,4,1,1,2,活跃潜力用户
1014313,3,3,3,2,活跃潜力用户
1014321,7,5,5,1,早期沉睡用户
1014326,6,1,1,1,早期沉睡用户
101433,4,2,2,2,活跃潜力用户
1014332,4,1,1,2,活跃潜力用户
101434,2,1,1,2,活跃潜力用户
1014341,1,5,5,0,高价值忠诚用户
1014344,1,2,2,2,活跃潜力用户
1014350,3,1,1,2,活跃潜力用户
1014352,4,2,2,2,活跃潜力用户
1014357,3,2,2,2,活跃潜力用户
1014358,2,3,3,2,活跃潜力用户
1014362,8,1,1,1,早期沉睡用户
1014366,7,1,1,1,早期沉睡用户
1014391,8,1,1,1,早期沉睡用户
1014418,5,13,13,0,高价值忠诚用户
1014427,3,6,6,0,高价值忠诚用户
1014431,1,3,3,2,活跃潜力用户
1014434,5,1,1,1,早期沉睡用户
1014436,1,3,3,2,活跃潜力用户
1014446,5,6,4,1,早期沉睡用户
1014449,4,2,2,2,活跃潜力用户
1014458,2,2,2,2,活跃潜力用户
1014460,3,1,1,2,活跃潜力用户
1014467,7,2,2,1,早期沉睡用户
1014472,6,1,1,1,早期沉睡用户
1014475,5,4,3,1,早期沉睡用户
1014477,4,4,4,2,活跃潜力用户
101448,6,1,1,1,早期沉睡用户
1014508,8,1,1,1,早期沉睡用户
1014517,1,1,1,2,活跃潜力用户
1014519,6,2,2,1,早期沉睡用户
1014544,1,7,7,0,高价值忠诚用户
1014550,1,7,6,0,高价值忠诚用户
1014557,3,6,6,0,高价值忠诚用户
101457,2,2,2,2,活跃潜力用户
1014570,4,1,1,2,活跃潜力用户
1014577,2,5,5,0,高价值忠诚用户
1014597,1,2,2,2,活跃潜力用户
10146,2,2,2,2,活跃潜力用户
1014605,6,3,3,1,早期沉睡用户
1014609,3,1,1,2,活跃潜力用户
1014610,1,25,15,0,高价值忠诚用户
1014614,1,1,1,2,活跃潜力用户
1014617,1,1,1,2,活跃潜力用户
1014626,2,1,1,2,活跃潜力用户
1014629,1,2,2,2,活跃潜力用户
1014633,6,3,3,1,早期沉睡用户
1014637,5,3,3,1,早期沉睡用户
1014642,5,2,2,1,早期沉睡用户
1014647,1,2,2,2,活跃潜力用户
1014652,1,4,4,2,活跃潜力用户
1014667,1,1,1,2,活跃潜力用户
1014679,4,2,2,2,活跃潜力用户
1014688,5,1,1,1,早期沉睡用户
1014694,6,6,6,0,高价值忠诚用户
1014695,1,2,2,2,活跃潜力用户
1014696,1,2,2,2,活跃潜力用户
1014704,6,2,2,1,早期沉睡用户
1014708,4,2,2,2,活跃潜力用户
1014715,9,3,3,1,早期沉睡用户
1014716,1,7,6,0,高价值忠诚用户
101473,2,3,3,2,活跃潜力用户
1014732,4,6,6,0,高价值忠诚用户
1014736,7,3,3,1,早期沉睡用户
101474,2,2,2,2,活跃潜力用户
1014742,6,1,1,1,早期沉睡用户
1014755,4,1,1,2,活跃潜力用户
1014758,4,2,2,2,活跃潜力用户
1014778,6,2,2,1,早期沉睡用户
1014782,4,3,3,2,活跃潜力用户
1014786,2,1,1,2,活跃潜力用户
1014789,2,6,6,0,高价值忠诚用户
1014805,7,1,1,1,早期沉睡用户
1014817,1,3,3,2,活跃潜力用户
1014838,1,2,2,2,活跃潜力用户
1014840,4,4,4,2,活跃潜力用户
1014846,1,4,4,2,活跃潜力用户
1014858,5,2,2,1,早期沉睡用户
1014870,4,1,1,2,活跃潜力用户
1014880,1,3,3,2,活跃潜力用户
101489,1,1,1,2,活跃潜力用户
1014896,2,2,2,2,活跃潜力用户
1014907,1,8,7,0,高价值忠诚用户
1014909,6,2,2,1,早期沉睡用户
1014912,2,2,2,2,活跃潜力用户
1014917,4,6,6,0,高价值忠诚用户
1014932,3,1,1,2,活跃潜力用户
1014933,3,1,1,2,活跃潜力用户
1014935,1,3,2,2,活跃潜力用户
1014939,2,3,3,2,活跃潜力用户
1014955,1,1,1,2,活跃潜力用户
1014959,4,4,4,2,活跃潜力用户
1014977,4,1,1,2,活跃潜力用户
1014988,5,1,1,1,早期沉睡用户
1014989,4,3,3,2,活跃潜力用户
10150,2,1,1,2,活跃潜力用户
1015007,8,2,2,1,早期沉睡用户
1015014,7,1,1,1,早期沉睡用户
101502,7,2,2,1,早期沉睡用户
1015027,3,2,2,2,活跃潜力用户
1015031,7,2,2,1,早期沉睡用户
1015032,1,1,1,2,活跃潜力用户
1015045,2,2,2,2,活跃潜力用户
1015047,1,2,2,2,活跃潜力用户
1015055,2,5,5,0,高价值忠诚用户
1015060,2,3,3,2,活跃潜力用户
1015065,2,5,5,0,高价值忠诚用户
1015075,3,2,2,2,活跃潜力用户
1015076,4,1,1,2,活跃潜力用户
1015077,6,4,4,1,早期沉睡用户
1015090,2,2,2,2,活跃潜力用户
1015099,3,8,6,0,高价值忠诚用户
1015103,3,2,2,2,活跃潜力用户
1015112,3,4,4,2,活跃潜力用户
1015115,4,2,2,2,活跃潜力用户
1015117,1,3,3,2,活跃潜力用户
1015126,8,1,1,1,早期沉睡用户
1015130,2,4,3,2,活跃潜力用户
1015143,5,1,1,1,早期沉睡用户
101515,1,4,4,2,活跃潜力用户
101516,4,1,1,2,活跃潜力用户
1015171,4,1,1,2,活跃潜力用户
1015181,2,1,1,2,活跃潜力用户
1015184,1,1,1,2,活跃潜力用户
1015186,2,3,3,2,活跃潜力用户
1015193,2,3,3,2,活跃潜力用户
1015219,4,11,10,0,高价值忠诚用户
1015228,9,3,3,1,早期沉睡用户
1015229,1,4,4,2,活跃潜力用户
1015234,1,3,3,2,活跃潜力用户
1015237,3,3,3,2,活跃潜力用户
1015250,1,6,4,0,高价值忠诚用户
1015253,2,3,2,2,活跃潜力用户
1015255,1,21,10,0,高价值忠诚用户
101526,3,11,6,0,高价值忠诚用户
101527,1,3,3,2,活跃潜力用户
1015272,3,2,2,2,活跃潜力用户
1015278,2,7,6,0,高价值忠诚用户
1015279,2,5,4,2,活跃潜力用户
101528,3,5,5,0,高价值忠诚用户
1015280,2,1,1,2,活跃潜力用户
1015283,5,2,2,1,早期沉睡用户
1015299,2,1,1,2,活跃潜力用户
1015305,1,5,5,0,高价值忠诚用户
1015328,5,4,4,1,早期沉睡用户
1015330,2,8,8,0,高价值忠诚用户
1015342,2,5,5,0,高价值忠诚用户
1015344,2,1,1,2,活跃潜力用户
1015357,1,2,2,2,活跃潜力用户
1015360,4,3,2,2,活跃潜力用户
1015375,4,1,1,2,活跃潜力用户
1015386,2,4,2,2,活跃潜力用户
1015394,4,2,1,2,活跃潜力用户
1015399,8,1,1,1,早期沉睡用户
10154,9,1,1,1,早期沉睡用户
1015403,2,2,2,2,活跃潜力用户
1015408,1,2,2,2,活跃潜力用户
1015421,2,7,7,0,高价值忠诚用户
1015430,6,2,2,1,早期沉睡用户
1015449,3,1,1,2,活跃潜力用户
1015454,1,9,9,0,高价值忠诚用户
1015458,2,2,2,2,活跃潜力用户
1015460,2,3,3,2,活跃潜力用户
1015469,1,3,2,2,活跃潜力用户
1015471,5,6,6,0,高价值忠诚用户
1015472,2,2,2,2,活跃潜力用户
1015502,3,1,1,2,活跃潜力用户
1015531,7,1,1,1,早期沉睡用户
1015539,4,2,2,2,活跃潜力用户
1015545,1,10,10,0,高价值忠诚用户
1015548,5,4,4,1,早期沉睡用户
1015551,3,3,2,2,活跃潜力用户
1015554,1,3,2,2,活跃潜力用户
101556,1,3,2,2,活跃潜力用户
1015568,7,2,2,1,早期沉睡用户
1015571,7,1,1,1,早期沉睡用户
1015572,1,8,7,0,高价值忠诚用户
1015573,3,3,3,2,活跃潜力用户
1015574,3,2,2,2,活跃潜力用户
1015578,1,4,4,2,活跃潜力用户
1015582,1,2,2,2,活跃潜力用户
1015588,6,1,1,1,早期沉睡用户
1015591,4,8,6,0,高价值忠诚用户
1015592,1,2,2,2,活跃潜力用户
10156,2,1,1,2,活跃潜力用户
1015600,2,2,2,2,活跃潜力用户
1015602,2,2,2,2,活跃潜力用户
1015621,6,2,2,1,早期沉睡用户
1015628,6,1,1,1,早期沉睡用户
1015645,7,3,3,1,早期沉睡用户
1015656,2,3,3,2,活跃潜力用户
1015659,9,1,1,1,早期沉睡用户
1015673,1,12,11,0,高价值忠诚用户
1015678,5,9,8,0,高价值忠诚用户
1015693,7,2,2,1,早期沉睡用户
1015695,1,1,1,2,活跃潜力用户
1015702,3,3,3,2,活跃潜力用户
1015706,1,3,3,2,活跃潜力用户
1015718,6,4,4,1,早期沉睡用户
1015719,4,2,2,2,活跃潜力用户
1015720,8,1,1,1,早期沉睡用户
1015740,1,1,1,2,活跃潜力用户
1015742,2,3,3,2,活跃潜力用户
1015745,9,2,2,1,早期沉睡用户
101575,6,1,1,1,早期沉睡用户
1015754,1,21,21,0,高价值忠诚用户
1015756,4,9,9,0,高价值忠诚用户
1015760,1,8,8,0,高价值忠诚用户
1015763,4,3,3,2,活跃潜力用户
1015770,5,1,1,1,早期沉睡用户
1015772,3,5,5,0,高价值忠诚用户
1015779,5,1,1,1,早期沉睡用户
1015780,3,1,1,2,活跃潜力用户
1015784,1,1,1,2,活跃潜力用户
1015787,1,1,1,2,活跃潜力用户
1015794,1,5,4,2,活跃潜力用户
1015809,5,3,3,1,早期沉睡用户
1015811,6,2,2,1,早期沉睡用户
1015814,7,3,2,1,早期沉睡用户
101583,2,6,6,0,高价值忠诚用户
1015831,2,3,3,2,活跃潜力用户
1015840,5,1,1,1,早期沉睡用户
1015846,1,7,6,0,高价值忠诚用户
1015852,4,3,3,2,活跃潜力用户
1015856,1,2,2,2,活跃潜力用户
1015870,2,2,2,2,活跃潜力用户
1015875,3,2,2,2,活跃潜力用户
1015886,1,7,6,0,高价值忠诚用户
1015887,4,4,4,2,活跃潜力用户
1015888,1,3,3,2,活跃潜力用户
101589,1,2,2,2,活跃潜力用户
1015890,2,4,4,2,活跃潜力用户
1015903,7,3,3,1,早期沉睡用户
1015907,1,1,1,2,活跃潜力用户
1015910,3,2,2,2,活跃潜力用户
1015962,1,2,2,2,活跃潜力用户
1015966,1,3,3,2,活跃潜力用户
1015974,4,1,1,2,活跃潜力用户
1015981,6,1,1,1,早期沉睡用户
1015982,2,3,3,2,活跃潜力用户
1015986,2,1,1,2,活跃潜力用户
1015988,2,9,9,0,高价值忠诚用户
101599,2,1,1,2,活跃潜力用户
1016016,1,4,4,2,活跃潜力用户
1016018,7,1,1,1,早期沉睡用户
1016020,2,3,3,2,活跃潜力用户
1016024,1,5,5,0,高价值忠诚用户
1016026,2,1,1,2,活跃潜力用户
1016054,1,4,4,2,活跃潜力用户
101606,4,2,2,2,活跃潜力用户
1016068,7,1,1,1,早期沉睡用户
1016078,5,2,2,1,早期沉睡用户
1016079,5,1,1,1,早期沉睡用户
1016083,5,2,2,1,早期沉睡用户
1016093,1,2,2,2,活跃潜力用户
1016129,1,1,1,2,活跃潜力用户
101613,4,4,3,2,活跃潜力用户
1016137,1,3,3,2,活跃潜力用户
1016154,9,1,1,1,早期沉睡用户
1016156,1,7,7,0,高价值忠诚用户
1016185,2,3,3,2,活跃潜力用户
1016191,4,5,5,0,高价值忠诚用户
1016193,4,5,3,2,活跃潜力用户
1016201,7,3,3,1,早期沉睡用户
1016203,1,3,3,2,活跃潜力用户
1016219,8,2,1,1,早期沉睡用户
1016228,8,1,1,1,早期沉睡用户
1016234,1,4,4,2,活跃潜力用户
1016237,2,3,3,2,活跃潜力用户
1016247,2,3,3,2,活跃潜力用户
1016254,3,1,1,2,活跃潜力用户
1016260,8,1,1,1,早期沉睡用户
1016265,1,1,1,2,活跃潜力用户
1016277,1,3,3,2,活跃潜力用户
1016284,3,1,1,2,活跃潜力用户
1016289,4,2,2,2,活跃潜力用户
1016293,1,4,4,2,活跃潜力用户
1016298,2,1,1,2,活跃潜力用户
1016299,5,3,3,1,早期沉睡用户
1016302,1,2,2,2,活跃潜力用户
1016304,3,7,6,0,高价值忠诚用户
1016318,7,2,2,1,早期沉睡用户
1016326,1,7,7,0,高价值忠诚用户
1016334,4,6,5,0,高价值忠诚用户
1016342,2,2,2,2,活跃潜力用户
1016350,2,1,1,2,活跃潜力用户
1016357,1,7,7,0,高价值忠诚用户
1016372,2,1,1,2,活跃潜力用户
101638,9,1,1,1,早期沉睡用户
1016384,1,2,2,2,活跃潜力用户
1016385,3,2,2,2,活跃潜力用户
1016393,6,2,2,1,早期沉睡用户
1016394,4,2,2,2,活跃潜力用户
101640,1,3,3,2,活跃潜力用户
1016415,4,3,3,2,活跃潜力用户
1016418,1,1,1,2,活跃潜力用户
1016421,8,1,1,1,早期沉睡用户
1016424,1,3,3,2,活跃潜力用户
1016430,2,3,2,2,活跃潜力用户
1016451,1,1,1,2,活跃潜力用户
1016457,1,2,2,2,活跃潜力用户
1016465,1,4,4,2,活跃潜力用户
1016467,4,7,7,0,高价值忠诚用户
1016472,1,2,2,2,活跃潜力用户
1016474,8,2,2,1,早期沉睡用户
1016479,1,2,2,2,活跃潜力用户
1016481,7,2,2,1,早期沉睡用户
1016498,1,6,5,0,高价值忠诚用户
1016501,1,1,1,2,活跃潜力用户
1016502,5,2,2,1,早期沉睡用户
1016503,3,1,1,2,活跃潜力用户
1016512,2,2,2,2,活跃潜力用户
101653,2,2,2,2,活跃潜力用户
1016542,6,2,2,1,早期沉睡用户
1016554,5,3,3,1,早期沉睡用户
1016559,3,2,2,2,活跃潜力用户
1016560,3,1,1,2,活跃潜力用户
1016562,4,2,2,2,活跃潜力用户
1016568,5,1,1,1,早期沉睡用户
1016572,8,1,1,1,早期沉睡用户
1016576,2,2,2,2,活跃潜力用户
1016579,2,1,1,2,活跃潜力用户
1016582,1,6,6,0,高价值忠诚用户
101660,1,9,9,0,高价值忠诚用户
1016605,7,2,2,1,早期沉睡用户
1016606,5,1,1,1,早期沉睡用户
101661,2,1,1,2,活跃潜力用户
1016622,1,7,7,0,高价值忠诚用户
1016639,1,6,6,0,高价值忠诚用户
1016645,6,1,1,1,早期沉睡用户
1016651,1,3,3,2,活跃潜力用户
1016653,1,1,1,2,活跃潜力用户
1016659,6,2,2,1,早期沉睡用户
101666,3,1,1,2,活跃潜力用户
1016670,3,2,2,2,活跃潜力用户
1016682,2,6,5,0,高价值忠诚用户
1016689,9,2,2,1,早期沉睡用户
1016696,2,2,2,2,活跃潜力用户
1016700,3,3,3,2,活跃潜力用户
1016710,9,3,3,1,早期沉睡用户
1016711,2,3,3,2,活跃潜力用户
1016716,1,4,4,2,活跃潜力用户
1016717,7,1,1,1,早期沉睡用户
1016721,2,1,1,2,活跃潜力用户
101673,1,2,2,2,活跃潜力用户
1016731,7,1,1,1,早期沉睡用户
1016732,1,2,2,2,活跃潜力用户
1016733,7,1,1,1,早期沉睡用户
101674,9,1,1,1,早期沉睡用户
1016741,2,4,4,2,活跃潜力用户
1016743,4,1,1,2,活跃潜力用户
1016747,1,6,6,0,高价值忠诚用户
1016759,5,2,2,1,早期沉睡用户
1016774,1,5,5,0,高价值忠诚用户
101678,2,6,6,0,高价值忠诚用户
1016783,7,2,2,1,早期沉睡用户
1016784,4,2,2,2,活跃潜力用户
1016792,1,6,6,0,高价值忠诚用户
1016799,3,2,2,2,活跃潜力用户
1016803,5,3,3,1,早期沉睡用户
1016808,5,2,2,1,早期沉睡用户
1016810,6,2,2,1,早期沉睡用户
1016832,2,2,1,2,活跃潜力用户
1016838,2,6,6,0,高价值忠诚用户
1016855,6,1,1,1,早期沉睡用户
1016872,1,1,1,2,活跃潜力用户
1016878,7,1,1,1,早期沉睡用户
1016893,3,1,1,2,活跃潜力用户
10169,7,3,3,1,早期沉睡用户
1016912,5,23,13,0,高价值忠诚用户
1016916,8,1,1,1,早期沉睡用户
1016919,3,1,1,2,活跃潜力用户
1016924,1,2,2,2,活跃潜力用户
1016928,1,2,2,2,活跃潜力用户
1016929,5,1,1,1,早期沉睡用户
1016939,3,3,2,2,活跃潜力用户
1016950,1,2,2,2,活跃潜力用户
1016965,4,2,2,2,活跃潜力用户
1016970,3,1,1,2,活跃潜力用户
1016977,1,10,9,0,高价值忠诚用户
1016990,9,2,2,1,早期沉睡用户
1016997,6,1,1,1,早期沉睡用户
1016998,2,4,4,2,活跃潜力用户
10170,3,7,7,0,高价值忠诚用户
1017001,1,3,3,2,活跃潜力用户
1017005,5,3,3,1,早期沉睡用户
1017022,5,1,1,1,早期沉睡用户
1017023,1,3,3,2,活跃潜力用户
1017027,5,10,10,0,高价值忠诚用户
1017030,3,8,8,0,高价值忠诚用户
1017032,4,3,3,2,活跃潜力用户
1017034,1,2,2,2,活跃潜力用户
1017035,3,3,3,2,活跃潜力用户
1017036,2,4,4,2,活跃潜力用户
1017046,7,1,1,1,早期沉睡用户
1017049,9,1,1,1,早期沉睡用户
1017055,1,6,6,0,高价值忠诚用户
1017058,1,6,6,0,高价值忠诚用户
1017075,5,1,1,1,早期沉睡用户
1017085,3,3,3,2,活跃潜力用户
1017100,1,1,1,2,活跃潜力用户
1017105,3,10,8,0,高价值忠诚用户
1017107,1,1,1,2,活跃潜力用户
1017110,4,3,3,2,活跃潜力用户
1017116,1,1,1,2,活跃潜力用户
1017117,2,6,6,0,高价值忠诚用户
1017130,8,2,2,1,早期沉睡用户
1017135,4,2,2,2,活跃潜力用户
1017141,1,3,3,2,活跃潜力用户
1017143,6,3,3,1,早期沉睡用户
1017170,2,3,3,2,活跃潜力用户
1017209,7,3,3,1,早期沉睡用户
1017234,4,2,2,2,活跃潜力用户
1017244,6,1,1,1,早期沉睡用户
1017269,2,3,3,2,活跃潜力用户
1017277,4,2,2,2,活跃潜力用户
1017284,4,3,3,2,活跃潜力用户
1017304,7,2,2,1,早期沉睡用户
1017315,7,1,1,1,早期沉睡用户
1017318,1,3,3,2,活跃潜力用户
101733,7,1,1,1,早期沉睡用户
1017334,1,6,6,0,高价值忠诚用户
1017353,1,2,2,2,活跃潜力用户
1017355,1,2,2,2,活跃潜力用户
1017362,6,1,1,1,早期沉睡用户
1017364,2,2,2,2,活跃潜力用户
1017368,2,1,1,2,活跃潜力用户
1017378,2,3,3,2,活跃潜力用户
1017379,2,4,4,2,活跃潜力用户
101738,9,2,2,1,早期沉睡用户
1017392,2,4,4,2,活跃潜力用户
1017407,1,5,5,0,高价值忠诚用户
1017417,2,1,1,2,活跃潜力用户
1017427,2,1,1,2,活跃潜力用户
1017432,6,3,3,1,早期沉睡用户
101744,1,4,3,2,活跃潜力用户
1017453,1,1,1,2,活跃潜力用户
1017456,2,4,4,2,活跃潜力用户
1017463,7,1,1,1,早期沉睡用户
1017469,2,1,1,2,活跃潜力用户
1017484,1,1,1,2,活跃潜力用户
1017506,6,1,1,1,早期沉睡用户
1017508,5,1,1,1,早期沉睡用户
1017509,1,4,4,2,活跃潜力用户
1017511,3,1,1,2,活跃潜力用户
1017515,1,3,3,2,活跃潜力用户
1017522,5,1,1,1,早期沉睡用户
1017525,1,1,1,2,活跃潜力用户
1017526,2,2,2,2,活跃潜力用户
1017527,1,5,5,0,高价值忠诚用户
1017543,1,7,7,0,高价值忠诚用户
1017546,6,3,2,1,早期沉睡用户
1017557,1,2,2,2,活跃潜力用户
1017562,2,1,1,2,活跃潜力用户
1017567,1,6,5,0,高价值忠诚用户
1017574,5,2,2,1,早期沉睡用户
1017575,4,2,2,2,活跃潜力用户
1017579,5,3,3,1,早期沉睡用户
1017580,1,3,3,2,活跃潜力用户
1017582,4,2,2,2,活跃潜力用户
1017585,5,2,2,1,早期沉睡用户
1017598,1,3,3,2,活跃潜力用户
1017610,5,1,1,1,早期沉睡用户
1017612,3,2,2,2,活跃潜力用户
1017613,4,2,2,2,活跃潜力用户
1017615,4,2,2,2,活跃潜力用户
1017619,4,3,3,2,活跃潜力用户
101762,6,1,1,1,早期沉睡用户
1017621,6,3,2,1,早期沉睡用户
1017625,4,4,4,2,活跃潜力用户
1017627,1,6,5,0,高价值忠诚用户
1017633,3,3,3,2,活跃潜力用户
1017649,1,5,5,0,高价值忠诚用户
1017666,1,4,4,2,活跃潜力用户
101767,1,1,1,2,活跃潜力用户
1017670,2,4,4,2,活跃潜力用户
1017674,6,1,1,1,早期沉睡用户
1017678,5,3,3,1,早期沉睡用户
1017679,1,2,2,2,活跃潜力用户
1017696,8,2,2,1,早期沉睡用户
101771,2,6,5,0,高价值忠诚用户
1017719,4,6,6,0,高价值忠诚用户
1017723,9,1,1,1,早期沉睡用户
1017725,1,1,1,2,活跃潜力用户
1017730,3,2,2,2,活跃潜力用户
1017734,6,3,3,1,早期沉睡用户
1017762,6,4,4,1,早期沉睡用户
101777,2,4,4,2,活跃潜力用户
1017770,6,5,5,1,早期沉睡用户
1017772,5,1,1,1,早期沉睡用户
1017773,2,2,2,2,活跃潜力用户
1017780,8,2,2,1,早期沉睡用户
1017785,1,10,10,0,高价值忠诚用户
1017806,6,1,1,1,早期沉睡用户
1017814,1,1,1,2,活跃潜力用户
1017822,3,8,7,0,高价值忠诚用户
1017839,5,2,2,1,早期沉睡用户
1017850,2,3,3,2,活跃潜力用户
1017860,1,5,5,0,高价值忠诚用户
1017869,1,4,4,2,活跃潜力用户
1017877,6,1,1,1,早期沉睡用户
1017890,8,1,1,1,早期沉睡用户
1017894,1,1,1,2,活跃潜力用户
10179,3,3,3,2,活跃潜力用户
1017902,1,14,13,0,高价值忠诚用户
1017904,5,1,1,1,早期沉睡用户
1017905,1,8,8,0,高价值忠诚用户
1017910,8,1,1,1,早期沉睡用户
1017915,3,4,4,2,活跃潜力用户
1017918,5,1,1,1,早期沉睡用户
1017927,1,2,2,2,活跃潜力用户
1017937,1,4,4,2,活跃潜力用户
1017938,2,5,5,0,高价值忠诚用户
1017958,1,2,2,2,活跃潜力用户
1017960,1,3,3,2,活跃潜力用户
1017965,7,1,1,1,早期沉睡用户
101797,4,3,3,2,活跃潜力用户
1017972,5,4,4,1,早期沉睡用户
1017997,3,2,2,2,活跃潜力用户
1018011,8,1,1,1,早期沉睡用户
101808,3,4,4,2,活跃潜力用户
101817,6,3,3,1,早期沉睡用户
101832,1,21,20,0,高价值忠诚用户
101838,3,3,3,2,活跃潜力用户
101843,2,1,1,2,活跃潜力用户
101855,1,4,4,2,活跃潜力用户
101861,2,1,1,2,活跃潜力用户
101872,4,1,1,2,活跃潜力用户
101896,6,2,2,1,早期沉睡用户
101904,1,3,2,2,活跃潜力用户
101907,5,3,3,1,早期沉睡用户
101909,1,1,1,2,活跃潜力用户
101918,6,1,1,1,早期沉睡用户
101929,3,3,3,2,活跃潜力用户
101947,9,1,1,1,早期沉睡用户
101951,3,1,1,2,活跃潜力用户
101953,2,1,1,2,活跃潜力用户
101954,1,3,3,2,活跃潜力用户
101982,5,2,2,1,早期沉睡用户
101983,1,9,9,0,高价值忠诚用户
101989,3,1,1,2,活跃潜力用户
10199,4,2,2,2,活跃潜力用户
102004,7,1,1,1,早期沉睡用户
102018,4,1,1,2,活跃潜力用户
102019,5,4,3,1,早期沉睡用户
102020,2,6,6,0,高价值忠诚用户
102030,5,1,1,1,早期沉睡用户
102034,8,4,3,1,早期沉睡用户
102048,2,6,6,0,高价值忠诚用户
102050,2,6,6,0,高价值忠诚用户
10206,2,1,1,2,活跃潜力用户
102069,3,3,2,2,活跃潜力用户
102075,2,4,4,2,活跃潜力用户
102083,2,1,1,2,活跃潜力用户
102088,5,1,1,1,早期沉睡用户
102101,1,1,1,2,活跃潜力用户
102103,2,4,4,2,活跃潜力用户
102110,6,6,3,1,早期沉睡用户
102111,1,3,3,2,活跃潜力用户
102119,1,1,1,2,活跃潜力用户
102120,5,1,1,1,早期沉睡用户
102124,4,2,2,2,活跃潜力用户
102126,2,2,2,2,活跃潜力用户
102138,4,1,1,2,活跃潜力用户
102159,3,1,1,2,活跃潜力用户
102162,6,1,1,1,早期沉睡用户
102163,1,5,5,0,高价值忠诚用户
102169,5,1,1,1,早期沉睡用户
10218,1,3,3,2,活跃潜力用户
102184,6,1,1,1,早期沉睡用户
102189,8,1,1,1,早期沉睡用户
102220,5,8,7,0,高价值忠诚用户
102236,5,2,2,1,早期沉睡用户
102237,9,1,1,1,早期沉睡用户
102246,4,1,1,2,活跃潜力用户
102248,3,2,2,2,活跃潜力用户
102257,1,8,8,0,高价值忠诚用户
10226,1,2,2,2,活跃潜力用户
102260,9,1,1,1,早期沉睡用户
102270,2,4,4,2,活跃潜力用户
102286,1,1,1,2,活跃潜力用户
102294,1,2,2,2,活跃潜力用户
10230,2,3,3,2,活跃潜力用户
102302,1,6,4,0,高价值忠诚用户
102304,2,6,6,0,高价值忠诚用户
102307,5,2,2,1,早期沉睡用户
102308,8,1,1,1,早期沉睡用户
102315,3,2,2,2,活跃潜力用户
102318,3,2,2,2,活跃潜力用户
102319,7,3,3,1,早期沉睡用户
102325,2,2,2,2,活跃潜力用户
10234,2,1,1,2,活跃潜力用户
102359,5,3,2,1,早期沉睡用户
10236,5,7,6,0,高价值忠诚用户
102385,3,6,6,0,高价值忠诚用户
102386,1,7,7,0,高价值忠诚用户
102390,1,1,1,2,活跃潜力用户
102391,1,3,3,2,活跃潜力用户
102397,6,3,3,1,早期沉睡用户
102398,5,3,3,1,早期沉睡用户
10240,3,2,2,2,活跃潜力用户
102403,6,4,4,1,早期沉睡用户
102409,1,3,3,2,活跃潜力用户
102410,6,1,1,1,早期沉睡用户
102417,5,3,3,1,早期沉睡用户
102422,2,7,7,0,高价值忠诚用户
102424,7,2,2,1,早期沉睡用户
102434,7,3,3,1,早期沉睡用户
102436,3,1,1,2,活跃潜力用户
102450,5,1,1,1,早期沉睡用户
10246,2,1,1,2,活跃潜力用户
102481,2,3,3,2,活跃潜力用户
102487,3,3,3,2,活跃潜力用户
102495,2,3,3,2,活跃潜力用户
102496,9,3,3,1,早期沉睡用户
102508,2,1,1,2,活跃潜力用户
102509,3,2,2,2,活跃潜力用户
102519,1,2,2,2,活跃潜力用户
102523,9,2,2,1,早期沉睡用户
102526,5,1,1,1,早期沉睡用户
102534,7,1,1,1,早期沉睡用户
102546,4,3,3,2,活跃潜力用户
102569,2,3,3,2,活跃潜力用户
10257,2,2,2,2,活跃潜力用户
102574,1,5,4,2,活跃潜力用户
102580,5,1,1,1,早期沉睡用户
102596,1,3,2,2,活跃潜力用户
102604,1,3,3,2,活跃潜力用户
102605,9,2,2,1,早期沉睡用户
102609,4,1,1,2,活跃潜力用户
102617,1,6,6,0,高价值忠诚用户
102626,2,4,4,2,活跃潜力用户
10263,5,3,3,1,早期沉睡用户
102632,1,9,9,0,高价值忠诚用户
102633,2,7,6,0,高价值忠诚用户
102634,2,1,1,2,活跃潜力用户
102642,4,1,1,2,活跃潜力用户
102644,7,1,1,1,早期沉睡用户
102647,1,1,1,2,活跃潜力用户
10265,1,4,4,2,活跃潜力用户
102654,1,4,4,2,活跃潜力用户
102662,7,1,1,1,早期沉睡用户
102664,1,3,3,2,活跃潜力用户
102666,5,1,1,1,早期沉睡用户
102667,1,1,1,2,活跃潜力用户
10267,1,6,6,0,高价值忠诚用户
102682,2,4,4,2,活跃潜力用户
102686,1,3,3,2,活跃潜力用户
102690,7,1,1,1,早期沉睡用户
102697,2,3,3,2,活跃潜力用户
102702,1,3,3,2,活跃潜力用户
102703,1,5,4,2,活跃潜力用户
102715,4,2,2,2,活跃潜力用户
102716,4,12,7,0,高价值忠诚用户
102719,2,6,6,0,高价值忠诚用户
102721,1,5,5,0,高价值忠诚用户
102728,2,5,4,2,活跃潜力用户
102731,2,3,3,2,活跃潜力用户
102742,1,18,16,0,高价值忠诚用户
102748,2,2,2,2,活跃潜力用户
102750,2,2,2,2,活跃潜力用户
102762,1,6,6,0,高价值忠诚用户
102768,2,2,2,2,活跃潜力用户
102773,1,6,6,0,高价值忠诚用户
102774,1,6,5,0,高价值忠诚用户
102783,6,1,1,1,早期沉睡用户
102784,5,3,3,1,早期沉睡用户
102788,4,8,7,0,高价值忠诚用户
10279,1,1,1,2,活跃潜力用户
102795,2,4,4,2,活跃潜力用户
102802,4,6,6,0,高价值忠诚用户
102856,1,1,1,2,活跃潜力用户
102867,3,3,1,2,活跃潜力用户
102873,3,2,2,2,活跃潜力用户
102876,1,3,3,2,活跃潜力用户
102879,1,1,1,2,活跃潜力用户
102882,3,2,2,2,活跃潜力用户
102885,1,2,2,2,活跃潜力用户
102897,4,1,1,2,活跃潜力用户
10290,1,4,4,2,活跃潜力用户
102903,3,3,3,2,活跃潜力用户
102917,5,4,4,1,早期沉睡用户
102928,5,1,1,1,早期沉睡用户
102930,6,2,2,1,早期沉睡用户
102932,4,4,4,2,活跃潜力用户
102933,2,5,5,0,高价值忠诚用户
102945,7,1,1,1,早期沉睡用户
10295,3,4,4,2,活跃潜力用户
102953,1,29,29,3,超级用户
102954,5,1,1,1,早期沉睡用户
10296,1,2,2,2,活跃潜力用户
102960,9,1,1,1,早期沉睡用户
10297,2,3,3,2,活跃潜力用户
102971,5,1,1,1,早期沉睡用户
102972,2,6,6,0,高价值忠诚用户
102976,5,1,1,1,早期沉睡用户
102981,2,2,2,2,活跃潜力用户
102986,3,2,1,2,活跃潜力用户
10299,2,3,3,2,活跃潜力用户
103001,5,2,2,1,早期沉睡用户
103004,1,1,1,2,活跃潜力用户
103005,3,2,2,2,活跃潜力用户
10301,2,5,5,0,高价值忠诚用户
103019,1,1,1,2,活跃潜力用户
103023,7,1,1,1,早期沉睡用户
103046,1,1,1,2,活跃潜力用户
103054,1,3,3,2,活跃潜力用户
10306,8,1,1,1,早期沉睡用户
103062,2,4,4,2,活跃潜力用户
103067,7,1,1,1,早期沉睡用户
103071,3,5,5,0,高价值忠诚用户
103079,6,3,2,1,早期沉睡用户
103082,4,4,4,2,活跃潜力用户
103084,1,3,3,2,活跃潜力用户
103091,9,1,1,1,早期沉睡用户
103096,2,5,5,0,高价值忠诚用户
103098,9,1,1,1,早期沉睡用户
10311,4,2,2,2,活跃潜力用户
103112,3,1,1,2,活跃潜力用户
103121,3,2,2,2,活跃潜力用户
103128,1,2,2,2,活跃潜力用户
103139,5,3,3,1,早期沉睡用户
103141,4,18,18,0,高价值忠诚用户
103143,1,1,1,2,活跃潜力用户
103146,4,4,4,2,活跃潜力用户
103147,1,3,3,2,活跃潜力用户
10315,7,1,1,1,早期沉睡用户
103151,2,2,2,2,活跃潜力用户
103153,2,10,6,0,高价值忠诚用户
103156,2,6,6,0,高价值忠诚用户
103159,1,4,4,2,活跃潜力用户
103162,4,1,1,2,活跃潜力用户
103164,7,1,1,1,早期沉睡用户
103165,1,1,1,2,活跃潜力用户
103169,9,1,1,1,早期沉睡用户
103170,2,2,2,2,活跃潜力用户
103175,4,1,1,2,活跃潜力用户
103177,1,4,4,2,活跃潜力用户
103178,3,3,3,2,活跃潜力用户
103197,3,5,5,0,高价值忠诚用户
103202,2,5,5,0,高价值忠诚用户
103207,8,1,1,1,早期沉睡用户
10321,2,3,3,2,活跃潜力用户
103213,4,1,1,2,活跃潜力用户
103229,1,3,3,2,活跃潜力用户
103242,2,14,14,0,高价值忠诚用户
103246,1,5,5,0,高价值忠诚用户
103259,7,1,1,1,早期沉睡用户
103260,5,3,3,1,早期沉睡用户
103261,8,1,1,1,早期沉睡用户
103272,5,2,2,1,早期沉睡用户
103275,1,2,2,2,活跃潜力用户
103277,8,1,1,1,早期沉睡用户
10330,4,1,1,2,活跃潜力用户
103303,2,6,5,0,高价值忠诚用户
103305,7,1,1,1,早期沉睡用户
103308,7,5,4,1,早期沉睡用户
103310,1,1,1,2,活跃潜力用户
103312,6,3,3,1,早期沉睡用户
103313,4,1,1,2,活跃潜力用户
103317,1,2,2,2,活跃潜力用户
103332,5,2,2,1,早期沉睡用户
103347,7,1,1,1,早期沉睡用户
103367,9,1,1,1,早期沉睡用户
103373,2,3,3,2,活跃潜力用户
103379,8,3,3,1,早期沉睡用户
103382,4,4,4,2,活跃潜力用户
103388,2,1,1,2,活跃潜力用户
103390,8,1,1,1,早期沉睡用户
103395,2,1,1,2,活跃潜力用户
103402,3,2,2,2,活跃潜力用户
103414,3,1,1,2,活跃潜力用户
103416,5,1,1,1,早期沉睡用户
103425,2,1,1,2,活跃潜力用户
103427,5,4,4,1,早期沉睡用户
10343,2,1,1,2,活跃潜力用户
103435,7,2,2,1,早期沉睡用户
103439,1,7,7,0,高价值忠诚用户
103446,2,3,2,2,活跃潜力用户
103448,2,3,3,2,活跃潜力用户
103454,9,1,1,1,早期沉睡用户
103458,2,3,3,2,活跃潜力用户
103463,6,3,3,1,早期沉睡用户
103469,2,3,3,2,活跃潜力用户
103480,2,2,2,2,活跃潜力用户
103481,6,1,1,1,早期沉睡用户
103492,1,2,2,2,活跃潜力用户
1035,6,1,1,1,早期沉睡用户
103509,1,8,8,0,高价值忠诚用户
103511,1,4,4,2,活跃潜力用户
103530,1,2,2,2,活跃潜力用户
103532,1,15,14,0,高价值忠诚用户
103538,4,4,3,2,活跃潜力用户
103540,1,3,3,2,活跃潜力用户
103543,9,1,1,1,早期沉睡用户
103552,4,7,7,0,高价值忠诚用户
103574,1,2,2,2,活跃潜力用户
103582,1,1,1,2,活跃潜力用户
103584,3,1,1,2,活跃潜力用户
103585,1,4,3,2,活跃潜力用户
103611,3,1,1,2,活跃潜力用户
103614,6,1,1,1,早期沉睡用户
103623,4,2,1,2,活跃潜力用户
103627,1,5,5,0,高价值忠诚用户
103628,1,1,1,2,活跃潜力用户
10363,3,6,6,0,高价值忠诚用户
103630,7,1,1,1,早期沉睡用户
103634,7,3,3,1,早期沉睡用户
103636,8,1,1,1,早期沉睡用户
103643,1,2,2,2,活跃潜力用户
10365,3,8,8,0,高价值忠诚用户
103650,6,1,1,1,早期沉睡用户
103651,6,1,1,1,早期沉睡用户
10368,1,1,1,2,活跃潜力用户
103680,1,2,2,2,活跃潜力用户
103683,8,1,1,1,早期沉睡用户
103694,1,1,1,2,活跃潜力用户
103702,4,1,1,2,活跃潜力用户
103704,3,1,1,2,活跃潜力用户
103709,5,1,1,1,早期沉睡用户
10371,6,1,1,1,早期沉睡用户
103710,1,6,6,0,高价值忠诚用户
103712,1,3,3,2,活跃潜力用户
103716,1,1,1,2,活跃潜力用户
103732,4,1,1,2,活跃潜力用户
103733,1,1,1,2,活跃潜力用户
103741,4,2,2,2,活跃潜力用户
103756,2,2,2,2,活跃潜力用户
103760,2,2,2,2,活跃潜力用户
103775,3,3,3,2,活跃潜力用户
103777,1,1,1,2,活跃潜力用户
103780,2,6,6,0,高价值忠诚用户
103790,2,7,7,0,高价值忠诚用户
103803,3,2,2,2,活跃潜力用户
103807,4,1,1,2,活跃潜力用户
103810,2,3,3,2,活跃潜力用户
103814,1,2,2,2,活跃潜力用户
103817,2,5,5,0,高价值忠诚用户
103834,2,1,1,2,活跃潜力用户
103846,1,3,3,2,活跃潜力用户
103852,2,7,7,0,高价值忠诚用户
103854,4,5,5,0,高价值忠诚用户
103856,9,1,1,1,早期沉睡用户
10386,5,2,2,1,早期沉睡用户
103863,6,1,1,1,早期沉睡用户
10388,7,3,3,1,早期沉睡用户
103884,5,3,2,1,早期沉睡用户
103895,2,8,8,0,高价值忠诚用户
103902,5,6,5,0,高价值忠诚用户
103904,3,5,5,0,高价值忠诚用户
103910,1,2,2,2,活跃潜力用户
103912,1,2,2,2,活跃潜力用户
103914,1,1,1,2,活跃潜力用户
103917,2,1,1,2,活跃潜力用户
103923,4,1,1,2,活跃潜力用户
103949,9,1,1,1,早期沉睡用户
10395,1,5,5,0,高价值忠诚用户
103957,1,1,1,2,活跃潜力用户
10396,2,4,4,2,活跃潜力用户
103965,9,3,3,1,早期沉睡用户
103966,1,4,4,2,活跃潜力用户
103973,5,1,1,1,早期沉睡用户
103983,9,2,2,1,早期沉睡用户
104005,6,1,1,1,早期沉睡用户
104010,3,5,5,0,高价值忠诚用户
104013,2,3,3,2,活跃潜力用户
104014,4,1,1,2,活跃潜力用户
104019,1,9,9,0,高价值忠诚用户
10404,2,4,4,2,活跃潜力用户
104042,9,2,2,1,早期沉睡用户
104047,3,1,1,2,活跃潜力用户
104051,4,1,1,2,活跃潜力用户
104053,2,4,4,2,活跃潜力用户
104065,2,3,3,2,活跃潜力用户
104066,3,3,3,2,活跃潜力用户
10407,1,5,5,0,高价值忠诚用户
104082,5,2,2,1,早期沉睡用户
104083,1,15,8,0,高价值忠诚用户
104088,7,6,5,1,早期沉睡用户
104098,2,6,6,0,高价值忠诚用户
104103,8,2,2,1,早期沉睡用户
104110,8,2,2,1,早期沉睡用户
104111,6,2,2,1,早期沉睡用户
104115,1,2,2,2,活跃潜力用户
104127,7,1,1,1,早期沉睡用户
104130,1,2,1,2,活跃潜力用户
104137,7,2,2,1,早期沉睡用户
104142,1,7,7,0,高价值忠诚用户
104165,2,2,2,2,活跃潜力用户
104166,1,12,10,0,高价值忠诚用户
104169,3,1,1,2,活跃潜力用户
104174,1,3,3,2,活跃潜力用户
104191,2,3,3,2,活跃潜力用户
104192,6,5,5,1,早期沉睡用户
104201,8,4,3,1,早期沉睡用户
104216,3,4,4,2,活跃潜力用户
10422,8,1,1,1,早期沉睡用户
104241,5,3,3,1,早期沉睡用户
104249,1,3,3,2,活跃潜力用户
104252,4,2,2,2,活跃潜力用户
104253,6,1,1,1,早期沉睡用户
104264,4,4,4,2,活跃潜力用户
104267,8,1,1,1,早期沉睡用户
104280,7,1,1,1,早期沉睡用户
104293,8,1,1,1,早期沉睡用户
104303,3,1,1,2,活跃潜力用户
104307,6,2,2,1,早期沉睡用户
104325,2,1,1,2,活跃潜力用户
104332,4,1,1,2,活跃潜力用户
104334,2,4,4,2,活跃潜力用户
104337,2,5,5,0,高价值忠诚用户
104338,9,2,2,1,早期沉睡用户
104346,1,3,3,2,活跃潜力用户
104349,1,4,4,2,活跃潜力用户
10435,3,2,2,2,活跃潜力用户
104356,1,3,2,2,活跃潜力用户
104363,5,2,2,1,早期沉睡用户
104366,2,1,1,2,活跃潜力用户
104368,6,3,3,1,早期沉睡用户
104382,9,1,1,1,早期沉睡用户
104391,3,3,3,2,活跃潜力用户
104398,4,3,3,2,活跃潜力用户
1044,5,1,1,1,早期沉睡用户
104406,3,2,2,2,活跃潜力用户
104420,3,4,3,2,活跃潜力用户
104423,1,2,2,2,活跃潜力用户
104430,3,4,4,2,活跃潜力用户
104432,2,2,2,2,活跃潜力用户
104450,4,3,3,2,活跃潜力用户
104460,5,2,2,1,早期沉睡用户
104478,9,1,1,1,早期沉睡用户
104486,7,1,1,1,早期沉睡用户
10449,1,4,4,2,活跃潜力用户
104490,1,2,2,2,活跃潜力用户
104495,9,1,1,1,早期沉睡用户
104498,6,1,1,1,早期沉睡用户
104503,1,2,2,2,活跃潜力用户
10452,8,4,3,1,早期沉睡用户
104520,1,1,1,2,活跃潜力用户
104521,2,1,1,2,活跃潜力用户
104542,8,1,1,1,早期沉睡用户
104570,3,7,7,0,高价值忠诚用户
10458,2,2,2,2,活跃潜力用户
104587,2,2,2,2,活跃潜力用户
104593,1,3,3,2,活跃潜力用户
104597,2,1,1,2,活跃潜力用户
104599,2,5,5,0,高价值忠诚用户
104620,1,9,8,0,高价值忠诚用户
104622,2,1,1,2,活跃潜力用户
104623,6,1,1,1,早期沉睡用户
104626,3,4,4,2,活跃潜力用户
104638,9,2,2,1,早期沉睡用户
10464,7,1,1,1,早期沉睡用户
104640,1,1,1,2,活跃潜力用户
104642,7,5,5,1,早期沉睡用户
10465,2,2,2,2,活跃潜力用户
104653,1,1,1,2,活跃潜力用户
104659,2,4,4,2,活跃潜力用户
104667,8,1,1,1,早期沉睡用户
104674,6,1,1,1,早期沉睡用户
104675,9,3,3,1,早期沉睡用户
10469,6,11,11,0,高价值忠诚用户
104690,1,1,1,2,活跃潜力用户
104691,2,5,5,0,高价值忠诚用户
104695,3,3,3,2,活跃潜力用户
104701,6,3,3,1,早期沉睡用户
104703,1,9,9,0,高价值忠诚用户
104710,1,9,9,0,高价值忠诚用户
104719,1,3,3,2,活跃潜力用户
104733,3,7,6,0,高价值忠诚用户
104734,1,1,1,2,活跃潜力用户
104742,3,2,2,2,活跃潜力用户
104749,7,2,2,1,早期沉睡用户
10476,1,6,5,0,高价值忠诚用户
104765,2,1,1,2,活跃潜力用户
104778,2,4,4,2,活跃潜力用户
104781,2,5,5,0,高价值忠诚用户
104782,3,2,2,2,活跃潜力用户
104783,7,1,1,1,早期沉睡用户
104785,2,9,7,0,高价值忠诚用户
104796,6,4,4,1,早期沉睡用户
104807,4,1,1,2,活跃潜力用户
104811,1,6,6,0,高价值忠诚用户
104820,5,3,3,1,早期沉睡用户
104822,1,1,1,2,活跃潜力用户
104823,1,5,5,0,高价值忠诚用户
104829,5,3,3,1,早期沉睡用户
104842,4,5,5,0,高价值忠诚用户
10485,2,1,1,2,活跃潜力用户
104850,8,1,1,1,早期沉睡用户
104864,7,1,1,1,早期沉睡用户
104865,6,4,4,1,早期沉睡用户
10487,5,2,2,1,早期沉睡用户
104879,1,4,3,2,活跃潜力用户
104880,5,1,1,1,早期沉睡用户
104889,2,1,1,2,活跃潜力用户
104893,1,4,4,2,活跃潜力用户
104894,2,8,8,0,高价值忠诚用户
104899,1,4,4,2,活跃潜力用户
10490,1,4,4,2,活跃潜力用户
104906,1,2,2,2,活跃潜力用户
104911,3,1,1,2,活跃潜力用户
104915,7,1,1,1,早期沉睡用户
104917,2,2,2,2,活跃潜力用户
104930,3,5,5,0,高价值忠诚用户
104933,3,3,3,2,活跃潜力用户
104935,2,3,3,2,活跃潜力用户
104936,4,4,3,2,活跃潜力用户
104939,4,1,1,2,活跃潜力用户
104944,2,4,3,2,活跃潜力用户
104958,1,3,3,2,活跃潜力用户
104965,6,1,1,1,早期沉睡用户
104991,4,1,1,2,活跃潜力用户
104997,2,1,1,2,活跃潜力用户
105000,1,2,2,2,活跃潜力用户
105016,6,1,1,1,早期沉睡用户
10502,2,5,5,0,高价值忠诚用户
105027,7,9,5,0,高价值忠诚用户
105029,6,3,3,1,早期沉睡用户
105043,2,1,1,2,活跃潜力用户
105044,1,5,5,0,高价值忠诚用户
105050,5,1,1,1,早期沉睡用户
105054,6,7,6,0,高价值忠诚用户
105059,6,2,2,1,早期沉睡用户
105060,2,2,2,2,活跃潜力用户
105081,9,1,1,1,早期沉睡用户
105088,4,1,1,2,活跃潜力用户
105116,7,7,7,0,高价值忠诚用户
10512,1,3,3,2,活跃潜力用户
105121,4,2,2,2,活跃潜力用户
105128,2,1,1,2,活跃潜力用户
10514,5,1,1,1,早期沉睡用户
105140,2,3,3,2,活跃潜力用户
105144,1,3,3,2,活跃潜力用户
105145,8,1,1,1,早期沉睡用户
10515,1,3,1,2,活跃潜力用户
105160,2,2,2,2,活跃潜力用户
105161,4,5,5,0,高价值忠诚用户
105167,9,1,1,1,早期沉睡用户
10517,3,1,1,2,活跃潜力用户
105171,3,3,3,2,活跃潜力用户
105180,1,4,4,2,活跃潜力用户
105182,1,2,2,2,活跃潜力用户
10519,2,4,4,2,活跃潜力用户
105190,2,1,1,2,活跃潜力用户
105193,7,2,2,1,早期沉睡用户
105194,2,4,4,2,活跃潜力用户
105198,5,1,1,1,早期沉睡用户
105199,4,2,2,2,活跃潜力用户
105204,3,5,5,0,高价值忠诚用户
105207,1,2,2,2,活跃潜力用户
105222,1,2,2,2,活跃潜力用户
105236,2,1,1,2,活跃潜力用户
105237,4,1,1,2,活跃潜力用户
10524,6,1,1,1,早期沉睡用户
105242,6,1,1,1,早期沉睡用户
105250,4,1,1,2,活跃潜力用户
105254,8,1,1,1,早期沉睡用户
10526,1,2,2,2,活跃潜力用户
10527,1,1,1,2,活跃潜力用户
105279,7,1,1,1,早期沉睡用户
10529,5,1,1,1,早期沉睡用户
105297,2,2,2,2,活跃潜力用户
105307,8,1,1,1,早期沉睡用户
105313,3,1,1,2,活跃潜力用户
105323,8,1,1,1,早期沉睡用户
105330,8,1,1,1,早期沉睡用户
105341,1,3,3,2,活跃潜力用户
105342,3,4,4,2,活跃潜力用户
105360,2,6,5,0,高价值忠诚用户
105364,1,7,7,0,高价值忠诚用户
105367,2,2,2,2,活跃潜力用户
105369,9,1,1,1,早期沉睡用户
105384,5,2,2,1,早期沉睡用户
105386,9,1,1,1,早期沉睡用户
105392,2,1,1,2,活跃潜力用户
105413,2,2,2,2,活跃潜力用户
10542,2,1,1,2,活跃潜力用户
105422,3,5,5,0,高价值忠诚用户
105425,1,1,1,2,活跃潜力用户
105433,2,2,1,2,活跃潜力用户
105450,6,1,1,1,早期沉睡用户
105455,5,6,6,0,高价值忠诚用户
105465,1,3,3,2,活跃潜力用户
105475,7,2,2,1,早期沉睡用户
105479,7,4,2,1,早期沉睡用户
105488,2,3,3,2,活跃潜力用户
105489,5,2,2,1,早期沉睡用户
105495,2,7,7,0,高价值忠诚用户
105506,8,1,1,1,早期沉睡用户
105509,4,4,4,2,活跃潜力用户
105515,2,1,1,2,活跃潜力用户
105516,3,4,3,2,活跃潜力用户
10552,1,3,3,2,活跃潜力用户
105521,1,3,3,2,活跃潜力用户
105530,3,3,3,2,活跃潜力用户
105536,3,3,3,2,活跃潜力用户
105540,1,9,6,0,高价值忠诚用户
105542,2,2,2,2,活跃潜力用户
105546,4,1,1,2,活跃潜力用户
105548,5,1,1,1,早期沉睡用户
105550,1,3,2,2,活跃潜力用户
105551,1,1,1,2,活跃潜力用户
105553,9,1,1,1,早期沉睡用户
105561,2,2,2,2,活跃潜力用户
105567,3,2,2,2,活跃潜力用户
105572,9,1,1,1,早期沉睡用户
105581,2,5,5,0,高价值忠诚用户
105596,4,5,5,0,高价值忠诚用户
105602,6,5,5,1,早期沉睡用户
105605,9,2,2,1,早期沉睡用户
105616,1,1,1,2,活跃潜力用户
105620,1,3,3,2,活跃潜力用户
105624,8,1,1,1,早期沉睡用户
105632,4,1,1,2,活跃潜力用户
105638,6,1,1,1,早期沉睡用户
105643,1,5,5,0,高价值忠诚用户
105654,3,1,1,2,活跃潜力用户
105657,3,1,1,2,活跃潜力用户
105673,6,2,2,1,早期沉睡用户
105675,4,3,3,2,活跃潜力用户
105689,4,4,4,2,活跃潜力用户
105698,1,3,3,2,活跃潜力用户
10571,2,1,1,2,活跃潜力用户
105712,2,5,5,0,高价值忠诚用户
105713,1,3,2,2,活跃潜力用户
105721,3,1,1,2,活跃潜力用户
105729,5,4,4,1,早期沉睡用户
105738,3,2,2,2,活跃潜力用户
105744,1,2,2,2,活跃潜力用户
105748,1,5,5,0,高价值忠诚用户
105755,6,1,1,1,早期沉睡用户
105757,4,3,3,2,活跃潜力用户
105769,4,5,5,0,高价值忠诚用户
105770,1,2,2,2,活跃潜力用户
105773,7,1,1,1,早期沉睡用户
105775,2,3,3,2,活跃潜力用户
105789,7,1,1,1,早期沉睡用户
105796,3,3,3,2,活跃潜力用户
105797,1,3,3,2,活跃潜力用户
105819,1,5,5,0,高价值忠诚用户
105823,9,1,1,1,早期沉睡用户
105858,2,1,1,2,活跃潜力用户
105861,1,1,1,2,活跃潜力用户
105873,1,6,6,0,高价值忠诚用户
105884,1,2,2,2,活跃潜力用户
105886,3,2,2,2,活跃潜力用户
105888,5,1,1,1,早期沉睡用户
105899,4,3,3,2,活跃潜力用户
105903,7,4,4,1,早期沉睡用户
105904,4,1,1,2,活跃潜力用户
105907,1,5,5,0,高价值忠诚用户
105908,6,1,1,1,早期沉睡用户
105917,9,1,1,1,早期沉睡用户
105920,2,2,2,2,活跃潜力用户
105927,5,2,2,1,早期沉睡用户
10593,1,1,1,2,活跃潜力用户
105944,7,1,1,1,早期沉睡用户
105949,1,2,2,2,活跃潜力用户
105951,2,1,1,2,活跃潜力用户
105952,7,2,2,1,早期沉睡用户
105968,9,1,1,1,早期沉睡用户
105975,1,4,4,2,活跃潜力用户
105979,8,1,1,1,早期沉睡用户
105981,7,1,1,1,早期沉睡用户
105983,1,2,2,2,活跃潜力用户
105984,3,2,2,2,活跃潜力用户
105988,9,1,1,1,早期沉睡用户
105989,3,1,1,2,活跃潜力用户
105992,5,2,2,1,早期沉睡用户
106003,8,5,5,1,早期沉睡用户
106005,5,2,2,1,早期沉睡用户
106007,3,3,3,2,活跃潜力用户
106024,1,2,2,2,活跃潜力用户
106033,3,1,1,2,活跃潜力用户
106038,1,4,4,2,活跃潜力用户
106051,3,1,1,2,活跃潜力用户
106056,9,1,1,1,早期沉睡用户
106067,1,8,7,0,高价值忠诚用户
106077,1,3,3,2,活跃潜力用户
10608,1,6,6,0,高价值忠诚用户
106080,1,12,12,0,高价值忠诚用户
106084,8,2,2,1,早期沉睡用户
106087,1,3,3,2,活跃潜力用户
106090,1,2,2,2,活跃潜力用户
106100,6,1,1,1,早期沉睡用户
106107,4,3,3,2,活跃潜力用户
106118,1,13,13,0,高价值忠诚用户
106123,9,1,1,1,早期沉睡用户
106134,2,1,1,2,活跃潜力用户
106135,7,1,1,1,早期沉睡用户
106142,2,5,5,0,高价值忠诚用户
106144,1,2,2,2,活跃潜力用户
106147,6,3,3,1,早期沉睡用户
10615,4,1,1,2,活跃潜力用户
106157,1,1,1,2,活跃潜力用户
10618,2,4,4,2,活跃潜力用户
106189,4,4,4,2,活跃潜力用户
106190,5,6,6,0,高价值忠诚用户
106193,9,1,1,1,早期沉睡用户
106194,2,2,2,2,活跃潜力用户
106199,9,1,1,1,早期沉睡用户
106200,1,2,2,2,活跃潜力用户
106207,3,1,1,2,活跃潜力用户
106213,1,3,3,2,活跃潜力用户
106216,3,3,3,2,活跃潜力用户
10622,4,4,4,2,活跃潜力用户
106223,7,4,4,1,早期沉睡用户
106230,5,1,1,1,早期沉睡用户
106235,3,5,5,0,高价值忠诚用户
106252,8,1,1,1,早期沉睡用户
106255,7,2,2,1,早期沉睡用户
106260,3,2,2,2,活跃潜力用户
106267,1,3,3,2,活跃潜力用户
106276,1,2,2,2,活跃潜力用户
10628,1,2,2,2,活跃潜力用户
106286,2,23,22,3,超级用户
10629,7,2,2,1,早期沉睡用户
10630,4,2,2,2,活跃潜力用户
106303,2,1,1,2,活跃潜力用户
106334,7,1,1,1,早期沉睡用户
106347,4,1,1,2,活跃潜力用户
106353,3,1,1,2,活跃潜力用户
106355,9,1,1,1,早期沉睡用户
106363,1,2,1,2,活跃潜力用户
106364,1,3,2,2,活跃潜力用户
106370,8,4,4,1,早期沉睡用户
106382,4,2,2,2,活跃潜力用户
106392,3,5,5,0,高价值忠诚用户
106395,1,4,4,2,活跃潜力用户
106400,1,5,5,0,高价值忠诚用户
106413,1,2,2,2,活跃潜力用户
106415,1,6,6,0,高价值忠诚用户
106416,2,2,2,2,活跃潜力用户
10642,4,1,1,2,活跃潜力用户
106424,1,4,4,2,活跃潜力用户
106435,1,5,5,0,高价值忠诚用户
106437,4,1,1,2,活跃潜力用户
10645,2,1,1,2,活跃潜力用户
106457,1,1,1,2,活跃潜力用户
106468,4,3,3,2,活跃潜力用户
106473,9,1,1,1,早期沉睡用户
106478,3,1,1,2,活跃潜力用户
106488,1,2,2,2,活跃潜力用户
106489,6,5,5,1,早期沉睡用户
106501,2,1,1,2,活跃潜力用户
106507,1,1,1,2,活跃潜力用户
106514,8,2,2,1,早期沉睡用户
106518,5,1,1,1,早期沉睡用户
106525,5,2,2,1,早期沉睡用户
106526,1,4,4,2,活跃潜力用户
106530,5,1,1,1,早期沉睡用户
106531,3,5,5,0,高价值忠诚用户
106532,1,4,4,2,活跃潜力用户
106549,2,3,3,2,活跃潜力用户
106550,5,2,2,1,早期沉睡用户
10656,1,2,2,2,活跃潜力用户
106561,2,1,1,2,活跃潜力用户
106566,6,1,1,1,早期沉睡用户
106573,6,3,3,1,早期沉睡用户
106596,4,4,4,2,活跃潜力用户
106600,2,4,4,2,活跃潜力用户
106603,3,8,5,0,高价值忠诚用户
106613,1,4,4,2,活跃潜力用户
106617,1,12,12,0,高价值忠诚用户
106621,6,1,1,1,早期沉睡用户
106634,7,2,2,1,早期沉睡用户
106635,2,8,7,0,高价值忠诚用户
106640,2,3,3,2,活跃潜力用户
106649,2,6,5,0,高价值忠诚用户
106655,4,2,2,2,活跃潜力用户
106663,3,7,7,0,高价值忠诚用户
10667,4,1,1,2,活跃潜力用户
10668,1,7,7,0,高价值忠诚用户
106681,1,1,1,2,活跃潜力用户
10669,6,2,2,1,早期沉睡用户
106699,1,5,4,2,活跃潜力用户
106701,5,2,2,1,早期沉睡用户
106703,2,3,3,2,活跃潜力用户
10671,7,1,1,1,早期沉睡用户
106723,1,2,2,2,活跃潜力用户
106724,6,1,1,1,早期沉睡用户
106742,1,2,2,2,活跃潜力用户
106749,4,5,5,0,高价值忠诚用户
106757,2,1,1,2,活跃潜力用户
106759,6,1,1,1,早期沉睡用户
10676,6,1,1,1,早期沉睡用户
106789,2,3,3,2,活跃潜力用户
106790,2,1,1,2,活跃潜力用户
10680,2,2,2,2,活跃潜力用户
106800,1,2,2,2,活跃潜力用户
10681,8,12,12,0,高价值忠诚用户
106814,7,1,1,1,早期沉睡用户
106815,3,2,2,2,活跃潜力用户
106818,3,2,2,2,活跃潜力用户
106827,8,1,1,1,早期沉睡用户
10683,1,4,4,2,活跃潜力用户
106836,8,3,3,1,早期沉睡用户
106838,1,6,6,0,高价值忠诚用户
106848,1,1,1,2,活跃潜力用户
106852,6,2,2,1,早期沉睡用户
106854,1,2,2,2,活跃潜力用户
106858,6,2,2,1,早期沉睡用户
10686,7,1,1,1,早期沉睡用户
106860,3,2,2,2,活跃潜力用户
106880,3,1,1,2,活跃潜力用户
106920,3,4,4,2,活跃潜力用户
106921,4,1,1,2,活跃潜力用户
106925,1,3,3,2,活跃潜力用户
106928,3,4,3,2,活跃潜力用户
106935,2,1,1,2,活跃潜力用户
10694,1,7,5,0,高价值忠诚用户
106940,2,7,7,0,高价值忠诚用户
10695,2,1,1,2,活跃潜力用户
106951,6,4,4,1,早期沉睡用户
106952,1,1,1,2,活跃潜力用户
106955,1,1,1,2,活跃潜力用户
106970,5,2,1,1,早期沉睡用户
106971,8,1,1,1,早期沉睡用户
106994,1,1,1,2,活跃潜力用户
106997,1,1,1,2,活跃潜力用户
107002,1,8,8,0,高价值忠诚用户
107008,9,1,1,1,早期沉睡用户
107011,3,2,2,2,活跃潜力用户
107025,1,14,12,0,高价值忠诚用户
107027,2,14,14,0,高价值忠诚用户
107028,2,6,6,0,高价值忠诚用户
107029,2,2,2,2,活跃潜力用户
107030,6,1,1,1,早期沉睡用户
107046,4,2,2,2,活跃潜力用户
10705,4,1,1,2,活跃潜力用户
107064,4,2,2,2,活跃潜力用户
107078,2,13,11,0,高价值忠诚用户
107089,5,1,1,1,早期沉睡用户
107104,1,3,3,2,活跃潜力用户
107109,6,9,3,0,高价值忠诚用户
107112,1,3,3,2,活跃潜力用户
107125,9,2,2,1,早期沉睡用户
107126,3,5,5,0,高价值忠诚用户
107134,1,18,17,0,高价值忠诚用户
107159,1,5,4,2,活跃潜力用户
107160,5,1,1,1,早期沉睡用户
107161,4,1,1,2,活跃潜力用户
107168,5,3,3,1,早期沉睡用户
107169,2,1,1,2,活跃潜力用户
107179,5,1,1,1,早期沉睡用户
107181,1,7,7,0,高价值忠诚用户
107188,1,3,3,2,活跃潜力用户
107191,2,5,5,0,高价值忠诚用户
107195,4,4,4,2,活跃潜力用户
1072,1,3,3,2,活跃潜力用户
107201,2,1,1,2,活跃潜力用户
107205,1,3,3,2,活跃潜力用户
107233,2,7,7,0,高价值忠诚用户
107238,1,1,1,2,活跃潜力用户
107239,2,3,3,2,活跃潜力用户
107243,1,5,4,2,活跃潜力用户
107260,2,2,2,2,活跃潜力用户
107263,7,1,1,1,早期沉睡用户
107268,3,2,2,2,活跃潜力用户
10727,7,1,1,1,早期沉睡用户
107293,1,5,4,2,活跃潜力用户
107302,3,2,2,2,活跃潜力用户
107311,3,1,1,2,活跃潜力用户
107313,9,1,1,1,早期沉睡用户
107318,5,4,4,1,早期沉睡用户
107333,6,3,2,1,早期沉睡用户
107345,2,3,3,2,活跃潜力用户
107346,3,3,3,2,活跃潜力用户
107350,1,1,1,2,活跃潜力用户
107351,5,1,1,1,早期沉睡用户
107353,3,2,2,2,活跃潜力用户
107369,5,2,2,1,早期沉睡用户
107388,5,6,5,0,高价值忠诚用户
107389,1,5,5,0,高价值忠诚用户
107393,5,3,3,1,早期沉睡用户
107398,1,2,2,2,活跃潜力用户
107407,3,3,2,2,活跃潜力用户
107408,6,2,2,1,早期沉睡用户
107416,3,3,3,2,活跃潜力用户
107427,2,2,2,2,活跃潜力用户
107445,8,3,3,1,早期沉睡用户
107447,4,3,3,2,活跃潜力用户
107470,5,1,1,1,早期沉睡用户
107471,1,4,3,2,活跃潜力用户
107472,2,3,3,2,活跃潜力用户
107488,1,1,1,2,活跃潜力用户
107492,1,5,5,0,高价值忠诚用户
107514,8,1,1,1,早期沉睡用户
10752,5,2,2,1,早期沉睡用户
107539,4,4,4,2,活跃潜力用户
107549,1,1,1,2,活跃潜力用户
10755,8,1,1,1,早期沉睡用户
107554,6,1,1,1,早期沉睡用户
107565,3,6,6,0,高价值忠诚用户
107569,1,19,18,0,高价值忠诚用户
10757,1,4,4,2,活跃潜力用户
107572,4,1,1,2,活跃潜力用户
107584,6,1,1,1,早期沉睡用户
107586,6,2,2,1,早期沉睡用户
107588,2,9,8,0,高价值忠诚用户
107601,1,4,4,2,活跃潜力用户
107606,1,19,16,0,高价值忠诚用户
107614,9,1,1,1,早期沉睡用户
107615,3,2,2,2,活跃潜力用户
107627,2,6,6,0,高价值忠诚用户
107628,3,3,3,2,活跃潜力用户
107633,5,1,1,1,早期沉睡用户
107656,6,1,1,1,早期沉睡用户
107665,1,5,5,0,高价值忠诚用户
107670,2,2,2,2,活跃潜力用户
107674,8,1,1,1,早期沉睡用户
107679,3,2,2,2,活跃潜力用户
10769,3,3,3,2,活跃潜力用户
107693,1,2,2,2,活跃潜力用户
107699,1,3,3,2,活跃潜力用户
107702,2,1,1,2,活跃潜力用户
107707,2,2,1,2,活跃潜力用户
107718,7,4,4,1,早期沉睡用户
10772,1,5,4,2,活跃潜力用户
107723,5,4,4,1,早期沉睡用户
107726,1,2,2,2,活跃潜力用户
107735,1,1,1,2,活跃潜力用户
107740,4,1,1,2,活跃潜力用户
107741,6,1,1,1,早期沉睡用户
107745,2,1,1,2,活跃潜力用户
107748,5,3,3,1,早期沉睡用户
107756,1,2,2,2,活跃潜力用户
10776,1,7,7,0,高价值忠诚用户
10777,5,1,1,1,早期沉睡用户
107780,3,1,1,2,活跃潜力用户
10779,1,3,3,2,活跃潜力用户
107792,3,1,1,2,活跃潜力用户
107797,3,3,3,2,活跃潜力用户
107800,7,2,2,1,早期沉睡用户
107805,1,4,3,2,活跃潜力用户
107817,2,3,2,2,活跃潜力用户
107825,1,8,8,0,高价值忠诚用户
107830,7,2,2,1,早期沉睡用户
107836,9,1,1,1,早期沉睡用户
107845,9,1,1,1,早期沉睡用户
107848,2,1,1,2,活跃潜力用户
107850,1,4,4,2,活跃潜力用户
107866,3,3,3,2,活跃潜力用户
107875,7,1,1,1,早期沉睡用户
107891,4,1,1,2,活跃潜力用户
107895,2,1,1,2,活跃潜力用户
10790,4,1,1,2,活跃潜力用户
107902,6,2,2,1,早期沉睡用户
107916,8,3,3,1,早期沉睡用户
107917,6,3,3,1,早期沉睡用户
107923,3,2,2,2,活跃潜力用户
107932,1,72,51,3,超级用户
107935,1,3,3,2,活跃潜力用户
107937,3,2,2,2,活跃潜力用户
107942,5,1,1,1,早期沉睡用户
107945,7,2,2,1,早期沉睡用户
107961,1,5,5,0,高价值忠诚用户
107982,9,4,4,1,早期沉睡用户
107985,8,1,1,1,早期沉睡用户
107989,2,5,5,0,高价值忠诚用户
107990,1,2,2,2,活跃潜力用户
1080,8,1,1,1,早期沉睡用户
108015,7,2,2,1,早期沉睡用户
10802,2,4,3,2,活跃潜力用户
108022,1,1,1,2,活跃潜力用户
108025,1,8,8,0,高价值忠诚用户
108036,7,1,1,1,早期沉睡用户
108037,1,5,5,0,高价值忠诚用户
108038,1,4,4,2,活跃潜力用户
108045,5,3,2,1,早期沉睡用户
108050,1,6,6,0,高价值忠诚用户
10806,7,2,2,1,早期沉睡用户
108060,9,1,1,1,早期沉睡用户
108073,5,3,3,1,早期沉睡用户
108077,1,3,3,2,活跃潜力用户
108078,1,2,2,2,活跃潜力用户
10808,1,3,2,2,活跃潜力用户
10809,3,1,1,2,活跃潜力用户
108090,2,2,2,2,活跃潜力用户
108092,2,3,3,2,活跃潜力用户
10810,3,2,2,2,活跃潜力用户
108102,1,6,5,0,高价值忠诚用户
108103,1,2,2,2,活跃潜力用户
108105,4,1,1,2,活跃潜力用户
108108,4,3,3,2,活跃潜力用户
108111,2,1,1,2,活跃潜力用户
108140,2,6,6,0,高价值忠诚用户
108149,3,3,2,2,活跃潜力用户
108154,1,3,3,2,活跃潜力用户
108161,4,3,3,2,活跃潜力用户
108164,2,1,1,2,活跃潜力用户
108179,4,1,1,2,活跃潜力用户
108182,5,1,1,1,早期沉睡用户
108185,5,3,3,1,早期沉睡用户
108187,2,5,4,2,活跃潜力用户
108204,8,1,1,1,早期沉睡用户
108206,2,4,4,2,活跃潜力用户
108227,1,6,6,0,高价值忠诚用户
108233,1,6,6,0,高价值忠诚用户
108235,5,1,1,1,早期沉睡用户
108237,6,2,2,1,早期沉睡用户
108248,1,4,4,2,活跃潜力用户
108252,6,1,1,1,早期沉睡用户
108259,3,12,10,0,高价值忠诚用户
108265,3,3,3,2,活跃潜力用户
108270,3,3,2,2,活跃潜力用户
108274,1,2,2,2,活跃潜力用户
108275,2,9,9,0,高价值忠诚用户
108282,3,2,2,2,活跃潜力用户
108288,4,3,3,2,活跃潜力用户
108294,3,2,2,2,活跃潜力用户
1083,1,3,3,2,活跃潜力用户
108302,1,1,1,2,活跃潜力用户
108305,2,2,2,2,活跃潜力用户
108348,2,1,1,2,活跃潜力用户
108354,3,9,9,0,高价值忠诚用户
10836,5,2,2,1,早期沉睡用户
108363,1,4,4,2,活跃潜力用户
108364,2,6,5,0,高价值忠诚用户
108382,4,2,2,2,活跃潜力用户
108388,3,2,2,2,活跃潜力用户
108390,3,3,3,2,活跃潜力用户
108397,7,2,2,1,早期沉睡用户
108407,2,7,7,0,高价值忠诚用户
108417,7,4,4,1,早期沉睡用户
108425,6,2,1,1,早期沉睡用户
108428,2,3,3,2,活跃潜力用户
10843,4,1,1,2,活跃潜力用户
108442,5,1,1,1,早期沉睡用户
108449,6,4,4,1,早期沉睡用户
108450,1,2,2,2,活跃潜力用户
108452,3,2,2,2,活跃潜力用户
108457,1,5,5,0,高价值忠诚用户
108480,2,5,4,2,活跃潜力用户
108484,8,2,2,1,早期沉睡用户
10849,4,3,3,2,活跃潜力用户
108491,7,1,1,1,早期沉睡用户
10851,2,2,2,2,活跃潜力用户
108510,7,1,1,1,早期沉睡用户
108516,3,1,1,2,活跃潜力用户
108519,1,1,1,2,活跃潜力用户
108523,1,7,7,0,高价值忠诚用户
108526,2,3,3,2,活跃潜力用户
108529,3,3,2,2,活跃潜力用户
108541,5,2,2,1,早期沉睡用户
108546,2,2,2,2,活跃潜力用户
108568,1,1,1,2,活跃潜力用户
10858,4,6,4,0,高价值忠诚用户
108588,1,1,1,2,活跃潜力用户
108590,9,1,1,1,早期沉睡用户
108594,9,2,2,1,早期沉睡用户
108605,1,6,6,0,高价值忠诚用户
108607,4,3,3,2,活跃潜力用户
108620,4,1,1,2,活跃潜力用户
108623,6,3,3,1,早期沉睡用户
108629,2,3,3,2,活跃潜力用户
108630,7,2,2,1,早期沉睡用户
108634,6,1,1,1,早期沉睡用户
108635,6,3,3,1,早期沉睡用户
108651,2,2,2,2,活跃潜力用户
108654,3,1,1,2,活跃潜力用户
108666,2,3,3,2,活跃潜力用户
108669,3,2,2,2,活跃潜力用户
108670,6,1,1,1,早期沉睡用户
108672,7,2,2,1,早期沉睡用户
108676,1,4,4,2,活跃潜力用户
108681,8,1,1,1,早期沉睡用户
108685,7,1,1,1,早期沉睡用户
108696,4,4,4,2,活跃潜力用户
108703,2,2,2,2,活跃潜力用户
10871,3,4,3,2,活跃潜力用户
108710,3,3,3,2,活跃潜力用户
108755,3,8,6,0,高价值忠诚用户
108756,9,1,1,1,早期沉睡用户
10876,6,1,1,1,早期沉睡用户
108768,7,1,1,1,早期沉睡用户
10877,5,10,10,0,高价值忠诚用户
108770,9,1,1,1,早期沉睡用户
108772,4,1,1,2,活跃潜力用户
108773,2,4,4,2,活跃潜力用户
108775,4,3,3,2,活跃潜力用户
108799,1,2,1,2,活跃潜力用户
108800,4,3,3,2,活跃潜力用户
108803,2,2,2,2,活跃潜力用户
108805,3,1,1,2,活跃潜力用户
108809,1,6,6,0,高价值忠诚用户
10882,4,1,1,2,活跃潜力用户
108823,7,1,1,1,早期沉睡用户
108825,1,2,2,2,活跃潜力用户
108836,3,1,1,2,活跃潜力用户
108842,1,2,2,2,活跃潜力用户
108845,4,2,2,2,活跃潜力用户
108856,4,1,1,2,活跃潜力用户
108858,9,1,1,1,早期沉睡用户
108861,3,1,1,2,活跃潜力用户
108865,2,36,36,3,超级用户
108870,4,1,1,2,活跃潜力用户
108878,3,3,3,2,活跃潜力用户
10888,6,3,3,1,早期沉睡用户
108882,6,2,2,1,早期沉睡用户
108883,6,1,1,1,早期沉睡用户
108891,7,1,1,1,早期沉睡用户
108906,5,1,1,1,早期沉睡用户
108910,6,2,2,1,早期沉睡用户
108918,3,2,2,2,活跃潜力用户
10895,9,1,1,1,早期沉睡用户
108967,1,6,5,0,高价值忠诚用户
108969,9,1,1,1,早期沉睡用户
108982,5,2,2,1,早期沉睡用户
108988,2,3,3,2,活跃潜力用户
10899,1,14,11,0,高价值忠诚用户
108996,1,7,7,0,高价值忠诚用户
108997,1,8,8,0,高价值忠诚用户
109004,5,4,4,1,早期沉睡用户
10901,9,1,1,1,早期沉睡用户
109018,5,1,1,1,早期沉睡用户
109022,2,2,2,2,活跃潜力用户
109038,4,3,2,2,活跃潜力用户
109047,2,2,2,2,活跃潜力用户
109048,4,5,4,2,活跃潜力用户
10905,2,2,2,2,活跃潜力用户
109065,6,2,2,1,早期沉睡用户
109083,5,2,2,1,早期沉睡用户
109085,1,1,1,2,活跃潜力用户
109092,1,3,3,2,活跃潜力用户
109094,8,1,1,1,早期沉睡用户
109095,4,4,4,2,活跃潜力用户
109098,5,3,3,1,早期沉睡用户
109100,2,4,4,2,活跃潜力用户
109109,3,3,3,2,活跃潜力用户
109117,2,3,3,2,活跃潜力用户
109124,1,5,5,0,高价值忠诚用户
109134,7,1,1,1,早期沉睡用户
109135,3,4,4,2,活跃潜力用户
109147,7,2,2,1,早期沉睡用户
109157,2,4,3,2,活跃潜力用户
109161,3,1,1,2,活跃潜力用户
109163,1,9,8,0,高价值忠诚用户
109169,1,7,7,0,高价值忠诚用户
109188,5,5,5,0,高价值忠诚用户
109210,1,2,2,2,活跃潜力用户
109216,9,3,3,1,早期沉睡用户
109218,1,3,3,2,活跃潜力用户
10923,1,2,2,2,活跃潜力用户
109232,8,1,1,1,早期沉睡用户
109233,2,4,4,2,活跃潜力用户
109253,6,1,1,1,早期沉睡用户
10926,3,6,6,0,高价值忠诚用户
109270,2,2,2,2,活跃潜力用户
109275,1,2,2,2,活跃潜力用户
109276,1,2,2,2,活跃潜力用户
109277,3,1,1,2,活跃潜力用户
109284,9,1,1,1,早期沉睡用户
109291,1,8,8,0,高价值忠诚用户
109295,5,2,2,1,早期沉睡用户
109306,5,1,1,1,早期沉睡用户
109319,2,1,1,2,活跃潜力用户
109321,2,11,11,0,高价值忠诚用户
109322,7,1,1,1,早期沉睡用户
109328,4,1,1,2,活跃潜力用户
109332,3,1,1,2,活跃潜力用户
109333,1,3,3,2,活跃潜力用户
109337,1,5,5,0,高价值忠诚用户
109343,3,4,4,2,活跃潜力用户
10935,5,1,1,1,早期沉睡用户
109350,2,2,2,2,活跃潜力用户
109357,1,3,3,2,活跃潜力用户
109364,1,10,10,0,高价值忠诚用户
109371,4,1,1,2,活跃潜力用户
109377,6,3,3,1,早期沉睡用户
109388,1,5,5,0,高价值忠诚用户
109397,2,4,3,2,活跃潜力用户
109401,1,3,3,2,活跃潜力用户
109407,3,2,2,2,活跃潜力用户
109416,6,2,2,1,早期沉睡用户
109421,5,2,2,1,早期沉睡用户
109427,9,1,1,1,早期沉睡用户
109439,1,1,1,2,活跃潜力用户
109443,3,1,1,2,活跃潜力用户
109444,1,1,1,2,活跃潜力用户
109474,1,4,4,2,活跃潜力用户
109491,4,1,1,2,活跃潜力用户
109496,2,2,2,2,活跃潜力用户
1095,1,1,1,2,活跃潜力用户
109523,1,2,2,2,活跃潜力用户
109529,3,3,2,2,活跃潜力用户
109540,5,1,1,1,早期沉睡用户
109544,3,1,1,2,活跃潜力用户
109570,2,1,1,2,活跃潜力用户
109575,9,1,1,1,早期沉睡用户
109589,6,3,3,1,早期沉睡用户
10960,4,3,3,2,活跃潜力用户
109604,1,1,1,2,活跃潜力用户
109606,5,2,2,1,早期沉睡用户
109611,5,1,1,1,早期沉睡用户
109623,7,3,3,1,早期沉睡用户
109625,7,1,1,1,早期沉睡用户
109640,6,1,1,1,早期沉睡用户
109643,1,6,6,0,高价值忠诚用户
109660,1,20,19,0,高价值忠诚用户
109661,1,4,4,2,活跃潜力用户
109671,5,1,1,1,早期沉睡用户
109677,5,1,1,1,早期沉睡用户
10968,2,5,5,0,高价值忠诚用户
109681,8,1,1,1,早期沉睡用户
109684,3,7,6,0,高价值忠诚用户
10969,2,2,2,2,活跃潜力用户
109711,2,1,1,2,活跃潜力用户
109717,1,4,4,2,活跃潜力用户
109728,2,7,7,0,高价值忠诚用户
109732,2,3,3,2,活跃潜力用户
109733,2,4,4,2,活跃潜力用户
109736,2,1,1,2,活跃潜力用户
109749,6,1,1,1,早期沉睡用户
109756,4,2,2,2,活跃潜力用户
109776,3,2,1,2,活跃潜力用户
109782,5,2,2,1,早期沉睡用户
109786,5,2,2,1,早期沉睡用户
109791,7,1,1,1,早期沉睡用户
109794,3,1,1,2,活跃潜力用户
109798,3,1,1,2,活跃潜力用户
1098,2,1,1,2,活跃潜力用户
109808,1,2,2,2,活跃潜力用户
109810,8,1,1,1,早期沉睡用户
109829,4,1,1,2,活跃潜力用户
10983,5,1,1,1,早期沉睡用户
109830,1,2,2,2,活跃潜力用户
10984,1,5,5,0,高价值忠诚用户
109842,3,1,1,2,活跃潜力用户
109855,2,1,1,2,活跃潜力用户
109856,6,9,9,0,高价值忠诚用户
109860,3,3,3,2,活跃潜力用户
109865,2,1,1,2,活跃潜力用户
109867,3,2,2,2,活跃潜力用户
109873,2,2,2,2,活跃潜力用户
109876,4,1,1,2,活跃潜力用户
109880,4,4,4,2,活跃潜力用户
109889,8,1,1,1,早期沉睡用户
109900,1,3,3,2,活跃潜力用户
109908,1,2,2,2,活跃潜力用户
109911,2,2,2,2,活跃潜力用户
109919,3,4,4,2,活跃潜力用户
109926,2,1,1,2,活跃潜力用户
109931,5,1,1,1,早期沉睡用户
109940,2,1,1,2,活跃潜力用户
109943,2,1,1,2,活跃潜力用户
109945,5,2,2,1,早期沉睡用户
109948,1,3,3,2,活跃潜力用户
109951,1,2,2,2,活跃潜力用户
109957,2,5,5,0,高价值忠诚用户
10996,6,4,4,1,早期沉睡用户
109967,9,1,1,1,早期沉睡用户
109968,6,2,2,1,早期沉睡用户
109971,1,6,6,0,高价值忠诚用户
109974,1,2,2,2,活跃潜力用户
109975,5,1,1,1,早期沉睡用户
109976,3,3,3,2,活跃潜力用户
109977,1,1,1,2,活跃潜力用户
109979,6,1,1,1,早期沉睡用户
109983,1,3,3,2,活跃潜力用户
109990,1,2,2,2,活跃潜力用户
110003,4,8,7,0,高价值忠诚用户
110005,9,1,1,1,早期沉睡用户
110020,3,7,7,0,高价值忠诚用户
110023,3,2,2,2,活跃潜力用户
110025,1,1,1,2,活跃潜力用户
110029,1,11,7,0,高价值忠诚用户
110032,7,2,2,1,早期沉睡用户
110036,6,2,2,1,早期沉睡用户
110041,3,3,2,2,活跃潜力用户
110056,2,4,4,2,活跃潜力用户
110058,1,3,3,2,活跃潜力用户
110062,6,1,1,1,早期沉睡用户
110081,4,1,1,2,活跃潜力用户
110091,1,3,2,2,活跃潜力用户
110092,2,3,3,2,活跃潜力用户
110097,1,13,12,0,高价值忠诚用户
110111,5,1,1,1,早期沉睡用户
110116,1,1,1,2,活跃潜力用户
110117,2,8,8,0,高价值忠诚用户
110118,2,1,1,2,活跃潜力用户
110125,4,2,2,2,活跃潜力用户
11016,4,4,2,2,活跃潜力用户
110165,1,1,1,2,活跃潜力用户
110167,5,1,1,1,早期沉睡用户
110173,2,2,2,2,活跃潜力用户
110176,2,1,1,2,活跃潜力用户
110179,1,4,4,2,活跃潜力用户
110187,4,1,1,2,活跃潜力用户
11019,7,1,1,1,早期沉睡用户
110193,1,2,2,2,活跃潜力用户
110195,4,3,3,2,活跃潜力用户
110196,1,3,3,2,活跃潜力用户
110200,1,7,7,0,高价值忠诚用户
110207,7,1,1,1,早期沉睡用户
110219,3,2,2,2,活跃潜力用户
110221,9,1,1,1,早期沉睡用户
110245,8,5,3,1,早期沉睡用户
110247,8,2,2,1,早期沉睡用户
110248,9,1,1,1,早期沉睡用户
110254,6,1,1,1,早期沉睡用户
110259,1,1,1,2,活跃潜力用户
110271,2,5,5,0,高价值忠诚用户
110288,7,1,1,1,早期沉睡用户
110294,1,4,4,2,活跃潜力用户
110300,4,1,1,2,活跃潜力用户
110303,6,1,1,1,早期沉睡用户
110304,5,1,1,1,早期沉睡用户
110311,3,6,6,0,高价值忠诚用户
110322,4,1,1,2,活跃潜力用户
110328,1,2,2,2,活跃潜力用户
110336,2,8,8,0,高价值忠诚用户
110339,5,4,4,1,早期沉睡用户
110350,7,1,1,1,早期沉睡用户
110357,5,1,1,1,早期沉睡用户
110359,2,4,4,2,活跃潜力用户
110360,1,8,8,0,高价值忠诚用户
110365,1,7,7,0,高价值忠诚用户
110370,5,1,1,1,早期沉睡用户
110373,1,2,2,2,活跃潜力用户
110381,2,2,2,2,活跃潜力用户
110387,7,2,2,1,早期沉睡用户
110392,1,2,2,2,活跃潜力用户
110405,2,6,6,0,高价值忠诚用户
110425,4,3,3,2,活跃潜力用户
110431,1,3,3,2,活跃潜力用户
110434,2,2,1,2,活跃潜力用户
11045,2,6,6,0,高价值忠诚用户
110455,4,4,4,2,活跃潜力用户
110483,7,1,1,1,早期沉睡用户
110499,2,2,2,2,活跃潜力用户
1105,7,4,4,1,早期沉睡用户
110505,2,2,2,2,活跃潜力用户
110511,5,1,1,1,早期沉睡用户
110518,2,4,4,2,活跃潜力用户
110520,4,3,3,2,活跃潜力用户
110531,2,2,2,2,活跃潜力用户
110536,2,3,2,2,活跃潜力用户
110541,2,2,2,2,活跃潜力用户
110549,3,3,3,2,活跃潜力用户
110552,4,3,3,2,活跃潜力用户
110557,3,2,2,2,活跃潜力用户
110565,1,1,1,2,活跃潜力用户
110575,9,1,1,1,早期沉睡用户
110579,4,1,1,2,活跃潜力用户
11058,7,2,2,1,早期沉睡用户
110588,4,3,3,2,活跃潜力用户
110597,3,3,3,2,活跃潜力用户
110598,5,3,3,1,早期沉睡用户
110609,3,1,1,2,活跃潜力用户
110622,2,5,4,2,活跃潜力用户
110624,6,1,1,1,早期沉睡用户
110633,3,3,3,2,活跃潜力用户
110635,2,2,2,2,活跃潜力用户
110652,3,4,4,2,活跃潜力用户
110653,3,4,4,2,活跃潜力用户
110661,5,1,1,1,早期沉睡用户
110679,7,1,1,1,早期沉睡用户
110681,9,1,1,1,早期沉睡用户
110686,7,2,2,1,早期沉睡用户
110694,1,13,11,0,高价值忠诚用户
110704,1,8,8,0,高价值忠诚用户
110707,2,3,3,2,活跃潜力用户
110710,3,4,4,2,活跃潜力用户
110715,4,1,1,2,活跃潜力用户
110720,5,2,2,1,早期沉睡用户
110725,2,3,3,2,活跃潜力用户
110741,1,3,3,2,活跃潜力用户
110743,7,1,1,1,早期沉睡用户
110773,2,1,1,2,活跃潜力用户
110776,4,3,3,2,活跃潜力用户
11079,1,4,4,2,活跃潜力用户
110801,2,5,5,0,高价值忠诚用户
110802,5,7,7,0,高价值忠诚用户
110804,5,5,5,0,高价值忠诚用户
110815,1,3,3,2,活跃潜力用户
110818,2,2,2,2,活跃潜力用户
110827,9,1,1,1,早期沉睡用户
110862,1,3,3,2,活跃潜力用户
110872,5,1,1,1,早期沉睡用户
110873,5,4,4,1,早期沉睡用户
110878,1,3,3,2,活跃潜力用户
110881,4,1,1,2,活跃潜力用户
110884,9,1,1,1,早期沉睡用户
110885,2,4,4,2,活跃潜力用户
110898,5,3,2,1,早期沉睡用户
110904,5,4,4,1,早期沉睡用户
110915,8,1,1,1,早期沉睡用户
110924,1,3,2,2,活跃潜力用户
110926,2,1,1,2,活跃潜力用户
110928,4,7,7,0,高价值忠诚用户
110934,2,3,3,2,活跃潜力用户
110948,3,2,2,2,活跃潜力用户
110956,2,6,2,2,活跃潜力用户
11096,5,3,3,1,早期沉睡用户
11097,6,3,2,1,早期沉睡用户
110973,3,1,1,2,活跃潜力用户
110976,2,3,3,2,活跃潜力用户
110989,1,4,4,2,活跃潜力用户
11099,2,6,6,0,高价值忠诚用户
111001,4,2,2,2,活跃潜力用户
111004,3,2,2,2,活跃潜力用户
111015,6,1,1,1,早期沉睡用户
111023,1,6,6,0,高价值忠诚用户
111041,7,2,2,1,早期沉睡用户
111052,2,5,5,0,高价值忠诚用户
111056,5,1,1,1,早期沉睡用户
111063,7,2,2,1,早期沉睡用户
111068,1,2,2,2,活跃潜力用户
111081,8,1,1,1,早期沉睡用户
111095,3,7,6,0,高价值忠诚用户
111097,7,2,2,1,早期沉睡用户
111102,2,1,1,2,活跃潜力用户
111107,6,7,7,0,高价值忠诚用户
111121,8,1,1,1,早期沉睡用户
111124,1,2,2,2,活跃潜力用户
111132,2,1,1,2,活跃潜力用户
111167,1,2,2,2,活跃潜力用户
111169,2,4,4,2,活跃潜力用户
111184,9,1,1,1,早期沉睡用户
111190,7,1,1,1,早期沉睡用户
111196,4,2,2,2,活跃潜力用户
111198,9,1,1,1,早期沉睡用户
111200,1,2,2,2,活跃潜力用户
111213,1,3,3,2,活跃潜力用户
111216,1,7,6,0,高价值忠诚用户
111221,4,1,1,2,活跃潜力用户
111225,3,1,1,2,活跃潜力用户
111226,1,4,4,2,活跃潜力用户
111233,4,5,4,2,活跃潜力用户
111247,1,4,4,2,活跃潜力用户
11126,1,1,1,2,活跃潜力用户
111262,2,3,3,2,活跃潜力用户
111266,2,7,6,0,高价值忠诚用户
111268,7,2,2,1,早期沉睡用户
111270,2,6,6,0,高价值忠诚用户
111273,9,1,1,1,早期沉睡用户
111276,1,2,2,2,活跃潜力用户
111288,6,4,4,1,早期沉睡用户
111306,2,3,3,2,活跃潜力用户
111322,1,19,17,0,高价值忠诚用户
111334,9,1,1,1,早期沉睡用户
111342,1,2,2,2,活跃潜力用户
111346,2,1,1,2,活跃潜力用户
111349,3,3,3,2,活跃潜力用户
111365,2,9,9,0,高价值忠诚用户
111369,1,1,1,2,活跃潜力用户
111386,6,5,5,1,早期沉睡用户
111387,1,1,1,2,活跃潜力用户
1114,2,4,4,2,活跃潜力用户
11140,1,1,1,2,活跃潜力用户
11141,2,9,5,0,高价值忠诚用户
111442,6,2,2,1,早期沉睡用户
111449,9,1,1,1,早期沉睡用户
11145,4,5,4,2,活跃潜力用户
111459,1,3,3,2,活跃潜力用户
111467,3,4,4,2,活跃潜力用户
111482,1,2,2,2,活跃潜力用户
111492,2,5,5,0,高价值忠诚用户
111501,5,2,2,1,早期沉睡用户
111502,1,3,3,2,活跃潜力用户
111512,1,3,3,2,活跃潜力用户
111517,1,6,6,0,高价值忠诚用户
111524,2,6,5,0,高价值忠诚用户
111541,2,1,1,2,活跃潜力用户
111542,6,1,1,1,早期沉睡用户
111548,1,3,3,2,活跃潜力用户
111549,1,10,10,0,高价值忠诚用户
111551,6,3,3,1,早期沉睡用户
111552,4,5,5,0,高价值忠诚用户
111556,1,2,2,2,活跃潜力用户
111572,5,3,3,1,早期沉睡用户
11158,7,2,2,1,早期沉睡用户
111585,1,1,1,2,活跃潜力用户
11159,3,4,4,2,活跃潜力用户
111607,1,3,3,2,活跃潜力用户
111616,2,3,3,2,活跃潜力用户
11162,1,4,4,2,活跃潜力用户
111626,4,4,2,2,活跃潜力用户
111629,1,4,4,2,活跃潜力用户
111636,4,2,1,2,活跃潜力用户
111643,5,2,2,1,早期沉睡用户
111647,3,2,2,2,活跃潜力用户
111652,2,1,1,2,活跃潜力用户
111691,8,1,1,1,早期沉睡用户
111692,1,3,3,2,活跃潜力用户
111700,8,1,1,1,早期沉睡用户
111710,4,1,1,2,活跃潜力用户
111711,4,2,2,2,活跃潜力用户
111721,6,1,1,1,早期沉睡用户
111727,2,2,2,2,活跃潜力用户
111738,1,4,4,2,活跃潜力用户
111755,4,2,2,2,活跃潜力用户
111765,5,7,7,0,高价值忠诚用户
111770,8,3,3,1,早期沉睡用户
111783,5,1,1,1,早期沉睡用户
111785,2,8,6,0,高价值忠诚用户
11179,1,3,3,2,活跃潜力用户
111811,6,3,3,1,早期沉睡用户
111820,4,3,3,2,活跃潜力用户
111821,4,5,5,0,高价值忠诚用户
111822,2,9,9,0,高价值忠诚用户
111823,2,1,1,2,活跃潜力用户
111826,2,1,1,2,活跃潜力用户
111828,2,1,1,2,活跃潜力用户
111841,2,1,1,2,活跃潜力用户
111848,5,2,2,1,早期沉睡用户
111849,7,1,1,1,早期沉睡用户
111856,9,1,1,1,早期沉睡用户
111858,3,3,3,2,活跃潜力用户
111860,6,2,2,1,早期沉睡用户
111867,2,3,2,2,活跃潜力用户
11189,2,2,2,2,活跃潜力用户
111890,1,3,3,2,活跃潜力用户
111891,3,2,2,2,活跃潜力用户
111894,1,2,2,2,活跃潜力用户
1119,1,8,8,0,高价值忠诚用户
11190,1,7,6,0,高价值忠诚用户
111904,6,1,1,1,早期沉睡用户
111908,2,3,2,2,活跃潜力用户
111910,2,3,3,2,活跃潜力用户
111932,2,12,12,0,高价值忠诚用户
111933,2,2,2,2,活跃潜力用户
11194,3,4,3,2,活跃潜力用户
111941,2,2,2,2,活跃潜力用户
111942,4,4,4,2,活跃潜力用户
111948,5,6,6,0,高价值忠诚用户
111951,3,2,2,2,活跃潜力用户
111952,2,1,1,2,活跃潜力用户
111975,1,1,1,2,活跃潜力用户
111976,5,2,2,1,早期沉睡用户
111978,2,2,2,2,活跃潜力用户
111987,7,1,1,1,早期沉睡用户
1120,6,3,3,1,早期沉睡用户
112006,7,1,1,1,早期沉睡用户
112010,1,1,1,2,活跃潜力用户
112013,6,1,1,1,早期沉睡用户
112015,1,8,8,0,高价值忠诚用户
11202,2,2,2,2,活跃潜力用户
112040,5,2,2,1,早期沉睡用户
112055,1,18,12,0,高价值忠诚用户
112057,3,5,5,0,高价值忠诚用户
112058,5,1,1,1,早期沉睡用户
112070,1,5,5,0,高价值忠诚用户
112084,3,6,6,0,高价值忠诚用户
112087,1,3,3,2,活跃潜力用户
11209,2,1,1,2,活跃潜力用户
112092,6,1,1,1,早期沉睡用户
112094,1,1,1,2,活跃潜力用户
112097,5,1,1,1,早期沉睡用户
112099,1,5,5,0,高价值忠诚用户
112104,1,4,4,2,活跃潜力用户
112108,4,1,1,2,活跃潜力用户
112109,4,1,1,2,活跃潜力用户
112111,1,6,6,0,高价值忠诚用户
112117,2,2,2,2,活跃潜力用户
112122,9,1,1,1,早期沉睡用户
112126,4,1,1,2,活跃潜力用户
112141,2,1,1,2,活跃潜力用户
112145,2,4,4,2,活跃潜力用户
11215,3,1,1,2,活跃潜力用户
112160,5,3,3,1,早期沉睡用户
112165,1,7,7,0,高价值忠诚用户
112166,6,2,2,1,早期沉睡用户
112182,6,1,1,1,早期沉睡用户
112208,4,3,3,2,活跃潜力用户
112210,9,1,1,1,早期沉睡用户
112213,3,1,1,2,活跃潜力用户
112215,5,3,3,1,早期沉睡用户
11222,8,2,2,1,早期沉睡用户
112220,1,4,3,2,活跃潜力用户
112225,9,1,1,1,早期沉睡用户
112229,2,1,1,2,活跃潜力用户
112238,1,2,2,2,活跃潜力用户
112242,2,7,6,0,高价值忠诚用户
112243,2,5,4,2,活跃潜力用户
112244,1,2,2,2,活跃潜力用户
11225,4,1,1,2,活跃潜力用户
112253,1,2,2,2,活跃潜力用户
112259,9,1,1,1,早期沉睡用户
11226,1,8,7,0,高价值忠诚用户
112268,7,1,1,1,早期沉睡用户
112274,1,3,3,2,活跃潜力用户
112279,2,1,1,2,活跃潜力用户
112285,2,4,4,2,活跃潜力用户
112286,8,1,1,1,早期沉睡用户
112287,1,9,9,0,高价值忠诚用户
112296,5,3,3,1,早期沉睡用户
112300,3,1,1,2,活跃潜力用户
112316,7,1,1,1,早期沉睡用户
112345,7,1,1,1,早期沉睡用户
112351,5,2,2,1,早期沉睡用户
112360,6,2,2,1,早期沉睡用户
112369,1,5,5,0,高价值忠诚用户
112372,1,5,5,0,高价值忠诚用户
112393,1,2,2,2,活跃潜力用户
1124,1,4,4,2,活跃潜力用户
112401,1,2,2,2,活跃潜力用户
112405,8,1,1,1,早期沉睡用户
112415,6,1,1,1,早期沉睡用户
112417,2,4,3,2,活跃潜力用户
112435,5,1,1,1,早期沉睡用户
112436,3,1,1,2,活跃潜力用户
112443,1,1,1,2,活跃潜力用户
112447,4,2,2,2,活跃潜力用户
112448,6,2,2,1,早期沉睡用户
112450,5,2,2,1,早期沉睡用户
112456,1,11,10,0,高价值忠诚用户
112457,3,3,3,2,活跃潜力用户
11246,1,1,1,2,活跃潜力用户
112468,1,1,1,2,活跃潜力用户
112469,4,1,1,2,活跃潜力用户
112471,5,3,3,1,早期沉睡用户
112485,2,1,1,2,活跃潜力用户
112503,3,4,4,2,活跃潜力用户
112526,2,3,3,2,活跃潜力用户
11253,5,3,2,1,早期沉睡用户
112531,4,1,1,2,活跃潜力用户
112535,9,1,1,1,早期沉睡用户
112541,2,1,1,2,活跃潜力用户
112544,1,1,1,2,活跃潜力用户
11255,2,3,3,2,活跃潜力用户
112555,4,3,3,2,活跃潜力用户
112558,1,3,3,2,活跃潜力用户
112566,7,3,3,1,早期沉睡用户
112568,1,15,15,0,高价值忠诚用户
112571,7,3,3,1,早期沉睡用户
112573,5,3,3,1,早期沉睡用户
112584,6,1,1,1,早期沉睡用户
112587,1,3,3,2,活跃潜力用户
112597,4,14,10,0,高价值忠诚用户
112614,2,2,2,2,活跃潜力用户
112621,6,2,2,1,早期沉睡用户
112630,3,2,2,2,活跃潜力用户
112643,1,4,4,2,活跃潜力用户
112654,5,3,3,1,早期沉睡用户
112668,3,1,1,2,活跃潜力用户
112676,6,2,2,1,早期沉睡用户
112677,1,4,4,2,活跃潜力用户
112684,6,5,3,1,早期沉睡用户
112687,3,1,1,2,活跃潜力用户
112689,1,5,5,0,高价值忠诚用户
112691,3,2,2,2,活跃潜力用户
112694,2,1,1,2,活跃潜力用户
112710,2,8,8,0,高价值忠诚用户
112713,8,3,3,1,早期沉睡用户
112717,4,18,16,0,高价值忠诚用户
11272,1,7,7,0,高价值忠诚用户
112726,2,6,5,0,高价值忠诚用户
112732,2,1,1,2,活跃潜力用户
112735,1,2,2,2,活跃潜力用户
112741,1,9,9,0,高价值忠诚用户
112754,4,1,1,2,活跃潜力用户
112768,4,3,3,2,活跃潜力用户
112774,9,1,1,1,早期沉睡用户
112775,1,7,7,0,高价值忠诚用户
112782,5,1,1,1,早期沉睡用户
112787,9,1,1,1,早期沉睡用户
112799,1,2,2,2,活跃潜力用户
112801,8,1,1,1,早期沉睡用户
112802,1,3,3,2,活跃潜力用户
112804,5,2,2,1,早期沉睡用户
112829,1,3,3,2,活跃潜力用户
11283,3,2,2,2,活跃潜力用户
112832,4,2,2,2,活跃潜力用户
112841,3,1,1,2,活跃潜力用户
112844,7,3,3,1,早期沉睡用户
112845,1,8,8,0,高价值忠诚用户
112855,5,1,1,1,早期沉睡用户
112858,2,1,1,2,活跃潜力用户
112864,5,3,3,1,早期沉睡用户
112867,1,4,4,2,活跃潜力用户
112868,5,1,1,1,早期沉睡用户
112870,1,17,17,0,高价值忠诚用户
112877,3,6,5,0,高价值忠诚用户
112887,2,4,3,2,活跃潜力用户
112890,2,3,3,2,活跃潜力用户
112899,2,2,2,2,活跃潜力用户
112910,8,2,2,1,早期沉睡用户
112914,4,2,2,2,活跃潜力用户
112920,6,2,2,1,早期沉睡用户
112921,2,1,1,2,活跃潜力用户
11293,8,1,1,1,早期沉睡用户
112930,1,5,5,0,高价值忠诚用户
112933,4,7,7,0,高价值忠诚用户
112934,3,8,7,0,高价值忠诚用户
112936,1,4,4,2,活跃潜力用户
11294,1,5,5,0,高价值忠诚用户
11295,1,11,9,0,高价值忠诚用户
112952,9,1,1,1,早期沉睡用户
112961,2,4,3,2,活跃潜力用户
112965,1,1,1,2,活跃潜力用户
112970,1,12,12,0,高价值忠诚用户
112972,4,1,1,2,活跃潜力用户
112981,1,3,3,2,活跃潜力用户
112988,3,5,5,0,高价值忠诚用户
112997,1,9,9,0,高价值忠诚用户
113000,2,1,1,2,活跃潜力用户
113010,1,4,4,2,活跃潜力用户
113014,5,1,1,1,早期沉睡用户
113023,4,2,2,2,活跃潜力用户
113027,6,2,2,1,早期沉睡用户
113031,1,1,1,2,活跃潜力用户
113034,4,3,3,2,活跃潜力用户
11304,7,1,1,1,早期沉睡用户
113046,1,2,2,2,活跃潜力用户
113053,2,1,1,2,活跃潜力用户
113059,5,2,2,1,早期沉睡用户
113069,2,3,3,2,活跃潜力用户
113080,3,3,3,2,活跃潜力用户
113082,1,7,7,0,高价值忠诚用户
1131,2,4,4,2,活跃潜力用户
113111,2,4,4,2,活跃潜力用户
113116,1,4,4,2,活跃潜力用户
113118,6,3,3,1,早期沉睡用户
11313,1,2,2,2,活跃潜力用户
113143,2,3,3,2,活跃潜力用户
11316,2,1,1,2,活跃潜力用户
113163,1,8,8,0,高价值忠诚用户
113164,1,13,13,0,高价值忠诚用户
113194,3,2,2,2,活跃潜力用户
113198,3,2,2,2,活跃潜力用户
113221,4,1,1,2,活跃潜力用户
11323,2,6,6,0,高价值忠诚用户
113233,6,1,1,1,早期沉睡用户
113244,1,7,7,0,高价值忠诚用户
113251,5,1,1,1,早期沉睡用户
113253,3,4,4,2,活跃潜力用户
113255,1,3,3,2,活跃潜力用户
113256,1,3,3,2,活跃潜力用户
113269,1,5,5,0,高价值忠诚用户
11327,6,3,3,1,早期沉睡用户
11328,9,1,1,1,早期沉睡用户
113291,1,5,5,0,高价值忠诚用户
113297,2,2,2,2,活跃潜力用户
1133,2,2,2,2,活跃潜力用户
113321,1,7,5,0,高价值忠诚用户
113325,9,1,1,1,早期沉睡用户
113326,1,1,1,2,活跃潜力用户
113334,2,3,3,2,活跃潜力用户
113360,9,3,3,1,早期沉睡用户
113361,2,5,5,0,高价值忠诚用户
113371,2,16,15,0,高价值忠诚用户
113372,3,9,8,0,高价值忠诚用户
113375,4,5,5,0,高价值忠诚用户
113397,1,6,6,0,高价值忠诚用户
113401,1,2,2,2,活跃潜力用户
11341,1,2,2,2,活跃潜力用户
113424,4,4,4,2,活跃潜力用户
11343,2,2,2,2,活跃潜力用户
11344,4,2,2,2,活跃潜力用户
113446,2,10,10,0,高价值忠诚用户
11345,3,3,3,2,活跃潜力用户
113491,1,1,1,2,活跃潜力用户
113512,3,6,6,0,高价值忠诚用户
113514,9,1,1,1,早期沉睡用户
113521,2,1,1,2,活跃潜力用户
113523,7,5,5,1,早期沉睡用户
113526,7,1,1,1,早期沉睡用户
113537,6,1,1,1,早期沉睡用户
113551,4,2,2,2,活跃潜力用户
113556,2,2,2,2,活跃潜力用户
113564,1,2,2,2,活跃潜力用户
113570,1,9,9,0,高价值忠诚用户
113571,7,7,6,0,高价值忠诚用户
113572,4,2,2,2,活跃潜力用户
113577,1,1,1,2,活跃潜力用户
113584,7,6,6,1,早期沉睡用户
113593,2,2,2,2,活跃潜力用户
113598,1,1,1,2,活跃潜力用户
113602,6,1,1,1,早期沉睡用户
113603,1,4,4,2,活跃潜力用户
113617,4,6,5,0,高价值忠诚用户
113625,4,2,2,2,活跃潜力用户
113627,1,4,3,2,活跃潜力用户
113631,1,1,1,2,活跃潜力用户
113640,5,2,2,1,早期沉睡用户
113644,2,1,1,2,活跃潜力用户
113652,8,1,1,1,早期沉睡用户
113660,3,1,1,2,活跃潜力用户
113690,9,3,3,1,早期沉睡用户
113696,3,6,6,0,高价值忠诚用户
113701,3,5,5,0,高价值忠诚用户
113705,1,17,17,0,高价值忠诚用户
113709,3,1,1,2,活跃潜力用户
113710,7,2,2,1,早期沉睡用户
113717,2,2,2,2,活跃潜力用户
113722,7,3,3,1,早期沉睡用户
113731,6,4,4,1,早期沉睡用户
113732,6,2,2,1,早期沉睡用户
113737,4,6,6,0,高价值忠诚用户
113743,4,1,1,2,活跃潜力用户
113748,9,1,1,1,早期沉睡用户
113749,1,2,2,2,活跃潜力用户
113753,8,1,1,1,早期沉睡用户
113762,2,1,1,2,活跃潜力用户
113763,1,1,1,2,活跃潜力用户
113768,9,1,1,1,早期沉睡用户
11377,1,2,2,2,活跃潜力用户
113770,1,1,1,2,活跃潜力用户
113785,4,1,1,2,活跃潜力用户
11379,6,5,5,1,早期沉睡用户
11380,2,5,4,2,活跃潜力用户
113801,4,1,1,2,活跃潜力用户
113823,2,6,4,0,高价值忠诚用户
113826,6,1,1,1,早期沉睡用户
113829,1,4,4,2,活跃潜力用户
113834,1,5,5,0,高价值忠诚用户
113848,2,2,2,2,活跃潜力用户
11386,3,1,1,2,活跃潜力用户
113873,9,1,1,1,早期沉睡用户
113879,1,4,4,2,活跃潜力用户
113890,1,4,4,2,活跃潜力用户
113896,2,8,8,0,高价值忠诚用户
113900,1,2,2,2,活跃潜力用户
113904,3,3,3,2,活跃潜力用户
113906,1,2,2,2,活跃潜力用户
113910,2,6,6,0,高价值忠诚用户
11393,3,6,6,0,高价值忠诚用户
113932,1,5,4,2,活跃潜力用户
113936,5,1,1,1,早期沉睡用户
113938,1,3,3,2,活跃潜力用户
113948,8,1,1,1,早期沉睡用户
113949,6,1,1,1,早期沉睡用户
11395,3,2,2,2,活跃潜力用户
113956,2,3,3,2,活跃潜力用户
113968,3,1,1,2,活跃潜力用户
113973,1,11,9,0,高价值忠诚用户
113983,2,1,1,2,活跃潜力用户
113984,3,3,3,2,活跃潜力用户
113986,7,2,2,1,早期沉睡用户
113995,6,1,1,1,早期沉睡用户
114001,3,1,1,2,活跃潜力用户
114002,2,5,5,0,高价值忠诚用户
114010,2,3,3,2,活跃潜力用户
11403,1,7,5,0,高价值忠诚用户
114031,6,2,2,1,早期沉睡用户
114035,1,3,3,2,活跃潜力用户
114036,4,3,3,2,活跃潜力用户
114040,2,1,1,2,活跃潜力用户
114042,8,1,1,1,早期沉睡用户
114046,5,2,2,1,早期沉睡用户
114062,3,1,1,2,活跃潜力用户
114069,3,4,4,2,活跃潜力用户
114089,2,1,1,2,活跃潜力用户
114105,8,3,3,1,早期沉睡用户
114128,5,1,1,1,早期沉睡用户
11413,6,1,1,1,早期沉睡用户
114132,7,2,2,1,早期沉睡用户
114141,6,4,4,1,早期沉睡用户
114142,2,4,4,2,活跃潜力用户
114160,6,3,3,1,早期沉睡用户
11417,3,6,6,0,高价值忠诚用户
114172,5,2,2,1,早期沉睡用户
114189,1,3,3,2,活跃潜力用户
114197,5,3,3,1,早期沉睡用户
114200,8,1,1,1,早期沉睡用户
114208,5,1,1,1,早期沉睡用户
114209,5,1,1,1,早期沉睡用户
114219,2,3,3,2,活跃潜力用户
114220,9,2,2,1,早期沉睡用户
114224,6,1,1,1,早期沉睡用户
114229,4,7,6,0,高价值忠诚用户
114232,1,2,2,2,活跃潜力用户
114246,2,4,4,2,活跃潜力用户
114252,3,2,2,2,活跃潜力用户
114272,6,1,1,1,早期沉睡用户
114278,6,3,3,1,早期沉睡用户
114280,5,2,2,1,早期沉睡用户
114283,6,2,2,1,早期沉睡用户
114295,1,2,2,2,活跃潜力用户
1143,3,1,1,2,活跃潜力用户
114300,3,1,1,2,活跃潜力用户
114308,8,1,1,1,早期沉睡用户
114309,9,2,2,1,早期沉睡用户
114321,1,1,1,2,活跃潜力用户
114339,1,1,1,2,活跃潜力用户
114341,2,1,1,2,活跃潜力用户
114344,3,1,1,2,活跃潜力用户
11435,4,4,2,2,活跃潜力用户
114361,8,1,1,1,早期沉睡用户
114365,1,2,2,2,活跃潜力用户
114367,2,2,2,2,活跃潜力用户
114374,3,1,1,2,活跃潜力用户
114375,4,6,6,0,高价值忠诚用户
114394,2,3,3,2,活跃潜力用户
1144,6,2,2,1,早期沉睡用户
11440,1,3,3,2,活跃潜力用户
114405,1,1,1,2,活跃潜力用户
114415,1,2,2,2,活跃潜力用户
114419,3,1,1,2,活跃潜力用户
114436,6,1,1,1,早期沉睡用户
114438,2,2,2,2,活跃潜力用户
114454,1,2,2,2,活跃潜力用户
114457,9,2,2,1,早期沉睡用户
114459,3,1,1,2,活跃潜力用户
114467,3,14,13,0,高价值忠诚用户
114478,5,4,4,1,早期沉睡用户
11450,7,4,4,1,早期沉睡用户
11452,1,1,1,2,活跃潜力用户
114521,4,3,3,2,活跃潜力用户
114523,1,2,2,2,活跃潜力用户
114524,5,2,2,1,早期沉睡用户
114536,1,2,2,2,活跃潜力用户
114546,1,6,6,0,高价值忠诚用户
114558,4,6,5,0,高价值忠诚用户
114565,4,3,3,2,活跃潜力用户
114569,9,1,1,1,早期沉睡用户
114571,4,2,2,2,活跃潜力用户
114576,3,2,2,2,活跃潜力用户
114585,4,1,1,2,活跃潜力用户
114594,1,1,1,2,活跃潜力用户
1146,5,1,1,1,早期沉睡用户
114601,5,5,4,1,早期沉睡用户
114616,9,1,1,1,早期沉睡用户
114623,3,1,1,2,活跃潜力用户
114629,8,1,1,1,早期沉睡用户
114635,7,1,1,1,早期沉睡用户
114637,1,1,1,2,活跃潜力用户
114644,1,7,7,0,高价值忠诚用户
11465,1,3,3,2,活跃潜力用户
114650,2,5,4,2,活跃潜力用户
114656,2,1,1,2,活跃潜力用户
114664,3,3,3,2,活跃潜力用户
114669,2,2,1,2,活跃潜力用户
114670,4,1,1,2,活跃潜力用户
114672,5,8,5,0,高价值忠诚用户
114682,1,1,1,2,活跃潜力用户
114687,1,13,13,0,高价值忠诚用户
114690,2,1,1,2,活跃潜力用户
114714,8,1,1,1,早期沉睡用户
114726,7,1,1,1,早期沉睡用户
114733,1,4,4,2,活跃潜力用户
114743,5,3,3,1,早期沉睡用户
114744,2,3,3,2,活跃潜力用户
114749,5,2,2,1,早期沉睡用户
114752,5,2,2,1,早期沉睡用户
114754,7,2,2,1,早期沉睡用户
114771,1,1,1,2,活跃潜力用户
114778,3,1,1,2,活跃潜力用户
114779,2,1,1,2,活跃潜力用户
114781,1,11,10,0,高价值忠诚用户
114784,6,1,1,1,早期沉睡用户
114788,9,1,1,1,早期沉睡用户
114798,7,2,2,1,早期沉睡用户
114805,1,1,1,2,活跃潜力用户
114823,5,1,1,1,早期沉睡用户
114824,1,8,8,0,高价值忠诚用户
114832,2,1,1,2,活跃潜力用户
114848,1,2,2,2,活跃潜力用户
114861,1,2,2,2,活跃潜力用户
114864,1,3,3,2,活跃潜力用户
114873,1,3,3,2,活跃潜力用户
114892,6,2,2,1,早期沉睡用户
1149,1,7,7,0,高价值忠诚用户
114900,5,3,3,1,早期沉睡用户
114912,2,3,3,2,活跃潜力用户
114913,2,1,1,2,活跃潜力用户
114915,4,1,1,2,活跃潜力用户
114916,1,1,1,2,活跃潜力用户
114917,8,2,2,1,早期沉睡用户
114926,3,9,9,0,高价值忠诚用户
114927,3,2,2,2,活跃潜力用户
114931,1,5,5,0,高价值忠诚用户
114941,4,6,5,0,高价值忠诚用户
114948,1,31,16,3,超级用户
11495,1,4,4,2,活跃潜力用户
114954,2,5,5,0,高价值忠诚用户
114962,3,5,3,2,活跃潜力用户
114964,3,1,1,2,活跃潜力用户
114968,5,1,1,1,早期沉睡用户
11497,6,2,2,1,早期沉睡用户
114974,6,1,1,1,早期沉睡用户
11498,2,4,4,2,活跃潜力用户
114996,8,1,1,1,早期沉睡用户
115000,1,4,3,2,活跃潜力用户
115009,4,1,1,2,活跃潜力用户
11501,5,2,2,1,早期沉睡用户
115012,6,2,2,1,早期沉睡用户
11503,1,2,2,2,活跃潜力用户
115031,1,7,6,0,高价值忠诚用户
115039,4,3,3,2,活跃潜力用户
11504,6,7,7,0,高价值忠诚用户
115044,6,1,1,1,早期沉睡用户
115046,8,4,3,1,早期沉睡用户
115047,4,13,11,0,高价值忠诚用户
115065,3,1,1,2,活跃潜力用户
11507,1,3,3,2,活跃潜力用户
115087,3,4,4,2,活跃潜力用户
11509,1,2,2,2,活跃潜力用户
115098,1,6,6,0,高价值忠诚用户
115104,1,1,1,2,活跃潜力用户
115106,4,2,2,2,活跃潜力用户
115108,1,3,3,2,活跃潜力用户
115109,1,4,4,2,活跃潜力用户
115127,1,2,1,2,活跃潜力用户
115147,4,1,1,2,活跃潜力用户
115168,5,1,1,1,早期沉睡用户
11517,1,2,1,2,活跃潜力用户
115179,3,5,5,0,高价值忠诚用户
115185,1,4,4,2,活跃潜力用户
115197,1,3,2,2,活跃潜力用户
115198,5,1,1,1,早期沉睡用户
115220,5,3,3,1,早期沉睡用户
115221,2,4,4,2,活跃潜力用户
115222,2,1,1,2,活跃潜力用户
115224,1,3,3,2,活跃潜力用户
115227,1,1,1,2,活跃潜力用户
115229,1,9,9,0,高价值忠诚用户
115238,2,3,3,2,活跃潜力用户
11524,1,2,2,2,活跃潜力用户
115242,1,3,2,2,活跃潜力用户
115245,1,1,1,2,活跃潜力用户
115247,1,3,2,2,活跃潜力用户
115250,2,3,3,2,活跃潜力用户
115254,2,7,7,0,高价值忠诚用户
115259,1,2,1,2,活跃潜力用户
115274,9,1,1,1,早期沉睡用户
115281,1,2,2,2,活跃潜力用户
115289,6,1,1,1,早期沉睡用户
115293,4,1,1,2,活跃潜力用户
115297,4,2,2,2,活跃潜力用户
115299,2,1,1,2,活跃潜力用户
11531,3,1,1,2,活跃潜力用户
115320,9,1,1,1,早期沉睡用户
115326,2,2,2,2,活跃潜力用户
115327,4,1,1,2,活跃潜力用户
115332,4,1,1,2,活跃潜力用户
115333,2,2,2,2,活跃潜力用户
115337,2,7,4,0,高价值忠诚用户
115344,1,2,2,2,活跃潜力用户
115350,2,1,1,2,活跃潜力用户
115360,1,2,2,2,活跃潜力用户
115374,3,4,4,2,活跃潜力用户
115376,2,4,4,2,活跃潜力用户
115385,1,4,3,2,活跃潜力用户
115387,1,4,4,2,活跃潜力用户
11540,8,1,1,1,早期沉睡用户
115411,2,13,13,0,高价值忠诚用户
115415,6,2,2,1,早期沉睡用户
115416,2,7,7,0,高价值忠诚用户
115424,1,2,2,2,活跃潜力用户
115438,5,1,1,1,早期沉睡用户
115440,1,3,3,2,活跃潜力用户
115442,4,2,2,2,活跃潜力用户
115443,3,3,3,2,活跃潜力用户
115453,7,2,2,1,早期沉睡用户
115456,4,1,1,2,活跃潜力用户
115462,7,1,1,1,早期沉睡用户
115473,8,1,1,1,早期沉睡用户
115476,1,4,4,2,活跃潜力用户
115494,2,1,1,2,活跃潜力用户
115506,6,8,8,0,高价值忠诚用户
115509,7,5,5,1,早期沉睡用户
115512,1,5,5,0,高价值忠诚用户
11552,4,4,4,2,活跃潜力用户
115525,8,1,1,1,早期沉睡用户
115530,2,4,4,2,活跃潜力用户
115531,7,5,3,1,早期沉睡用户
115536,3,2,2,2,活跃潜力用户
115537,4,1,1,2,活跃潜力用户
115543,6,2,2,1,早期沉睡用户
115554,8,1,1,1,早期沉睡用户
115555,1,9,9,0,高价值忠诚用户
115563,2,3,3,2,活跃潜力用户
115564,7,1,1,1,早期沉睡用户
115592,7,1,1,1,早期沉睡用户
115594,2,1,1,2,活跃潜力用户
115596,2,2,2,2,活跃潜力用户
1156,1,10,10,0,高价值忠诚用户
115605,4,1,1,2,活跃潜力用户
115614,1,4,3,2,活跃潜力用户
115618,6,3,3,1,早期沉睡用户
115620,1,1,1,2,活跃潜力用户
115638,7,1,1,1,早期沉睡用户
115648,3,5,5,0,高价值忠诚用户
115650,1,4,4,2,活跃潜力用户
115651,1,2,2,2,活跃潜力用户
115685,1,2,2,2,活跃潜力用户
115686,3,2,2,2,活跃潜力用户
115710,3,1,1,2,活跃潜力用户
115716,3,1,1,2,活跃潜力用户
115718,8,1,1,1,早期沉睡用户
115730,2,4,3,2,活跃潜力用户
115733,2,4,4,2,活跃潜力用户
115738,4,4,4,2,活跃潜力用户
115743,8,1,1,1,早期沉睡用户
115744,9,1,1,1,早期沉睡用户
115749,2,4,3,2,活跃潜力用户
115752,1,5,5,0,高价值忠诚用户
115762,6,3,3,1,早期沉睡用户
115773,2,4,3,2,活跃潜力用户
115774,1,3,3,2,活跃潜力用户
115797,1,3,3,2,活跃潜力用户
1158,1,2,2,2,活跃潜力用户
115810,5,7,5,0,高价值忠诚用户
115813,4,1,1,2,活跃潜力用户
115822,6,2,2,1,早期沉睡用户
115853,4,1,1,2,活跃潜力用户
115855,2,1,1,2,活跃潜力用户
115864,2,5,4,2,活跃潜力用户
115866,1,2,2,2,活跃潜力用户
115873,2,1,1,2,活跃潜力用户
115874,2,2,2,2,活跃潜力用户
11588,4,2,2,2,活跃潜力用户
115880,4,2,2,2,活跃潜力用户
1159,9,1,1,1,早期沉睡用户
11590,2,1,1,2,活跃潜力用户
115906,6,1,1,1,早期沉睡用户
115914,5,4,4,1,早期沉睡用户
115919,3,2,2,2,活跃潜力用户
115920,2,1,1,2,活跃潜力用户
115932,5,6,6,0,高价值忠诚用户
115935,1,9,9,0,高价值忠诚用户
11594,3,2,2,2,活跃潜力用户
115941,2,5,4,2,活跃潜力用户
115950,1,2,2,2,活跃潜力用户
115966,1,3,3,2,活跃潜力用户
115967,2,2,2,2,活跃潜力用户
115972,1,3,3,2,活跃潜力用户
115983,7,1,1,1,早期沉睡用户
115986,4,1,1,2,活跃潜力用户
115989,9,1,1,1,早期沉睡用户
115994,1,1,1,2,活跃潜力用户
115996,1,3,3,2,活跃潜力用户
11601,8,2,2,1,早期沉睡用户
116018,5,3,3,1,早期沉睡用户
116019,3,1,1,2,活跃潜力用户
116021,1,6,6,0,高价值忠诚用户
116026,1,2,2,2,活跃潜力用户
116028,3,14,14,0,高价值忠诚用户
116061,4,1,1,2,活跃潜力用户
116066,7,2,2,1,早期沉睡用户
11610,4,3,3,2,活跃潜力用户
116102,7,4,4,1,早期沉睡用户
116108,1,9,9,0,高价值忠诚用户
11611,6,2,2,1,早期沉睡用户
116111,6,1,1,1,早期沉睡用户
116123,2,1,1,2,活跃潜力用户
116132,1,9,9,0,高价值忠诚用户
116133,8,4,4,1,早期沉睡用户
116135,5,3,3,1,早期沉睡用户
116143,2,2,2,2,活跃潜力用户
116151,2,1,1,2,活跃潜力用户
116155,1,3,3,2,活跃潜力用户
116163,1,2,2,2,活跃潜力用户
116167,2,2,2,2,活跃潜力用户
11619,3,4,3,2,活跃潜力用户
116201,5,2,2,1,早期沉睡用户
116204,6,1,1,1,早期沉睡用户
116229,1,2,2,2,活跃潜力用户
116241,3,6,6,0,高价值忠诚用户
11625,1,2,2,2,活跃潜力用户
116262,4,7,4,0,高价值忠诚用户
116264,4,1,1,2,活跃潜力用户
116269,6,3,3,1,早期沉睡用户
116271,3,1,1,2,活跃潜力用户
116282,8,1,1,1,早期沉睡用户
116286,4,2,2,2,活跃潜力用户
116287,3,2,2,2,活跃潜力用户
116289,5,1,1,1,早期沉睡用户
116290,5,2,2,1,早期沉睡用户
116292,7,1,1,1,早期沉睡用户
116308,1,3,3,2,活跃潜力用户
116310,1,6,6,0,高价值忠诚用户
116316,6,3,3,1,早期沉睡用户
116327,4,3,3,2,活跃潜力用户
116328,4,2,2,2,活跃潜力用户
116330,3,1,1,2,活跃潜力用户
116333,3,5,4,2,活跃潜力用户
116342,1,3,3,2,活跃潜力用户
116343,1,2,2,2,活跃潜力用户
116344,1,7,7,0,高价值忠诚用户
116345,7,2,2,1,早期沉睡用户
116348,1,1,1,2,活跃潜力用户
116350,1,1,1,2,活跃潜力用户
116352,9,1,1,1,早期沉睡用户
116355,2,4,4,2,活跃潜力用户
116363,1,2,2,2,活跃潜力用户
116364,2,3,3,2,活跃潜力用户
116381,2,6,6,0,高价值忠诚用户
116387,8,4,4,1,早期沉睡用户
116405,2,7,6,0,高价值忠诚用户
116407,5,1,1,1,早期沉睡用户
116422,5,1,1,1,早期沉睡用户
116430,1,3,3,2,活跃潜力用户
116448,8,1,1,1,早期沉睡用户
116459,3,3,3,2,活跃潜力用户
116469,2,1,1,2,活跃潜力用户
116482,6,1,1,1,早期沉睡用户
116487,9,1,1,1,早期沉睡用户
116518,8,1,1,1,早期沉睡用户
116520,4,1,1,2,活跃潜力用户
116523,1,13,12,0,高价值忠诚用户
116530,8,1,1,1,早期沉睡用户
116531,3,2,2,2,活跃潜力用户
116533,5,1,1,1,早期沉睡用户
116541,4,1,1,2,活跃潜力用户
116550,5,1,1,1,早期沉睡用户
116554,3,2,2,2,活跃潜力用户
116556,9,1,1,1,早期沉睡用户
116572,1,5,5,0,高价值忠诚用户
116582,1,8,8,0,高价值忠诚用户
116584,4,2,2,2,活跃潜力用户
116588,7,2,2,1,早期沉睡用户
116596,2,4,4,2,活跃潜力用户
116607,5,3,3,1,早期沉睡用户
116608,8,1,1,1,早期沉睡用户
116611,2,4,4,2,活跃潜力用户
116617,2,2,2,2,活跃潜力用户
116624,7,1,1,1,早期沉睡用户
11663,8,1,1,1,早期沉睡用户
116636,1,1,1,2,活跃潜力用户
116647,1,1,1,2,活跃潜力用户
116654,4,1,1,2,活跃潜力用户
116656,5,1,1,1,早期沉睡用户
116659,1,14,13,0,高价值忠诚用户
11666,6,3,2,1,早期沉睡用户
116666,1,2,2,2,活跃潜力用户
116682,1,9,6,0,高价值忠诚用户
116693,6,2,2,1,早期沉睡用户
116694,5,1,1,1,早期沉睡用户
116697,1,2,2,2,活跃潜力用户
1167,8,1,1,1,早期沉睡用户
116701,4,1,1,2,活跃潜力用户
116708,7,4,4,1,早期沉睡用户
116711,3,1,1,2,活跃潜力用户
116712,2,1,1,2,活跃潜力用户
116717,2,5,5,0,高价值忠诚用户
116722,3,2,2,2,活跃潜力用户
116727,6,1,1,1,早期沉睡用户
116736,2,4,4,2,活跃潜力用户
116738,1,2,2,2,活跃潜力用户
116750,6,1,1,1,早期沉睡用户
116760,3,2,2,2,活跃潜力用户
116767,3,3,3,2,活跃潜力用户
116769,1,7,7,0,高价值忠诚用户
116772,9,1,1,1,早期沉睡用户
116796,6,2,2,1,早期沉睡用户
116797,4,3,2,2,活跃潜力用户
116801,1,7,6,0,高价值忠诚用户
116805,1,4,4,2,活跃潜力用户
116809,6,1,1,1,早期沉睡用户
116812,7,2,2,1,早期沉睡用户
11682,2,3,3,2,活跃潜力用户
116820,5,5,5,0,高价值忠诚用户
116821,3,3,3,2,活跃潜力用户
116833,5,3,3,1,早期沉睡用户
116837,1,4,4,2,活跃潜力用户
116842,1,2,2,2,活跃潜力用户
116843,5,2,2,1,早期沉睡用户
116847,4,1,1,2,活跃潜力用户
116859,2,1,1,2,活跃潜力用户
116867,3,4,4,2,活跃潜力用户
116868,1,3,3,2,活跃潜力用户
116869,9,1,1,1,早期沉睡用户
116885,4,3,3,2,活跃潜力用户
116892,1,3,3,2,活跃潜力用户
116894,2,8,7,0,高价值忠诚用户
116897,2,1,1,2,活跃潜力用户
1169,5,1,1,1,早期沉睡用户
116901,1,3,3,2,活跃潜力用户
116902,1,2,2,2,活跃潜力用户
116906,2,4,3,2,活跃潜力用户
116911,4,2,2,2,活跃潜力用户
116930,2,25,25,3,超级用户
116934,2,1,1,2,活跃潜力用户
116935,4,5,2,2,活跃潜力用户
116939,7,1,1,1,早期沉睡用户
116941,3,8,8,0,高价值忠诚用户
116955,4,1,1,2,活跃潜力用户
116963,1,2,2,2,活跃潜力用户
117,6,10,10,0,高价值忠诚用户
117006,3,3,2,2,活跃潜力用户
117009,5,2,2,1,早期沉睡用户
117013,1,7,7,0,高价值忠诚用户
117016,2,2,2,2,活跃潜力用户
117019,1,5,5,0,高价值忠诚用户
117038,1,3,3,2,活跃潜力用户
117041,2,3,3,2,活跃潜力用户
117053,3,5,4,2,活跃潜力用户
117057,8,1,1,1,早期沉睡用户
117067,2,1,1,2,活跃潜力用户
117075,1,8,6,0,高价值忠诚用户
117079,2,1,1,2,活跃潜力用户
11708,3,4,4,2,活跃潜力用户
117080,3,6,6,0,高价值忠诚用户
117085,8,2,1,1,早期沉睡用户
117086,4,1,1,2,活跃潜力用户
117090,3,6,6,0,高价值忠诚用户
117092,2,3,3,2,活跃潜力用户
117100,3,2,2,2,活跃潜力用户
117115,5,4,4,1,早期沉睡用户
117117,5,2,2,1,早期沉睡用户
117124,6,1,1,1,早期沉睡用户
117127,9,1,1,1,早期沉睡用户
117128,6,2,2,1,早期沉睡用户
11714,2,7,3,0,高价值忠诚用户
117146,1,10,10,0,高价值忠诚用户
117147,6,5,5,1,早期沉睡用户
117154,9,3,3,1,早期沉睡用户
117156,3,1,1,2,活跃潜力用户
117162,8,2,2,1,早期沉睡用户
117163,1,2,2,2,活跃潜力用户
117171,3,3,3,2,活跃潜力用户
117174,1,10,10,0,高价值忠诚用户
117176,8,2,2,1,早期沉睡用户
117184,2,9,8,0,高价值忠诚用户
117190,3,1,1,2,活跃潜力用户
117193,2,4,4,2,活跃潜力用户
117198,4,5,5,0,高价值忠诚用户
117200,2,6,6,0,高价值忠诚用户
117202,1,1,1,2,活跃潜力用户
117205,1,8,8,0,高价值忠诚用户
117206,3,2,2,2,活跃潜力用户
11721,2,7,7,0,高价值忠诚用户
117216,3,1,1,2,活跃潜力用户
117226,1,5,5,0,高价值忠诚用户
117231,1,2,2,2,活跃潜力用户
117246,4,2,2,2,活跃潜力用户
117251,6,1,1,1,早期沉睡用户
117255,1,3,3,2,活跃潜力用户
117258,6,1,1,1,早期沉睡用户
117262,1,1,1,2,活跃潜力用户
117272,8,2,2,1,早期沉睡用户
117278,5,2,2,1,早期沉睡用户
117282,7,1,1,1,早期沉睡用户
117284,6,1,1,1,早期沉睡用户
117285,2,1,1,2,活跃潜力用户
117294,7,1,1,1,早期沉睡用户
11730,1,4,4,2,活跃潜力用户
117311,2,4,3,2,活跃潜力用户
117315,1,2,2,2,活跃潜力用户
117328,7,1,1,1,早期沉睡用户
117330,4,1,1,2,活跃潜力用户
117336,2,2,2,2,活跃潜力用户
117341,1,1,1,2,活跃潜力用户
117343,1,2,2,2,活跃潜力用户
117347,1,4,4,2,活跃潜力用户
117356,2,2,1,2,活跃潜力用户
11736,4,1,1,2,活跃潜力用户
117360,8,1,1,1,早期沉睡用户
117367,2,2,2,2,活跃潜力用户
117384,1,2,2,2,活跃潜力用户
117385,7,1,1,1,早期沉睡用户
117395,7,1,1,1,早期沉睡用户
117399,1,3,3,2,活跃潜力用户
11740,6,2,2,1,早期沉睡用户
117404,5,2,2,1,早期沉睡用户
117410,6,1,1,1,早期沉睡用户
117417,5,5,4,1,早期沉睡用户
117418,1,6,6,0,高价值忠诚用户
117421,2,4,4,2,活跃潜力用户
117423,3,1,1,2,活跃潜力用户
117425,1,1,1,2,活跃潜力用户
117428,2,1,1,2,活跃潜力用户
117439,1,9,7,0,高价值忠诚用户
11744,2,1,1,2,活跃潜力用户
117442,2,1,1,2,活跃潜力用户
117448,4,4,2,2,活跃潜力用户
117450,6,3,3,1,早期沉睡用户
117452,1,2,2,2,活跃潜力用户
117453,6,3,3,1,早期沉睡用户
117455,3,7,5,0,高价值忠诚用户
117458,8,4,4,1,早期沉睡用户
117459,1,3,3,2,活跃潜力用户
117462,4,6,6,0,高价值忠诚用户
117472,6,2,2,1,早期沉睡用户
117473,2,1,1,2,活跃潜力用户
117474,4,2,2,2,活跃潜力用户
117476,1,2,2,2,活跃潜力用户
117530,3,5,5,0,高价值忠诚用户
117534,1,2,2,2,活跃潜力用户
117539,2,11,11,0,高价值忠诚用户
117540,7,4,3,1,早期沉睡用户
117556,1,1,1,2,活跃潜力用户
117560,3,2,2,2,活跃潜力用户
117570,3,4,4,2,活跃潜力用户
117578,7,1,1,1,早期沉睡用户
117585,2,6,5,0,高价值忠诚用户
117606,3,5,5,0,高价值忠诚用户
117607,4,1,1,2,活跃潜力用户
117612,7,1,1,1,早期沉睡用户
117616,1,4,4,2,活跃潜力用户
117627,8,1,1,1,早期沉睡用户
11763,1,3,3,2,活跃潜力用户
117648,1,12,11,0,高价值忠诚用户
117652,2,2,2,2,活跃潜力用户
117653,5,5,3,1,早期沉睡用户
117658,8,1,1,1,早期沉睡用户
117666,6,1,1,1,早期沉睡用户
117671,2,2,2,2,活跃潜力用户
117679,2,4,4,2,活跃潜力用户
117689,1,5,5,0,高价值忠诚用户
117691,7,1,1,1,早期沉睡用户
117692,1,1,1,2,活跃潜力用户
11770,5,2,2,1,早期沉睡用户
117701,4,4,4,2,活跃潜力用户
117702,8,1,1,1,早期沉睡用户
117707,4,6,6,0,高价值忠诚用户
117718,5,5,5,0,高价值忠诚用户
117733,8,2,2,1,早期沉睡用户
117738,3,2,2,2,活跃潜力用户
11774,6,3,3,1,早期沉睡用户
117761,3,3,3,2,活跃潜力用户
117767,2,4,4,2,活跃潜力用户
117770,2,4,4,2,活跃潜力用户
117772,2,6,6,0,高价值忠诚用户
117776,8,1,1,1,早期沉睡用户
117782,2,3,3,2,活跃潜力用户
117798,1,2,2,2,活跃潜力用户
117802,6,4,4,1,早期沉睡用户
117805,1,5,5,0,高价值忠诚用户
117808,2,4,4,2,活跃潜力用户
117818,4,4,4,2,活跃潜力用户
11783,3,5,5,0,高价值忠诚用户
117842,2,1,1,2,活跃潜力用户
117857,1,6,5,0,高价值忠诚用户
117883,5,2,2,1,早期沉睡用户
117886,2,3,3,2,活跃潜力用户
117888,1,2,2,2,活跃潜力用户
117893,1,3,3,2,活跃潜力用户
117895,7,2,2,1,早期沉睡用户
117902,2,3,3,2,活跃潜力用户
117916,8,2,2,1,早期沉睡用户
11792,1,2,2,2,活跃潜力用户
117921,2,1,1,2,活跃潜力用户
117933,6,1,1,1,早期沉睡用户
117935,7,1,1,1,早期沉睡用户
117941,7,3,3,1,早期沉睡用户
117957,2,5,5,0,高价值忠诚用户
117962,8,4,4,1,早期沉睡用户
117965,2,3,2,2,活跃潜力用户
117972,2,3,2,2,活跃潜力用户
117981,1,5,5,0,高价值忠诚用户
117983,2,4,4,2,活跃潜力用户
117987,4,2,2,2,活跃潜力用户
117990,1,1,1,2,活跃潜力用户
11800,1,2,2,2,活跃潜力用户
118006,5,2,2,1,早期沉睡用户
118021,2,4,4,2,活跃潜力用户
118040,3,2,2,2,活跃潜力用户
118049,6,1,1,1,早期沉睡用户
118056,1,15,15,0,高价值忠诚用户
118059,5,4,4,1,早期沉睡用户
118074,5,2,2,1,早期沉睡用户
118079,2,4,4,2,活跃潜力用户
118087,4,4,4,2,活跃潜力用户
118099,4,1,1,2,活跃潜力用户
118112,3,2,2,2,活跃潜力用户
11812,1,1,1,2,活跃潜力用户
118123,9,1,1,1,早期沉睡用户
118130,1,5,4,2,活跃潜力用户
118136,2,4,4,2,活跃潜力用户
118138,7,1,1,1,早期沉睡用户
118140,2,1,1,2,活跃潜力用户
118147,1,1,1,2,活跃潜力用户
118149,1,2,2,2,活跃潜力用户
118164,1,6,6,0,高价值忠诚用户
118183,5,3,2,1,早期沉睡用户
118187,2,1,1,2,活跃潜力用户
1182,1,2,2,2,活跃潜力用户
118200,7,2,2,1,早期沉睡用户
118202,1,21,11,0,高价值忠诚用户
118203,3,1,1,2,活跃潜力用户
11821,2,1,1,2,活跃潜力用户
118217,3,2,2,2,活跃潜力用户
118218,3,1,1,2,活跃潜力用户
118231,2,3,3,2,活跃潜力用户
118237,1,6,6,0,高价值忠诚用户
118238,1,6,5,0,高价值忠诚用户
118242,7,2,2,1,早期沉睡用户
118265,1,2,2,2,活跃潜力用户
118281,9,1,1,1,早期沉睡用户
118290,3,1,1,2,活跃潜力用户
118293,5,1,1,1,早期沉睡用户
118302,3,1,1,2,活跃潜力用户
118305,7,1,1,1,早期沉睡用户
118306,3,2,2,2,活跃潜力用户
118307,5,1,1,1,早期沉睡用户
118308,3,1,1,2,活跃潜力用户
118313,6,1,1,1,早期沉睡用户
118314,8,1,1,1,早期沉睡用户
118321,5,3,3,1,早期沉睡用户
118328,4,2,2,2,活跃潜力用户
118336,5,2,2,1,早期沉睡用户
11834,2,4,4,2,活跃潜力用户
11835,4,2,2,2,活跃潜力用户
118379,6,2,2,1,早期沉睡用户
118383,6,1,1,1,早期沉睡用户
118384,1,7,7,0,高价值忠诚用户
11839,8,1,1,1,早期沉睡用户
118401,5,1,1,1,早期沉睡用户
118418,5,1,1,1,早期沉睡用户
118432,1,10,8,0,高价值忠诚用户
118441,8,4,3,1,早期沉睡用户
118446,8,1,1,1,早期沉睡用户
118459,4,2,2,2,活跃潜力用户
118469,2,2,2,2,活跃潜力用户
118474,7,1,1,1,早期沉睡用户
118477,5,3,3,1,早期沉睡用户
118494,2,1,1,2,活跃潜力用户
118505,6,1,1,1,早期沉睡用户
118513,5,5,5,0,高价值忠诚用户
118538,3,2,2,2,活跃潜力用户
11855,6,4,4,1,早期沉睡用户
118566,1,2,2,2,活跃潜力用户
118567,1,15,14,0,高价值忠诚用户
118576,6,1,1,1,早期沉睡用户
118581,3,3,3,2,活跃潜力用户
118583,8,1,1,1,早期沉睡用户
118585,5,1,1,1,早期沉睡用户
118587,2,2,2,2,活跃潜力用户
118590,5,1,1,1,早期沉睡用户
118600,4,1,1,2,活跃潜力用户
118604,1,2,2,2,活跃潜力用户
118610,1,2,2,2,活跃潜力用户
118611,2,2,2,2,活跃潜力用户
118614,3,4,4,2,活跃潜力用户
118648,2,1,1,2,活跃潜力用户
118652,5,2,1,1,早期沉睡用户
118661,2,1,1,2,活跃潜力用户
118671,7,6,6,1,早期沉睡用户
118681,1,2,2,2,活跃潜力用户
118683,8,1,1,1,早期沉睡用户
118686,1,4,4,2,活跃潜力用户
118691,3,1,1,2,活跃潜力用户
118693,1,2,2,2,活跃潜力用户
118701,4,1,1,2,活跃潜力用户
118705,1,2,2,2,活跃潜力用户
118711,9,1,1,1,早期沉睡用户
118740,1,13,3,0,高价值忠诚用户
118742,4,2,2,2,活跃潜力用户
118747,3,1,1,2,活跃潜力用户
118750,4,2,2,2,活跃潜力用户
118751,1,2,2,2,活跃潜力用户
118766,6,1,1,1,早期沉睡用户
118779,1,1,1,2,活跃潜力用户
118782,1,3,3,2,活跃潜力用户
118784,2,11,9,0,高价值忠诚用户
118790,6,1,1,1,早期沉睡用户
118796,2,3,3,2,活跃潜力用户
118815,5,1,1,1,早期沉睡用户
118820,1,1,1,2,活跃潜力用户
118840,1,4,4,2,活跃潜力用户
118847,2,4,4,2,活跃潜力用户
118859,2,2,2,2,活跃潜力用户
118860,2,1,1,2,活跃潜力用户
118867,1,9,9,0,高价值忠诚用户
118870,4,2,2,2,活跃潜力用户
11889,1,1,1,2,活跃潜力用户
118891,2,1,1,2,活跃潜力用户
1189,1,2,2,2,活跃潜力用户
118916,5,1,1,1,早期沉睡用户
118918,3,5,3,2,活跃潜力用户
118922,3,1,1,2,活跃潜力用户
118924,1,3,3,2,活跃潜力用户
118928,2,1,1,2,活跃潜力用户
118933,8,3,1,1,早期沉睡用户
118938,5,2,2,1,早期沉睡用户
118939,5,1,1,1,早期沉睡用户
118940,3,8,7,0,高价值忠诚用户
118944,7,2,2,1,早期沉睡用户
118955,1,1,1,2,活跃潜力用户
118956,6,1,1,1,早期沉睡用户
118963,5,1,1,1,早期沉睡用户
118965,2,3,3,2,活跃潜力用户
11897,8,1,1,1,早期沉睡用户
118976,1,4,3,2,活跃潜力用户
118978,4,5,5,0,高价值忠诚用户
118982,3,9,9,0,高价值忠诚用户
118994,9,1,1,1,早期沉睡用户
118996,1,5,5,0,高价值忠诚用户
119,5,3,3,1,早期沉睡用户
11900,1,5,5,0,高价值忠诚用户
119004,1,3,3,2,活跃潜力用户
119022,1,3,3,2,活跃潜力用户
119032,2,2,2,2,活跃潜力用户
119051,4,1,1,2,活跃潜力用户
119061,1,1,1,2,活跃潜力用户
119076,2,4,4,2,活跃潜力用户
119078,7,1,1,1,早期沉睡用户
119082,4,1,1,2,活跃潜力用户
119083,5,1,1,1,早期沉睡用户
119084,8,1,1,1,早期沉睡用户
119089,3,1,1,2,活跃潜力用户
119099,1,2,2,2,活跃潜力用户
11912,3,1,1,2,活跃潜力用户
119120,4,1,1,2,活跃潜力用户
119125,2,9,8,0,高价值忠诚用户
119128,2,4,4,2,活跃潜力用户
119136,1,1,1,2,活跃潜力用户
119139,1,4,4,2,活跃潜力用户
119147,3,3,3,2,活跃潜力用户
11916,1,4,4,2,活跃潜力用户
119167,1,2,2,2,活跃潜力用户
119168,1,2,2,2,活跃潜力用户
119185,1,5,4,2,活跃潜力用户
119188,5,4,4,1,早期沉睡用户
1192,2,9,9,0,高价值忠诚用户
119205,2,4,4,2,活跃潜力用户
119209,4,1,1,2,活跃潜力用户
11921,3,1,1,2,活跃潜力用户
119213,2,4,4,2,活跃潜力用户
119229,3,1,1,2,活跃潜力用户
11923,4,1,1,2,活跃潜力用户
119241,1,1,1,2,活跃潜力用户
119242,9,1,1,1,早期沉睡用户
119259,3,4,3,2,活跃潜力用户
119261,1,2,2,2,活跃潜力用户
119270,8,2,2,1,早期沉睡用户
119271,7,1,1,1,早期沉睡用户
119272,5,5,3,1,早期沉睡用户
119280,5,6,6,0,高价值忠诚用户
119292,7,1,1,1,早期沉睡用户
119297,3,5,5,0,高价值忠诚用户
119305,2,1,1,2,活跃潜力用户
119309,3,1,1,2,活跃潜力用户
119316,2,2,2,2,活跃潜力用户
119318,2,2,2,2,活跃潜力用户
119319,3,6,6,0,高价值忠诚用户
119332,7,1,1,1,早期沉睡用户
119333,1,1,1,2,活跃潜力用户
119343,2,6,6,0,高价值忠诚用户
119354,2,1,1,2,活跃潜力用户
119369,3,1,1,2,活跃潜力用户
119379,2,4,4,2,活跃潜力用户
119383,9,1,1,1,早期沉睡用户
119390,2,1,1,2,活跃潜力用户
119392,2,4,4,2,活跃潜力用户
119395,2,4,4,2,活跃潜力用户
119397,3,1,1,2,活跃潜力用户
119403,3,2,2,2,活跃潜力用户
119405,1,2,2,2,活跃潜力用户
119408,1,3,2,2,活跃潜力用户
119410,2,4,3,2,活跃潜力用户
119418,8,1,1,1,早期沉睡用户
119428,1,2,2,2,活跃潜力用户
119443,1,4,4,2,活跃潜力用户
119457,2,2,2,2,活跃潜力用户
11946,1,11,11,0,高价值忠诚用户
119468,8,1,1,1,早期沉睡用户
119472,1,12,12,0,高价值忠诚用户
119481,2,2,2,2,活跃潜力用户
119489,1,16,15,0,高价值忠诚用户
119496,1,6,6,0,高价值忠诚用户
119498,5,3,2,1,早期沉睡用户
11950,1,2,2,2,活跃潜力用户
119500,9,1,1,1,早期沉睡用户
119502,1,13,9,0,高价值忠诚用户
119508,2,2,2,2,活跃潜力用户
119509,5,5,5,0,高价值忠诚用户
119516,3,4,4,2,活跃潜力用户
119527,1,4,4,2,活跃潜力用户
119534,2,3,3,2,活跃潜力用户
119543,8,2,2,1,早期沉睡用户
119547,7,1,1,1,早期沉睡用户
119552,1,3,3,2,活跃潜力用户
119562,5,2,2,1,早期沉睡用户
119568,3,1,1,2,活跃潜力用户
119577,4,1,1,2,活跃潜力用户
119582,7,4,3,1,早期沉睡用户
119605,5,1,1,1,早期沉睡用户
119610,4,2,2,2,活跃潜力用户
119616,2,1,1,2,活跃潜力用户
119628,2,1,1,2,活跃潜力用户
119633,1,3,3,2,活跃潜力用户
119638,6,2,1,1,早期沉睡用户
11964,7,1,1,1,早期沉睡用户
119654,1,2,2,2,活跃潜力用户
119657,1,4,4,2,活跃潜力用户
119659,3,1,1,2,活跃潜力用户
119664,2,5,5,0,高价值忠诚用户
119668,1,10,10,0,高价值忠诚用户
119690,1,3,3,2,活跃潜力用户
11970,1,2,2,2,活跃潜力用户
119720,4,3,3,2,活跃潜力用户
119735,2,2,2,2,活跃潜力用户
119741,2,1,1,2,活跃潜力用户
119746,2,4,4,2,活跃潜力用户
11975,1,3,3,2,活跃潜力用户
119750,9,1,1,1,早期沉睡用户
119758,6,4,4,1,早期沉睡用户
11976,1,11,9,0,高价值忠诚用户
119767,2,2,2,2,活跃潜力用户
119770,7,1,1,1,早期沉睡用户
119775,1,4,4,2,活跃潜力用户
119820,7,2,2,1,早期沉睡用户
119831,1,2,2,2,活跃潜力用户
119862,2,1,1,2,活跃潜力用户
119879,2,1,1,2,活跃潜力用户
11988,9,1,1,1,早期沉睡用户
119880,3,1,1,2,活跃潜力用户
119883,2,3,3,2,活跃潜力用户
119895,4,1,1,2,活跃潜力用户
119915,1,3,3,2,活跃潜力用户
119925,1,7,7,0,高价值忠诚用户
119940,4,1,1,2,活跃潜力用户
119942,8,1,1,1,早期沉睡用户
119944,5,3,3,1,早期沉睡用户
11995,8,1,1,1,早期沉睡用户
119961,1,3,3,2,活跃潜力用户
119970,1,2,2,2,活跃潜力用户
119974,1,3,2,2,活跃潜力用户
11998,8,4,3,1,早期沉睡用户
119982,9,1,1,1,早期沉睡用户
119991,2,2,2,2,活跃潜力用户
119998,1,6,6,0,高价值忠诚用户
119999,1,8,8,0,高价值忠诚用户
120009,2,7,7,0,高价值忠诚用户
12002,7,1,1,1,早期沉睡用户
120026,4,1,1,2,活跃潜力用户
120036,1,2,2,2,活跃潜力用户
120038,7,5,5,1,早期沉睡用户
12004,2,2,2,2,活跃潜力用户
120047,4,1,1,2,活跃潜力用户
120052,5,2,2,1,早期沉睡用户
120059,5,10,10,0,高价值忠诚用户
120062,7,1,1,1,早期沉睡用户
120071,1,1,1,2,活跃潜力用户
120076,4,5,4,2,活跃潜力用户
120089,3,1,1,2,活跃潜力用户
120093,2,2,2,2,活跃潜力用户
120114,1,2,2,2,活跃潜力用户
120118,4,1,1,2,活跃潜力用户
120129,1,3,3,2,活跃潜力用户
120134,6,1,1,1,早期沉睡用户
120135,1,4,4,2,活跃潜力用户
120137,4,8,8,0,高价值忠诚用户
120150,1,3,3,2,活跃潜力用户
120201,8,2,2,1,早期沉睡用户
120228,2,7,7,0,高价值忠诚用户
120238,6,1,1,1,早期沉睡用户
120241,1,5,5,0,高价值忠诚用户
12026,2,2,2,2,活跃潜力用户
120267,5,1,1,1,早期沉睡用户
120269,1,1,1,2,活跃潜力用户
120271,3,6,6,0,高价值忠诚用户
120283,6,1,1,1,早期沉睡用户
120295,1,2,2,2,活跃潜力用户
1203,8,1,1,1,早期沉睡用户
120301,9,1,1,1,早期沉睡用户
120304,2,2,2,2,活跃潜力用户
120305,2,3,2,2,活跃潜力用户
120315,2,6,5,0,高价值忠诚用户
120326,3,1,1,2,活跃潜力用户
120336,7,2,2,1,早期沉睡用户
120338,5,2,2,1,早期沉睡用户
120344,5,2,2,1,早期沉睡用户
120346,9,1,1,1,早期沉睡用户
120349,1,5,5,0,高价值忠诚用户
12035,2,15,15,0,高价值忠诚用户
12037,2,3,3,2,活跃潜力用户
120374,3,4,3,2,活跃潜力用户
120375,4,1,1,2,活跃潜力用户
120379,2,9,9,0,高价值忠诚用户
120381,4,1,1,2,活跃潜力用户
120388,9,1,1,1,早期沉睡用户
120396,1,3,3,2,活跃潜力用户
120398,1,5,5,0,高价值忠诚用户
120419,8,1,1,1,早期沉睡用户
120422,3,3,3,2,活跃潜力用户
120425,7,2,2,1,早期沉睡用户
120426,3,3,3,2,活跃潜力用户
120442,3,1,1,2,活跃潜力用户
120444,9,2,2,1,早期沉睡用户
120448,2,10,10,0,高价值忠诚用户
120452,5,2,2,1,早期沉睡用户
120454,5,1,1,1,早期沉睡用户
120456,5,2,1,1,早期沉睡用户
120466,6,1,1,1,早期沉睡用户
120471,6,3,3,1,早期沉睡用户
120477,8,1,1,1,早期沉睡用户
120478,4,1,1,2,活跃潜力用户
120479,7,7,7,0,高价值忠诚用户
120493,3,5,5,0,高价值忠诚用户
12050,3,3,3,2,活跃潜力用户
120504,1,2,2,2,活跃潜力用户
120514,2,3,2,2,活跃潜力用户
120518,6,2,2,1,早期沉睡用户
120524,6,2,2,1,早期沉睡用户
120528,4,9,9,0,高价值忠诚用户
120534,3,3,3,2,活跃潜力用户
120563,2,4,3,2,活跃潜力用户
120565,4,1,1,2,活跃潜力用户
120575,1,3,3,2,活跃潜力用户
120581,1,6,6,0,高价值忠诚用户
120587,4,1,1,2,活跃潜力用户
120592,8,4,4,1,早期沉睡用户
120594,2,6,5,0,高价值忠诚用户
120604,5,3,2,1,早期沉睡用户
120615,4,1,1,2,活跃潜力用户
120621,4,5,5,0,高价值忠诚用户
120627,1,3,3,2,活跃潜力用户
120630,1,2,2,2,活跃潜力用户
120634,4,1,1,2,活跃潜力用户
12064,1,2,2,2,活跃潜力用户
120640,1,5,5,0,高价值忠诚用户
120641,5,3,3,1,早期沉睡用户
120665,5,1,1,1,早期沉睡用户
120674,4,2,1,2,活跃潜力用户
120675,6,2,2,1,早期沉睡用户
12068,1,2,2,2,活跃潜力用户
120710,3,4,4,2,活跃潜力用户
120711,1,3,3,2,活跃潜力用户
120713,3,2,2,2,活跃潜力用户
120734,2,9,9,0,高价值忠诚用户
120745,2,3,3,2,活跃潜力用户
12076,9,1,1,1,早期沉睡用户
120760,7,2,2,1,早期沉睡用户
120765,7,1,1,1,早期沉睡用户
12077,4,1,1,2,活跃潜力用户
120771,1,2,2,2,活跃潜力用户
120774,1,3,3,2,活跃潜力用户
12078,2,2,2,2,活跃潜力用户
120781,5,7,6,0,高价值忠诚用户
120785,5,2,2,1,早期沉睡用户
12082,3,1,1,2,活跃潜力用户
120823,1,2,2,2,活跃潜力用户
120825,1,1,1,2,活跃潜力用户
120830,1,2,2,2,活跃潜力用户
12084,9,1,1,1,早期沉睡用户
120849,1,8,8,0,高价值忠诚用户
120851,2,3,3,2,活跃潜力用户
120862,1,2,2,2,活跃潜力用户
12087,5,2,2,1,早期沉睡用户
120872,3,1,1,2,活跃潜力用户
12088,6,1,1,1,早期沉睡用户
120880,9,2,2,1,早期沉睡用户
120887,1,1,1,2,活跃潜力用户
120891,6,1,1,1,早期沉睡用户
120900,4,9,8,0,高价值忠诚用户
120910,8,2,2,1,早期沉睡用户
120922,2,3,3,2,活跃潜力用户
120929,1,5,5,0,高价值忠诚用户
120932,1,6,4,0,高价值忠诚用户
120938,2,2,2,2,活跃潜力用户
120939,1,3,3,2,活跃潜力用户
120943,1,3,3,2,活跃潜力用户
12095,1,5,5,0,高价值忠诚用户
120958,8,4,4,1,早期沉睡用户
120959,5,1,1,1,早期沉睡用户
120968,1,2,1,2,活跃潜力用户
120975,5,8,8,0,高价值忠诚用户
120977,8,3,3,1,早期沉睡用户
120986,3,1,1,2,活跃潜力用户
120988,1,3,3,2,活跃潜力用户
12099,3,3,3,2,活跃潜力用户
120993,1,11,10,0,高价值忠诚用户
121,9,1,1,1,早期沉睡用户
121006,1,2,2,2,活跃潜力用户
121018,5,2,2,1,早期沉睡用户
121020,4,1,1,2,活跃潜力用户
121021,3,5,5,0,高价值忠诚用户
121024,4,3,3,2,活跃潜力用户
121025,5,4,4,1,早期沉睡用户
121027,1,1,1,2,活跃潜力用户
121036,6,1,1,1,早期沉睡用户
12104,2,4,4,2,活跃潜力用户
12105,3,3,3,2,活跃潜力用户
121066,1,3,3,2,活跃潜力用户
121069,1,2,2,2,活跃潜力用户
121070,2,8,7,0,高价值忠诚用户
121076,1,1,1,2,活跃潜力用户
121084,7,1,1,1,早期沉睡用户
121085,2,3,3,2,活跃潜力用户
12110,1,2,2,2,活跃潜力用户
121102,1,2,2,2,活跃潜力用户
121111,3,2,2,2,活跃潜力用户
121117,2,1,1,2,活跃潜力用户
12112,1,3,3,2,活跃潜力用户
121122,5,1,1,1,早期沉睡用户
121123,3,1,1,2,活跃潜力用户
121129,2,2,1,2,活跃潜力用户
121131,4,2,2,2,活跃潜力用户
121132,6,1,1,1,早期沉睡用户
121133,1,2,2,2,活跃潜力用户
121136,1,14,14,0,高价值忠诚用户
121137,8,2,2,1,早期沉睡用户
121156,6,1,1,1,早期沉睡用户
12117,1,2,2,2,活跃潜力用户
121172,5,2,2,1,早期沉睡用户
121174,1,1,1,2,活跃潜力用户
121182,1,4,4,2,活跃潜力用户
121189,2,1,1,2,活跃潜力用户
121194,4,2,2,2,活跃潜力用户
121196,3,6,6,0,高价值忠诚用户
121198,1,3,3,2,活跃潜力用户
1212,1,6,6,0,高价值忠诚用户
121204,1,10,10,0,高价值忠诚用户
121206,2,2,2,2,活跃潜力用户
121217,5,2,2,1,早期沉睡用户
121218,1,1,1,2,活跃潜力用户
121219,1,4,4,2,活跃潜力用户
121223,6,2,1,1,早期沉睡用户
12124,2,4,3,2,活跃潜力用户
121249,5,1,1,1,早期沉睡用户
121285,9,1,1,1,早期沉睡用户
121288,2,8,5,0,高价值忠诚用户
121293,5,1,1,1,早期沉睡用户
121321,1,5,5,0,高价值忠诚用户
121322,5,2,2,1,早期沉睡用户
121325,1,1,1,2,活跃潜力用户
12133,1,3,3,2,活跃潜力用户
121330,9,3,1,1,早期沉睡用户
121337,2,1,1,2,活跃潜力用户
121366,8,1,1,1,早期沉睡用户
121373,3,2,2,2,活跃潜力用户
121377,6,2,2,1,早期沉睡用户
121379,2,6,5,0,高价值忠诚用户
121389,1,7,6,0,高价值忠诚用户
121393,4,2,2,2,活跃潜力用户
121417,1,4,4,2,活跃潜力用户
121423,7,3,3,1,早期沉睡用户
121425,3,3,2,2,活跃潜力用户
12143,5,4,4,1,早期沉睡用户
121434,5,2,2,1,早期沉睡用户
121440,4,2,2,2,活跃潜力用户
121445,9,2,2,1,早期沉睡用户
12146,2,3,3,2,活跃潜力用户
121471,3,5,5,0,高价值忠诚用户
121475,9,1,1,1,早期沉睡用户
121479,4,3,3,2,活跃潜力用户
121502,1,7,7,0,高价值忠诚用户
121507,3,3,3,2,活跃潜力用户
12151,8,6,5,1,早期沉睡用户
121510,5,1,1,1,早期沉睡用户
121515,1,5,5,0,高价值忠诚用户
121528,6,1,1,1,早期沉睡用户
121530,6,3,3,1,早期沉睡用户
121531,9,1,1,1,早期沉睡用户
121533,8,1,1,1,早期沉睡用户
121536,1,4,3,2,活跃潜力用户
121538,6,1,1,1,早期沉睡用户
121540,1,1,1,2,活跃潜力用户
121551,2,3,3,2,活跃潜力用户
121563,2,1,1,2,活跃潜力用户
121571,1,1,1,2,活跃潜力用户
121572,9,1,1,1,早期沉睡用户
121575,3,7,7,0,高价值忠诚用户
121584,3,4,4,2,活跃潜力用户
121589,7,1,1,1,早期沉睡用户
121592,7,1,1,1,早期沉睡用户
121601,2,3,3,2,活跃潜力用户
121605,2,2,2,2,活跃潜力用户
121613,1,5,5,0,高价值忠诚用户
12163,2,1,1,2,活跃潜力用户
121637,1,3,3,2,活跃潜力用户
121669,3,3,3,2,活跃潜力用户
121684,1,1,1,2,活跃潜力用户
12169,7,3,3,1,早期沉睡用户
121705,4,6,6,0,高价值忠诚用户
121711,6,2,2,1,早期沉睡用户
121724,1,11,11,0,高价值忠诚用户
121741,1,6,6,0,高价值忠诚用户
121747,4,8,8,0,高价值忠诚用户
121757,4,11,9,0,高价值忠诚用户
121766,5,1,1,1,早期沉睡用户
121773,6,3,3,1,早期沉睡用户
121777,4,3,3,2,活跃潜力用户
12178,9,1,1,1,早期沉睡用户
121789,1,14,14,0,高价值忠诚用户
121798,2,2,2,2,活跃潜力用户
12180,3,1,1,2,活跃潜力用户
121801,3,4,3,2,活跃潜力用户
121808,2,2,2,2,活跃潜力用户
121810,4,2,2,2,活跃潜力用户
121820,4,2,2,2,活跃潜力用户
121824,1,3,3,2,活跃潜力用户
121837,2,1,1,2,活跃潜力用户
121843,2,2,2,2,活跃潜力用户
121849,5,1,1,1,早期沉睡用户
121853,8,3,3,1,早期沉睡用户
121854,1,5,5,0,高价值忠诚用户
121858,1,5,4,2,活跃潜力用户
12186,2,4,4,2,活跃潜力用户
121868,7,1,1,1,早期沉睡用户
121877,1,9,9,0,高价值忠诚用户
121881,7,3,3,1,早期沉睡用户
121890,1,8,8,0,高价值忠诚用户
121895,5,1,1,1,早期沉睡用户
121899,7,1,1,1,早期沉睡用户
121910,1,6,5,0,高价值忠诚用户
121924,1,5,5,0,高价值忠诚用户
121929,7,1,1,1,早期沉睡用户
121935,7,1,1,1,早期沉睡用户
121937,2,6,6,0,高价值忠诚用户
121938,3,5,5,0,高价值忠诚用户
121941,2,5,5,0,高价值忠诚用户
121948,1,4,4,2,活跃潜力用户
121955,4,2,2,2,活跃潜力用户
121968,7,1,1,1,早期沉睡用户
12197,9,1,1,1,早期沉睡用户
121970,8,4,4,1,早期沉睡用户
121974,3,3,3,2,活跃潜力用户
121975,2,3,3,2,活跃潜力用户
121985,1,5,3,2,活跃潜力用户
121986,3,4,4,2,活跃潜力用户
121993,7,1,1,1,早期沉睡用户
121996,1,2,2,2,活跃潜力用户
122,2,3,3,2,活跃潜力用户
122004,3,2,2,2,活跃潜力用户
122005,2,2,2,2,活跃潜力用户
12202,1,4,4,2,活跃潜力用户
122020,1,1,1,2,活跃潜力用户
122033,1,2,2,2,活跃潜力用户
12204,3,1,1,2,活跃潜力用户
122046,1,3,3,2,活跃潜力用户
122066,4,4,4,2,活跃潜力用户
122074,8,5,5,1,早期沉睡用户
122077,8,1,1,1,早期沉睡用户
122083,2,5,4,2,活跃潜力用户
122091,1,2,2,2,活跃潜力用户
122103,8,1,1,1,早期沉睡用户
122105,1,4,4,2,活跃潜力用户
122115,1,1,1,2,活跃潜力用户
122125,8,1,1,1,早期沉睡用户
12213,1,4,3,2,活跃潜力用户
122133,4,1,1,2,活跃潜力用户
122162,1,3,3,2,活跃潜力用户
122170,3,4,4,2,活跃潜力用户
122172,6,2,2,1,早期沉睡用户
122177,1,4,4,2,活跃潜力用户
12218,7,1,1,1,早期沉睡用户
122193,6,1,1,1,早期沉睡用户
122201,4,1,1,2,活跃潜力用户
122211,7,1,1,1,早期沉睡用户
122214,1,4,4,2,活跃潜力用户
122228,1,4,4,2,活跃潜力用户
122232,2,5,4,2,活跃潜力用户
122253,1,4,3,2,活跃潜力用户
122264,1,4,4,2,活跃潜力用户
122265,1,3,3,2,活跃潜力用户
122272,3,6,6,0,高价值忠诚用户
122276,2,1,1,2,活跃潜力用户
122277,3,5,5,0,高价值忠诚用户
122286,1,12,11,0,高价值忠诚用户
122292,6,3,3,1,早期沉睡用户
122293,5,5,5,0,高价值忠诚用户
122294,3,1,1,2,活跃潜力用户
12230,2,2,2,2,活跃潜力用户
122308,1,3,3,2,活跃潜力用户
122309,3,2,2,2,活跃潜力用户
122311,3,3,3,2,活跃潜力用户
122323,7,2,2,1,早期沉睡用户
122333,1,3,3,2,活跃潜力用户
122335,6,1,1,1,早期沉睡用户
122338,4,2,2,2,活跃潜力用户
122341,6,4,4,1,早期沉睡用户
122342,9,1,1,1,早期沉睡用户
122346,7,1,1,1,早期沉睡用户
122369,1,6,6,0,高价值忠诚用户
122373,3,2,2,2,活跃潜力用户
122379,1,5,5,0,高价值忠诚用户
122383,2,9,9,0,高价值忠诚用户
122387,1,5,5,0,高价值忠诚用户
122389,1,4,4,2,活跃潜力用户
122393,3,8,8,0,高价值忠诚用户
122395,3,2,2,2,活跃潜力用户
122397,5,3,3,1,早期沉睡用户
122403,3,4,4,2,活跃潜力用户
122405,9,1,1,1,早期沉睡用户
122410,2,12,12,0,高价值忠诚用户
122413,3,11,11,0,高价值忠诚用户
122423,2,9,7,0,高价值忠诚用户
122433,5,2,2,1,早期沉睡用户
122446,3,1,1,2,活跃潜力用户
122448,1,4,4,2,活跃潜力用户
122470,5,1,1,1,早期沉睡用户
122471,3,4,3,2,活跃潜力用户
122477,5,1,1,1,早期沉睡用户
122485,1,2,2,2,活跃潜力用户
122492,1,2,2,2,活跃潜力用户
122497,1,12,11,0,高价值忠诚用户
122501,4,3,3,2,活跃潜力用户
122502,6,1,1,1,早期沉睡用户
122503,2,3,3,2,活跃潜力用户
122504,1,69,66,3,超级用户
122512,2,2,2,2,活跃潜力用户
122523,1,2,2,2,活跃潜力用户
122544,4,1,1,2,活跃潜力用户
122545,7,1,1,1,早期沉睡用户
12255,8,1,1,1,早期沉睡用户
122557,2,1,1,2,活跃潜力用户
122558,3,5,5,0,高价值忠诚用户
122560,9,1,1,1,早期沉睡用户
122563,1,5,5,0,高价值忠诚用户
122573,1,1,1,2,活跃潜力用户
122574,2,1,1,2,活跃潜力用户
122578,1,6,5,0,高价值忠诚用户
122604,6,1,1,1,早期沉睡用户
122607,1,4,4,2,活跃潜力用户
12261,4,7,7,0,高价值忠诚用户
122616,2,5,5,0,高价值忠诚用户
122619,1,1,1,2,活跃潜力用户
122634,3,3,3,2,活跃潜力用户
122642,2,1,1,2,活跃潜力用户
12265,3,3,3,2,活跃潜力用户
122655,5,4,4,1,早期沉睡用户
122657,9,2,2,1,早期沉睡用户
122664,1,3,3,2,活跃潜力用户
122667,4,1,1,2,活跃潜力用户
122670,2,2,2,2,活跃潜力用户
12268,2,1,1,2,活跃潜力用户
122689,3,2,2,2,活跃潜力用户
122691,6,3,2,1,早期沉睡用户
122693,3,6,6,0,高价值忠诚用户
122706,1,1,1,2,活跃潜力用户
122723,1,1,1,2,活跃潜力用户
122729,7,1,1,1,早期沉睡用户
122735,2,2,2,2,活跃潜力用户
12274,1,3,3,2,活跃潜力用户
122771,6,4,4,1,早期沉睡用户
122774,2,2,2,2,活跃潜力用户
122782,1,7,7,0,高价值忠诚用户
122784,5,2,2,1,早期沉睡用户
122801,3,2,2,2,活跃潜力用户
122824,1,2,2,2,活跃潜力用户
122829,3,1,1,2,活跃潜力用户
12283,3,1,1,2,活跃潜力用户
122842,3,1,1,2,活跃潜力用户
122852,1,10,8,0,高价值忠诚用户
122853,3,7,7,0,高价值忠诚用户
122855,2,2,2,2,活跃潜力用户
122860,2,2,2,2,活跃潜力用户
122862,1,2,2,2,活跃潜力用户
122864,2,3,3,2,活跃潜力用户
122869,2,2,2,2,活跃潜力用户
122871,2,7,7,0,高价值忠诚用户
122874,4,3,3,2,活跃潜力用户
12289,2,8,8,0,高价值忠诚用户
122893,1,2,2,2,活跃潜力用户
122896,1,3,3,2,活跃潜力用户
122901,2,1,1,2,活跃潜力用户
122905,6,1,1,1,早期沉睡用户
122910,2,3,2,2,活跃潜力用户
122911,2,4,4,2,活跃潜力用户
122917,3,1,1,2,活跃潜力用户
122919,1,12,11,0,高价值忠诚用户
122926,1,2,2,2,活跃潜力用户
122929,3,2,2,2,活跃潜力用户
122935,1,1,1,2,活跃潜力用户
122939,2,2,1,2,活跃潜力用户
12295,3,2,2,2,活跃潜力用户
122953,6,1,1,1,早期沉睡用户
122958,3,1,1,2,活跃潜力用户
122976,1,2,2,2,活跃潜力用户
12298,5,1,1,1,早期沉睡用户
122981,1,3,3,2,活跃潜力用户
122985,2,1,1,2,活跃潜力用户
122993,5,2,2,1,早期沉睡用户
123000,8,4,4,1,早期沉睡用户
123003,2,2,2,2,活跃潜力用户
123014,3,2,2,2,活跃潜力用户
123020,2,3,3,2,活跃潜力用户
123028,2,3,3,2,活跃潜力用户
123035,1,2,2,2,活跃潜力用户
123036,6,2,2,1,早期沉睡用户
123041,8,1,1,1,早期沉睡用户
123057,3,4,3,2,活跃潜力用户
123063,8,2,1,1,早期沉睡用户
123064,2,1,1,2,活跃潜力用户
123076,2,2,2,2,活跃潜力用户
12308,3,2,2,2,活跃潜力用户
123081,4,2,2,2,活跃潜力用户
123084,5,5,5,0,高价值忠诚用户
123087,4,1,1,2,活跃潜力用户
123090,7,5,5,1,早期沉睡用户
123094,3,1,1,2,活跃潜力用户
123102,1,3,3,2,活跃潜力用户
123103,6,1,1,1,早期沉睡用户
123108,6,2,2,1,早期沉睡用户
123109,1,5,4,2,活跃潜力用户
123111,6,5,5,1,早期沉睡用户
123118,2,1,1,2,活跃潜力用户
123123,8,1,1,1,早期沉睡用户
123131,4,1,1,2,活跃潜力用户
123132,2,4,4,2,活跃潜力用户
123134,2,2,2,2,活跃潜力用户
123145,5,1,1,1,早期沉睡用户
123150,3,1,1,2,活跃潜力用户
123151,9,1,1,1,早期沉睡用户
123156,4,3,3,2,活跃潜力用户
123170,4,1,1,2,活跃潜力用户
123172,5,2,2,1,早期沉睡用户
123177,7,1,1,1,早期沉睡用户
123178,1,1,1,2,活跃潜力用户
123192,1,1,1,2,活跃潜力用户
123194,3,7,7,0,高价值忠诚用户
123209,5,2,2,1,早期沉睡用户
123213,5,2,2,1,早期沉睡用户
123217,5,1,1,1,早期沉睡用户
12322,2,12,12,0,高价值忠诚用户
123222,2,4,4,2,活跃潜力用户
123241,1,4,4,2,活跃潜力用户
123242,1,10,10,0,高价值忠诚用户
123243,9,1,1,1,早期沉睡用户
123245,4,4,4,2,活跃潜力用户
123246,4,3,2,2,活跃潜力用户
12325,5,1,1,1,早期沉睡用户
123252,1,7,6,0,高价值忠诚用户
123256,2,3,3,2,活跃潜力用户
123264,2,5,5,0,高价值忠诚用户
123272,4,2,2,2,活跃潜力用户
123275,6,1,1,1,早期沉睡用户
123286,1,6,5,0,高价值忠诚用户
123301,5,4,4,1,早期沉睡用户
123302,5,2,2,1,早期沉睡用户
123304,1,1,1,2,活跃潜力用户
123312,1,3,3,2,活跃潜力用户
123313,1,2,2,2,活跃潜力用户
123314,2,1,1,2,活跃潜力用户
123316,1,3,3,2,活跃潜力用户
123317,1,4,4,2,活跃潜力用户
123325,4,2,2,2,活跃潜力用户
12333,4,3,3,2,活跃潜力用户
123340,2,2,2,2,活跃潜力用户
123344,2,6,6,0,高价值忠诚用户
123347,8,1,1,1,早期沉睡用户
123348,3,5,5,0,高价值忠诚用户
123350,1,2,2,2,活跃潜力用户
123374,1,1,1,2,活跃潜力用户
123388,5,2,2,1,早期沉睡用户
123389,3,1,1,2,活跃潜力用户
1234,7,12,11,0,高价值忠诚用户
123400,7,1,1,1,早期沉睡用户
123403,2,2,1,2,活跃潜力用户
123407,8,1,1,1,早期沉睡用户
123433,7,3,3,1,早期沉睡用户
123447,9,1,1,1,早期沉睡用户
123473,9,1,1,1,早期沉睡用户
123493,9,3,3,1,早期沉睡用户
12350,1,2,2,2,活跃潜力用户
123505,5,2,2,1,早期沉睡用户
12351,2,5,5,0,高价值忠诚用户
123519,2,2,2,2,活跃潜力用户
123520,1,4,3,2,活跃潜力用户
123521,7,2,2,1,早期沉睡用户
123522,7,2,2,1,早期沉睡用户
123525,1,3,3,2,活跃潜力用户
123530,2,3,3,2,活跃潜力用户
123539,2,4,4,2,活跃潜力用户
123541,5,4,3,1,早期沉睡用户
123543,1,5,4,2,活跃潜力用户
123545,3,1,1,2,活跃潜力用户
123553,1,1,1,2,活跃潜力用户
12356,2,2,2,2,活跃潜力用户
123563,2,8,8,0,高价值忠诚用户
123565,2,1,1,2,活跃潜力用户
123570,8,1,1,1,早期沉睡用户
123579,3,2,2,2,活跃潜力用户
123584,6,2,2,1,早期沉睡用户
123585,5,7,5,0,高价值忠诚用户
12360,1,1,1,2,活跃潜力用户
123603,5,1,1,1,早期沉睡用户
123608,3,5,5,0,高价值忠诚用户
123611,1,1,1,2,活跃潜力用户
123632,8,2,2,1,早期沉睡用户
123635,2,3,3,2,活跃潜力用户
123657,7,1,1,1,早期沉睡用户
123669,1,2,2,2,活跃潜力用户
123672,1,7,7,0,高价值忠诚用户
123694,1,4,4,2,活跃潜力用户
123706,5,2,2,1,早期沉睡用户
123714,2,17,15,0,高价值忠诚用户
12373,6,2,2,1,早期沉睡用户
123748,5,2,2,1,早期沉睡用户
12375,3,2,2,2,活跃潜力用户
123755,1,23,14,0,高价值忠诚用户
123756,1,2,2,2,活跃潜力用户
123757,2,1,1,2,活跃潜力用户
123762,1,5,5,0,高价值忠诚用户
123771,5,3,3,1,早期沉睡用户
123772,5,1,1,1,早期沉睡用户
12378,2,3,1,2,活跃潜力用户
123780,3,3,3,2,活跃潜力用户
123793,7,3,2,1,早期沉睡用户
123798,9,1,1,1,早期沉睡用户
123803,2,3,3,2,活跃潜力用户
123809,2,3,3,2,活跃潜力用户
123812,5,10,9,0,高价值忠诚用户
12384,1,3,3,2,活跃潜力用户
123841,4,1,1,2,活跃潜力用户
123866,3,3,3,2,活跃潜力用户
12387,1,1,1,2,活跃潜力用户
123871,2,4,4,2,活跃潜力用户
123887,1,3,3,2,活跃潜力用户
123888,2,2,2,2,活跃潜力用户
12389,2,2,2,2,活跃潜力用户
123892,1,8,8,0,高价值忠诚用户
123897,2,3,3,2,活跃潜力用户
123898,2,1,1,2,活跃潜力用户
123905,2,2,2,2,活跃潜力用户
123921,1,2,2,2,活跃潜力用户
123922,9,1,1,1,早期沉睡用户
123924,2,1,1,2,活跃潜力用户
123933,7,2,2,1,早期沉睡用户
123938,8,2,2,1,早期沉睡用户
12394,2,1,1,2,活跃潜力用户
123942,1,2,2,2,活跃潜力用户
123949,2,1,1,2,活跃潜力用户
123962,3,11,10,0,高价值忠诚用户
123966,1,2,2,2,活跃潜力用户
123968,2,2,2,2,活跃潜力用户
123971,2,3,3,2,活跃潜力用户
123978,8,2,2,1,早期沉睡用户
123983,1,1,1,2,活跃潜力用户
123992,2,3,3,2,活跃潜力用户
12400,1,4,4,2,活跃潜力用户
124001,4,5,5,0,高价值忠诚用户
124006,5,1,1,1,早期沉睡用户
124010,7,2,2,1,早期沉睡用户
124025,6,1,1,1,早期沉睡用户
12403,2,2,1,2,活跃潜力用户
124033,2,5,5,0,高价值忠诚用户
124036,1,4,4,2,活跃潜力用户
124046,2,2,2,2,活跃潜力用户
124052,2,1,1,2,活跃潜力用户
124061,8,2,2,1,早期沉睡用户
124063,4,1,1,2,活跃潜力用户
124065,2,3,2,2,活跃潜力用户
124069,4,3,3,2,活跃潜力用户
12407,6,3,3,1,早期沉睡用户
124072,6,2,2,1,早期沉睡用户
124078,7,1,1,1,早期沉睡用户
124079,5,1,1,1,早期沉睡用户
124083,4,5,5,0,高价值忠诚用户
124093,2,3,3,2,活跃潜力用户
124095,1,9,8,0,高价值忠诚用户
124098,8,1,1,1,早期沉睡用户
1241,6,1,1,1,早期沉睡用户
124101,1,2,2,2,活跃潜力用户
124107,7,1,1,1,早期沉睡用户
12412,1,1,1,2,活跃潜力用户
124125,2,1,1,2,活跃潜力用户
124127,7,5,5,1,早期沉睡用户
124129,2,1,1,2,活跃潜力用户
124138,4,4,4,2,活跃潜力用户
124152,2,3,2,2,活跃潜力用户
124159,5,1,1,1,早期沉睡用户
124170,9,1,1,1,早期沉睡用户
124171,2,2,2,2,活跃潜力用户
124180,1,2,2,2,活跃潜力用户
124194,2,6,6,0,高价值忠诚用户
1242,6,1,1,1,早期沉睡用户
12420,4,3,3,2,活跃潜力用户
124219,1,1,1,2,活跃潜力用户
124232,6,8,8,0,高价值忠诚用户
124236,9,2,1,1,早期沉睡用户
12424,1,4,4,2,活跃潜力用户
124245,8,1,1,1,早期沉睡用户
124252,3,3,3,2,活跃潜力用户
124260,3,3,3,2,活跃潜力用户
124273,3,7,6,0,高价值忠诚用户
124274,1,4,4,2,活跃潜力用户
124291,2,4,4,2,活跃潜力用户
124295,1,1,1,2,活跃潜力用户
124298,4,5,4,2,活跃潜力用户
124310,7,1,1,1,早期沉睡用户
12432,3,2,2,2,活跃潜力用户
124321,2,11,10,0,高价值忠诚用户
124337,4,1,1,2,活跃潜力用户
124354,6,2,2,1,早期沉睡用户
124357,7,2,2,1,早期沉睡用户
124361,2,1,1,2,活跃潜力用户
124370,7,1,1,1,早期沉睡用户
124372,1,3,3,2,活跃潜力用户
124387,2,7,6,0,高价值忠诚用户
124393,3,1,1,2,活跃潜力用户
124397,2,3,3,2,活跃潜力用户
124398,4,1,1,2,活跃潜力用户
1244,5,1,1,1,早期沉睡用户
124432,4,2,2,2,活跃潜力用户
124437,2,1,1,2,活跃潜力用户
124440,3,3,3,2,活跃潜力用户
124442,4,2,2,2,活跃潜力用户
124456,3,1,1,2,活跃潜力用户
124458,1,2,2,2,活跃潜力用户
124466,1,2,2,2,活跃潜力用户
124468,4,1,1,2,活跃潜力用户
124469,9,1,1,1,早期沉睡用户
124470,1,2,2,2,活跃潜力用户
124475,1,1,1,2,活跃潜力用户
124481,7,2,2,1,早期沉睡用户
124485,6,4,4,1,早期沉睡用户
124494,3,1,1,2,活跃潜力用户
124505,4,3,3,2,活跃潜力用户
124506,2,4,4,2,活跃潜力用户
124507,1,18,15,0,高价值忠诚用户
124509,5,1,1,1,早期沉睡用户
124515,9,1,1,1,早期沉睡用户
124516,7,3,3,1,早期沉睡用户
124533,2,4,4,2,活跃潜力用户
124538,1,4,4,2,活跃潜力用户
12455,2,2,2,2,活跃潜力用户
124563,9,1,1,1,早期沉睡用户
124571,3,1,1,2,活跃潜力用户
124578,9,1,1,1,早期沉睡用户
124587,6,1,1,1,早期沉睡用户
124590,3,2,2,2,活跃潜力用户
1246,4,2,2,2,活跃潜力用户
124602,2,1,1,2,活跃潜力用户
124607,1,11,11,0,高价值忠诚用户
124610,2,1,1,2,活跃潜力用户
124622,1,2,2,2,活跃潜力用户
124623,5,4,4,1,早期沉睡用户
124625,3,1,1,2,活跃潜力用户
124631,9,1,1,1,早期沉睡用户
124638,4,6,6,0,高价值忠诚用户
12464,6,2,2,1,早期沉睡用户
124641,2,5,5,0,高价值忠诚用户
12465,6,3,2,1,早期沉睡用户
124655,3,1,1,2,活跃潜力用户
12466,2,2,2,2,活跃潜力用户
124660,2,3,3,2,活跃潜力用户
124663,7,1,1,1,早期沉睡用户
124666,8,1,1,1,早期沉睡用户
124671,5,1,1,1,早期沉睡用户
124672,4,2,2,2,活跃潜力用户
124674,7,3,3,1,早期沉睡用户
124677,1,2,2,2,活跃潜力用户
124678,2,1,1,2,活跃潜力用户
124686,7,1,1,1,早期沉睡用户
124713,4,1,1,2,活跃潜力用户
124723,9,1,1,1,早期沉睡用户
124725,3,1,1,2,活跃潜力用户
124728,3,1,1,2,活跃潜力用户
124744,9,3,3,1,早期沉睡用户
124759,2,1,1,2,活跃潜力用户
12476,2,9,9,0,高价值忠诚用户
124762,3,2,2,2,活跃潜力用户
124768,8,1,1,1,早期沉睡用户
124787,5,2,2,1,早期沉睡用户
124806,6,4,4,1,早期沉睡用户
124809,2,2,2,2,活跃潜力用户
124811,1,4,4,2,活跃潜力用户
124813,1,5,4,2,活跃潜力用户
124815,1,2,2,2,活跃潜力用户
12482,3,2,2,2,活跃潜力用户
124821,2,1,1,2,活跃潜力用户
124832,9,1,1,1,早期沉睡用户
124837,3,1,1,2,活跃潜力用户
124848,1,4,4,2,活跃潜力用户
124862,1,2,2,2,活跃潜力用户
124867,1,4,4,2,活跃潜力用户
124871,3,1,1,2,活跃潜力用户
124872,1,1,1,2,活跃潜力用户
124879,8,2,2,1,早期沉睡用户
124892,1,19,19,0,高价值忠诚用户
1249,3,26,24,3,超级用户
124900,1,1,1,2,活跃潜力用户
124905,3,5,5,0,高价值忠诚用户
124907,8,1,1,1,早期沉睡用户
124916,1,3,3,2,活跃潜力用户
124917,1,1,1,2,活跃潜力用户
12492,2,5,5,0,高价值忠诚用户
124922,2,1,1,2,活跃潜力用户
124925,5,3,3,1,早期沉睡用户
124926,3,1,1,2,活跃潜力用户
124927,6,3,3,1,早期沉睡用户
124935,4,2,2,2,活跃潜力用户
12494,5,2,2,1,早期沉睡用户
124942,9,2,1,1,早期沉睡用户
124962,7,1,1,1,早期沉睡用户
124971,4,1,1,2,活跃潜力用户
124972,3,1,1,2,活跃潜力用户
124973,3,6,6,0,高价值忠诚用户
124976,1,2,2,2,活跃潜力用户
124988,3,2,2,2,活跃潜力用户
12500,1,1,1,2,活跃潜力用户
125008,1,2,2,2,活跃潜力用户
125023,6,3,3,1,早期沉睡用户
125035,1,3,3,2,活跃潜力用户
125038,3,3,3,2,活跃潜力用户
125040,3,3,3,2,活跃潜力用户
125050,4,6,6,0,高价值忠诚用户
125052,1,2,2,2,活跃潜力用户
125053,2,1,1,2,活跃潜力用户
125061,2,8,6,0,高价值忠诚用户
125078,1,4,4,2,活跃潜力用户
125082,2,2,1,2,活跃潜力用户
125086,5,2,2,1,早期沉睡用户
125090,6,4,4,1,早期沉睡用户
125092,3,1,1,2,活跃潜力用户
125109,3,3,3,2,活跃潜力用户
125112,3,5,5,0,高价值忠诚用户
125122,4,1,1,2,活跃潜力用户
125141,3,1,1,2,活跃潜力用户
125153,2,1,1,2,活跃潜力用户
125158,7,1,1,1,早期沉睡用户
125164,2,3,3,2,活跃潜力用户
125176,3,2,2,2,活跃潜力用户
125183,3,2,2,2,活跃潜力用户
125187,1,12,11,0,高价值忠诚用户
125192,7,2,2,1,早期沉睡用户
125205,1,5,5,0,高价值忠诚用户
125210,1,3,3,2,活跃潜力用户
125216,2,3,3,2,活跃潜力用户
125217,6,2,2,1,早期沉睡用户
125230,4,10,9,0,高价值忠诚用户
12524,1,2,2,2,活跃潜力用户
125254,1,3,3,2,活跃潜力用户
125265,5,1,1,1,早期沉睡用户
125270,6,1,1,1,早期沉睡用户
125281,3,4,4,2,活跃潜力用户
1253,3,2,2,2,活跃潜力用户
125301,3,2,2,2,活跃潜力用户
125303,4,12,9,0,高价值忠诚用户
125307,1,6,6,0,高价值忠诚用户
125318,9,1,1,1,早期沉睡用户
125319,3,2,2,2,活跃潜力用户
125325,8,1,1,1,早期沉睡用户
125326,9,1,1,1,早期沉睡用户
125328,1,1,1,2,活跃潜力用户
125340,8,1,1,1,早期沉睡用户
125344,4,7,7,0,高价值忠诚用户
125348,3,4,3,2,活跃潜力用户
125355,2,6,4,0,高价值忠诚用户
125363,4,4,4,2,活跃潜力用户
125364,1,5,5,0,高价值忠诚用户
125365,6,1,1,1,早期沉睡用户
125377,1,6,6,0,高价值忠诚用户
125401,2,6,6,0,高价值忠诚用户
125419,7,1,1,1,早期沉睡用户
125421,2,1,1,2,活跃潜力用户
125422,7,9,6,0,高价值忠诚用户
125429,7,1,1,1,早期沉睡用户
125437,9,1,1,1,早期沉睡用户
125438,3,1,1,2,活跃潜力用户
125447,3,4,4,2,活跃潜力用户
125457,2,2,1,2,活跃潜力用户
125461,1,5,4,2,活跃潜力用户
125475,4,1,1,2,活跃潜力用户
125477,5,6,6,0,高价值忠诚用户
12548,3,2,2,2,活跃潜力用户
125482,8,6,6,1,早期沉睡用户
125488,4,1,1,2,活跃潜力用户
125490,2,1,1,2,活跃潜力用户
125503,2,5,5,0,高价值忠诚用户
125508,2,4,2,2,活跃潜力用户
125518,3,6,6,0,高价值忠诚用户
125519,6,1,1,1,早期沉睡用户
125524,1,1,1,2,活跃潜力用户
125532,7,1,1,1,早期沉睡用户
125537,1,4,4,2,活跃潜力用户
125552,4,2,2,2,活跃潜力用户
125555,8,2,2,1,早期沉睡用户
125557,4,5,5,0,高价值忠诚用户
125559,1,3,3,2,活跃潜力用户
125568,1,2,2,2,活跃潜力用户
125575,8,2,2,1,早期沉睡用户
125578,1,5,3,2,活跃潜力用户
125580,1,4,4,2,活跃潜力用户
125587,4,7,4,0,高价值忠诚用户
125621,1,2,2,2,活跃潜力用户
125623,3,3,3,2,活跃潜力用户
125624,2,5,5,0,高价值忠诚用户
125649,1,1,1,2,活跃潜力用户
125653,1,1,1,2,活跃潜力用户
12566,5,2,2,1,早期沉睡用户
125674,1,11,10,0,高价值忠诚用户
125675,8,1,1,1,早期沉睡用户
12568,1,2,2,2,活跃潜力用户
125682,7,1,1,1,早期沉睡用户
12569,3,2,2,2,活跃潜力用户
125693,7,2,1,1,早期沉睡用户
125709,3,1,1,2,活跃潜力用户
12574,1,3,3,2,活跃潜力用户
125740,7,2,2,1,早期沉睡用户
125746,3,4,4,2,活跃潜力用户
125757,5,1,1,1,早期沉睡用户
125759,4,2,2,2,活跃潜力用户
12576,1,2,2,2,活跃潜力用户
12578,4,2,2,2,活跃潜力用户
125791,4,5,5,0,高价值忠诚用户
125792,7,2,2,1,早期沉睡用户
125795,5,2,2,1,早期沉睡用户
125798,4,1,1,2,活跃潜力用户
125800,2,5,5,0,高价值忠诚用户
125802,6,3,3,1,早期沉睡用户
125811,1,7,7,0,高价值忠诚用户
125815,3,5,5,0,高价值忠诚用户
125818,5,2,2,1,早期沉睡用户
125821,8,1,1,1,早期沉睡用户
125823,6,3,3,1,早期沉睡用户
125827,4,1,1,2,活跃潜力用户
125835,8,1,1,1,早期沉睡用户
125837,4,2,2,2,活跃潜力用户
125838,7,3,3,1,早期沉睡用户
125859,6,1,1,1,早期沉睡用户
125864,2,9,9,0,高价值忠诚用户
125879,5,1,1,1,早期沉睡用户
125887,1,2,2,2,活跃潜力用户
12589,3,1,1,2,活跃潜力用户
125897,1,1,1,2,活跃潜力用户
125903,2,3,3,2,活跃潜力用户
125920,2,5,5,0,高价值忠诚用户
125924,6,2,2,1,早期沉睡用户
125935,2,1,1,2,活跃潜力用户
125945,5,2,2,1,早期沉睡用户
125946,6,3,3,1,早期沉睡用户
125948,7,1,1,1,早期沉睡用户
125956,2,1,1,2,活跃潜力用户
125966,3,2,2,2,活跃潜力用户
125983,4,4,4,2,活跃潜力用户
125985,2,4,4,2,活跃潜力用户
125987,2,3,3,2,活跃潜力用户
125989,1,1,1,2,活跃潜力用户
125991,8,1,1,1,早期沉睡用户
125999,5,1,1,1,早期沉睡用户
126013,2,1,1,2,活跃潜力用户
126015,4,3,3,2,活跃潜力用户
126016,4,7,7,0,高价值忠诚用户
126017,9,1,1,1,早期沉睡用户
126019,8,1,1,1,早期沉睡用户
126021,2,2,2,2,活跃潜力用户
126024,6,2,2,1,早期沉睡用户
126027,1,2,2,2,活跃潜力用户
126031,4,1,1,2,活跃潜力用户
12605,1,4,4,2,活跃潜力用户
126051,5,2,2,1,早期沉睡用户
126052,3,1,1,2,活跃潜力用户
126062,4,2,2,2,活跃潜力用户
126063,1,1,1,2,活跃潜力用户
126071,1,10,6,0,高价值忠诚用户
126073,1,1,1,2,活跃潜力用户
126075,3,8,8,0,高价值忠诚用户
126128,4,3,3,2,活跃潜力用户
126145,2,4,4,2,活跃潜力用户
126146,6,4,4,1,早期沉睡用户
12615,4,3,3,2,活跃潜力用户
126150,6,3,2,1,早期沉睡用户
126151,3,2,2,2,活跃潜力用户
126168,3,3,3,2,活跃潜力用户
12617,4,1,1,2,活跃潜力用户
126174,4,3,3,2,活跃潜力用户
126186,1,3,3,2,活跃潜力用户
126195,9,1,1,1,早期沉睡用户
126196,2,3,3,2,活跃潜力用户
126214,1,1,1,2,活跃潜力用户
126222,8,1,1,1,早期沉睡用户
126235,1,1,1,2,活跃潜力用户
126236,7,2,2,1,早期沉睡用户
126238,2,2,2,2,活跃潜力用户
126247,5,6,4,1,早期沉睡用户
126261,3,1,1,2,活跃潜力用户
126267,5,1,1,1,早期沉睡用户
126271,7,1,1,1,早期沉睡用户
126278,6,1,1,1,早期沉睡用户
126289,1,1,1,2,活跃潜力用户
12629,3,3,3,2,活跃潜力用户
126295,4,1,1,2,活跃潜力用户
12630,2,8,8,0,高价值忠诚用户
126306,4,1,1,2,活跃潜力用户
126314,4,5,5,0,高价值忠诚用户
126316,5,1,1,1,早期沉睡用户
12632,1,1,1,2,活跃潜力用户
126327,4,2,2,2,活跃潜力用户
126332,4,3,3,2,活跃潜力用户
126336,2,3,3,2,活跃潜力用户
126343,1,4,4,2,活跃潜力用户
126347,1,1,1,2,活跃潜力用户
126357,3,5,5,0,高价值忠诚用户
126365,1,3,3,2,活跃潜力用户
126376,5,2,2,1,早期沉睡用户
126412,3,1,1,2,活跃潜力用户
126413,8,2,2,1,早期沉睡用户
126422,8,2,2,1,早期沉睡用户
126428,1,2,2,2,活跃潜力用户
126432,7,1,1,1,早期沉睡用户
126437,6,1,1,1,早期沉睡用户
126438,8,3,3,1,早期沉睡用户
12644,1,10,9,0,高价值忠诚用户
126448,7,1,1,1,早期沉睡用户
12645,6,1,1,1,早期沉睡用户
12646,1,6,5,0,高价值忠诚用户
126468,1,8,6,0,高价值忠诚用户
126470,2,2,2,2,活跃潜力用户
126482,1,4,3,2,活跃潜力用户
126491,3,1,1,2,活跃潜力用户
126492,7,1,1,1,早期沉睡用户
12650,5,1,1,1,早期沉睡用户
126500,1,1,1,2,活跃潜力用户
126515,3,2,2,2,活跃潜力用户
126526,2,2,2,2,活跃潜力用户
126530,2,5,5,0,高价值忠诚用户
126533,2,2,2,2,活跃潜力用户
126537,5,5,5,0,高价值忠诚用户
126544,2,3,3,2,活跃潜力用户
126554,7,6,4,1,早期沉睡用户
126565,6,1,1,1,早期沉睡用户
126569,6,2,2,1,早期沉睡用户
126572,2,4,3,2,活跃潜力用户
126583,4,2,2,2,活跃潜力用户
126603,2,3,3,2,活跃潜力用户
126604,2,4,3,2,活跃潜力用户
126605,3,2,2,2,活跃潜力用户
126619,3,1,1,2,活跃潜力用户
126625,9,1,1,1,早期沉睡用户
126628,3,1,1,2,活跃潜力用户
126630,4,1,1,2,活跃潜力用户
126631,5,2,2,1,早期沉睡用户
126641,2,8,6,0,高价值忠诚用户
12665,2,7,7,0,高价值忠诚用户
126651,2,3,3,2,活跃潜力用户
126668,1,3,3,2,活跃潜力用户
126677,1,1,1,2,活跃潜力用户
126681,5,1,1,1,早期沉睡用户
126686,3,5,5,0,高价值忠诚用户
126695,9,1,1,1,早期沉睡用户
126696,8,13,13,0,高价值忠诚用户
126698,5,1,1,1,早期沉睡用户
126704,2,3,3,2,活跃潜力用户
126707,9,1,1,1,早期沉睡用户
126713,1,1,1,2,活跃潜力用户
126714,1,1,1,2,活跃潜力用户
126725,4,2,2,2,活跃潜力用户
126733,5,3,3,1,早期沉睡用户
12674,1,1,1,2,活跃潜力用户
126740,3,2,2,2,活跃潜力用户
126745,7,3,3,1,早期沉睡用户
126749,8,2,2,1,早期沉睡用户
126754,5,3,3,1,早期沉睡用户
126758,8,3,3,1,早期沉睡用户
126768,2,2,2,2,活跃潜力用户
126775,1,2,2,2,活跃潜力用户
126787,1,3,3,2,活跃潜力用户
126789,5,4,4,1,早期沉睡用户
126790,3,2,2,2,活跃潜力用户
126793,2,1,1,2,活跃潜力用户
126794,6,7,7,0,高价值忠诚用户
126810,7,1,1,1,早期沉睡用户
126814,8,1,1,1,早期沉睡用户
126848,4,1,1,2,活跃潜力用户
126873,9,1,1,1,早期沉睡用户
126879,7,4,4,1,早期沉睡用户
126891,1,1,1,2,活跃潜力用户
126896,5,1,1,1,早期沉睡用户
126898,1,4,4,2,活跃潜力用户
126900,2,7,7,0,高价值忠诚用户
126902,5,1,1,1,早期沉睡用户
126903,3,1,1,2,活跃潜力用户
126905,4,5,5,0,高价值忠诚用户
126906,4,6,6,0,高价值忠诚用户
126908,1,10,10,0,高价值忠诚用户
126923,2,3,3,2,活跃潜力用户
126935,1,4,4,2,活跃潜力用户
126944,1,2,2,2,活跃潜力用户
126947,4,1,1,2,活跃潜力用户
126952,7,1,1,1,早期沉睡用户
126955,2,2,2,2,活跃潜力用户
126962,6,1,1,1,早期沉睡用户
126965,8,2,2,1,早期沉睡用户
126969,2,3,3,2,活跃潜力用户
126971,2,1,1,2,活跃潜力用户
126972,4,2,2,2,活跃潜力用户
126974,5,1,1,1,早期沉睡用户
126979,3,7,6,0,高价值忠诚用户
12699,3,3,3,2,活跃潜力用户
126997,4,1,1,2,活跃潜力用户
126999,2,1,1,2,活跃潜力用户
12700,1,1,1,2,活跃潜力用户
12701,1,15,15,0,高价值忠诚用户
127010,1,6,6,0,高价值忠诚用户
127013,5,1,1,1,早期沉睡用户
127014,2,3,1,2,活跃潜力用户
127015,3,11,10,0,高价值忠诚用户
127030,2,2,2,2,活跃潜力用户
127054,2,5,5,0,高价值忠诚用户
127055,6,2,2,1,早期沉睡用户
127057,1,1,1,2,活跃潜力用户
127058,4,1,1,2,活跃潜力用户
127069,4,1,1,2,活跃潜力用户
12707,3,2,2,2,活跃潜力用户
127072,4,1,1,2,活跃潜力用户
127075,1,2,2,2,活跃潜力用户
127080,1,2,2,2,活跃潜力用户
127085,1,3,3,2,活跃潜力用户
12709,4,1,1,2,活跃潜力用户
127113,1,4,4,2,活跃潜力用户
127125,1,1,1,2,活跃潜力用户
127135,3,3,3,2,活跃潜力用户
127139,1,1,1,2,活跃潜力用户
127141,2,3,3,2,活跃潜力用户
127146,6,1,1,1,早期沉睡用户
127178,2,5,5,0,高价值忠诚用户
127180,1,5,5,0,高价值忠诚用户
127181,6,1,1,1,早期沉睡用户
127182,4,1,1,2,活跃潜力用户
127194,2,2,2,2,活跃潜力用户
127206,8,2,2,1,早期沉睡用户
127208,6,3,3,1,早期沉睡用户
127210,3,2,2,2,活跃潜力用户
12722,1,6,6,0,高价值忠诚用户
127224,1,4,4,2,活跃潜力用户
127260,6,3,3,1,早期沉睡用户
127268,7,3,3,1,早期沉睡用户
127276,2,9,9,0,高价值忠诚用户
127282,3,3,3,2,活跃潜力用户
127306,9,2,2,1,早期沉睡用户
127308,4,4,4,2,活跃潜力用户
127323,2,5,5,0,高价值忠诚用户
127336,5,5,5,0,高价值忠诚用户
127340,1,6,6,0,高价值忠诚用户
127342,5,1,1,1,早期沉睡用户
127345,2,6,6,0,高价值忠诚用户
127355,1,4,4,2,活跃潜力用户
127360,1,7,6,0,高价值忠诚用户
127364,4,3,3,2,活跃潜力用户
127367,4,2,2,2,活跃潜力用户
127384,1,1,1,2,活跃潜力用户
127398,4,5,5,0,高价值忠诚用户
1274,5,2,2,1,早期沉睡用户
127407,2,3,2,2,活跃潜力用户
127415,3,2,2,2,活跃潜力用户
127417,1,1,1,2,活跃潜力用户
127419,1,5,5,0,高价值忠诚用户
127430,8,1,1,1,早期沉睡用户
127433,5,3,3,1,早期沉睡用户
127435,1,2,2,2,活跃潜力用户
127450,1,3,3,2,活跃潜力用户
127458,9,1,1,1,早期沉睡用户
12747,1,2,2,2,活跃潜力用户
127476,6,1,1,1,早期沉睡用户
127488,8,1,1,1,早期沉睡用户
127496,5,2,2,1,早期沉睡用户
1275,8,1,1,1,早期沉睡用户
127500,2,2,2,2,活跃潜力用户
127501,4,3,3,2,活跃潜力用户
127505,4,1,1,2,活跃潜力用户
127506,9,1,1,1,早期沉睡用户
127507,3,7,7,0,高价值忠诚用户
127511,6,1,1,1,早期沉睡用户
127522,6,3,3,1,早期沉睡用户
127529,1,1,1,2,活跃潜力用户
127532,5,3,1,1,早期沉睡用户
127538,9,1,1,1,早期沉睡用户
127539,9,1,1,1,早期沉睡用户
127542,2,1,1,2,活跃潜力用户
127543,3,3,3,2,活跃潜力用户
127548,2,2,2,2,活跃潜力用户
127550,4,4,3,2,活跃潜力用户
127554,1,3,3,2,活跃潜力用户
127556,1,3,3,2,活跃潜力用户
12756,2,7,7,0,高价值忠诚用户
127564,2,2,2,2,活跃潜力用户
12758,9,1,1,1,早期沉睡用户
127582,1,2,2,2,活跃潜力用户
127583,4,1,1,2,活跃潜力用户
127607,4,1,1,2,活跃潜力用户
127611,2,3,3,2,活跃潜力用户
127615,4,2,2,2,活跃潜力用户
127621,2,10,8,0,高价值忠诚用户
127624,5,3,3,1,早期沉睡用户
127627,7,1,1,1,早期沉睡用户
127628,3,3,3,2,活跃潜力用户
12763,1,2,2,2,活跃潜力用户
12764,9,1,1,1,早期沉睡用户
127647,4,2,2,2,活跃潜力用户
127656,8,1,1,1,早期沉睡用户
127657,3,2,2,2,活跃潜力用户
127666,3,1,1,2,活跃潜力用户
127672,2,1,1,2,活跃潜力用户
127674,5,2,2,1,早期沉睡用户
127677,1,2,2,2,活跃潜力用户
127684,1,1,1,2,活跃潜力用户
127686,1,1,1,2,活跃潜力用户
127687,2,2,2,2,活跃潜力用户
127699,2,2,2,2,活跃潜力用户
127706,3,4,4,2,活跃潜力用户
127713,1,1,1,2,活跃潜力用户
127722,6,1,1,1,早期沉睡用户
127726,5,2,2,1,早期沉睡用户
127743,4,3,3,2,活跃潜力用户
127744,7,1,1,1,早期沉睡用户
127747,3,1,1,2,活跃潜力用户
127749,1,1,1,2,活跃潜力用户
12775,5,5,5,0,高价值忠诚用户
127768,1,15,14,0,高价值忠诚用户
127773,1,1,1,2,活跃潜力用户
127774,4,2,2,2,活跃潜力用户
12779,4,1,1,2,活跃潜力用户
12780,8,1,1,1,早期沉睡用户
127818,7,3,3,1,早期沉睡用户
127820,2,3,3,2,活跃潜力用户
127821,1,2,2,2,活跃潜力用户
127830,2,1,1,2,活跃潜力用户
127856,1,2,2,2,活跃潜力用户
127858,2,2,2,2,活跃潜力用户
127866,1,6,6,0,高价值忠诚用户
127869,1,1,1,2,活跃潜力用户
127876,2,2,2,2,活跃潜力用户
12788,3,3,3,2,活跃潜力用户
127883,1,11,8,0,高价值忠诚用户
127905,4,1,1,2,活跃潜力用户
127906,5,3,3,1,早期沉睡用户
127915,1,7,7,0,高价值忠诚用户
127927,6,1,1,1,早期沉睡用户
127938,4,2,2,2,活跃潜力用户
127942,1,6,6,0,高价值忠诚用户
127944,4,3,3,2,活跃潜力用户
12795,2,1,1,2,活跃潜力用户
127953,8,2,2,1,早期沉睡用户
127954,7,1,1,1,早期沉睡用户
127965,8,1,1,1,早期沉睡用户
127969,4,3,3,2,活跃潜力用户
127972,8,1,1,1,早期沉睡用户
127978,1,9,9,0,高价值忠诚用户
127981,1,7,7,0,高价值忠诚用户
127982,3,1,1,2,活跃潜力用户
127996,5,1,1,1,早期沉睡用户
128000,3,16,15,0,高价值忠诚用户
128006,5,1,1,1,早期沉睡用户
12801,1,17,17,0,高价值忠诚用户
128022,8,1,1,1,早期沉睡用户
128031,1,3,3,2,活跃潜力用户
128033,6,5,5,1,早期沉睡用户
128035,3,2,2,2,活跃潜力用户
128038,1,1,1,2,活跃潜力用户
128045,5,2,2,1,早期沉睡用户
12806,3,5,5,0,高价值忠诚用户
128067,4,3,3,2,活跃潜力用户
128073,3,7,7,0,高价值忠诚用户
128077,4,3,3,2,活跃潜力用户
128078,5,1,1,1,早期沉睡用户
128079,2,1,1,2,活跃潜力用户
12808,5,3,3,1,早期沉睡用户
128092,1,2,2,2,活跃潜力用户
128099,2,1,1,2,活跃潜力用户
1281,2,3,3,2,活跃潜力用户
128108,6,2,1,1,早期沉睡用户
128111,4,1,1,2,活跃潜力用户
128113,1,32,31,3,超级用户
128120,7,2,2,1,早期沉睡用户
128124,6,1,1,1,早期沉睡用户
128129,5,6,6,0,高价值忠诚用户
128131,4,4,4,2,活跃潜力用户
128135,3,2,2,2,活跃潜力用户
128139,8,1,1,1,早期沉睡用户
128145,1,4,4,2,活跃潜力用户
128152,2,6,6,0,高价值忠诚用户
128162,4,2,2,2,活跃潜力用户
128186,5,4,4,1,早期沉睡用户
12819,9,1,1,1,早期沉睡用户
128196,3,3,3,2,活跃潜力用户
128212,4,9,9,0,高价值忠诚用户
128218,6,7,6,0,高价值忠诚用户
128224,1,1,1,2,活跃潜力用户
128229,1,12,12,0,高价值忠诚用户
128230,6,2,2,1,早期沉睡用户
128259,2,1,1,2,活跃潜力用户
128260,5,9,9,0,高价值忠诚用户
128265,1,2,2,2,活跃潜力用户
128270,9,1,1,1,早期沉睡用户
128271,2,4,4,2,活跃潜力用户
12830,9,2,2,1,早期沉睡用户
128325,5,2,2,1,早期沉睡用户
128329,8,2,2,1,早期沉睡用户
128332,3,2,2,2,活跃潜力用户
128338,1,2,2,2,活跃潜力用户
128351,8,6,3,1,早期沉睡用户
128352,4,1,1,2,活跃潜力用户
128360,2,1,1,2,活跃潜力用户
128362,9,3,3,1,早期沉睡用户
128371,8,1,1,1,早期沉睡用户
128372,7,6,4,1,早期沉睡用户
128377,1,10,10,0,高价值忠诚用户
128379,1,65,64,3,超级用户
128390,1,10,6,0,高价值忠诚用户
128391,8,1,1,1,早期沉睡用户
128392,1,2,2,2,活跃潜力用户
128393,7,3,3,1,早期沉睡用户
128401,4,1,1,2,活跃潜力用户
128406,8,1,1,1,早期沉睡用户
128408,3,3,3,2,活跃潜力用户
128412,5,1,1,1,早期沉睡用户
128417,1,5,5,0,高价值忠诚用户
128422,1,6,6,0,高价值忠诚用户
128434,4,2,2,2,活跃潜力用户
128438,4,1,1,2,活跃潜力用户
128444,5,1,1,1,早期沉睡用户
128446,9,1,1,1,早期沉睡用户
128447,3,2,2,2,活跃潜力用户
128449,1,5,5,0,高价值忠诚用户
128451,7,1,1,1,早期沉睡用户
128461,2,6,6,0,高价值忠诚用户
128465,1,4,4,2,活跃潜力用户
128469,3,5,5,0,高价值忠诚用户
128472,3,3,2,2,活跃潜力用户
128480,3,6,6,0,高价值忠诚用户
12849,9,1,1,1,早期沉睡用户
12851,2,2,2,2,活跃潜力用户
128512,4,2,2,2,活跃潜力用户
128516,2,2,2,2,活跃潜力用户
128524,1,3,3,2,活跃潜力用户
128525,4,2,2,2,活跃潜力用户
128527,8,2,2,1,早期沉睡用户
128528,2,3,3,2,活跃潜力用户
128529,1,2,2,2,活跃潜力用户
128536,4,1,1,2,活跃潜力用户
128538,8,1,1,1,早期沉睡用户
128539,1,8,6,0,高价值忠诚用户
128541,2,1,1,2,活跃潜力用户
128553,2,2,2,2,活跃潜力用户
128557,9,2,2,1,早期沉睡用户
128572,1,3,3,2,活跃潜力用户
128573,4,2,2,2,活跃潜力用户
128590,2,4,4,2,活跃潜力用户
128591,2,2,2,2,活跃潜力用户
12860,4,5,5,0,高价值忠诚用户
