user_id,cluster,cluster_name,churn,pv_count,cart_count,fav_count,buy_count,active_days,cat_breadth,recency
100,0,高价值忠诚用户,1,76.0,0.0,6.0,8.0,5.0,24.0,1.0
1000001,2,活跃潜力用户,0,22.0,0.0,0.0,0.0,3.0,7.0,0.0
1000011,1,早期沉睡用户,1,82.0,0.0,3.0,2.0,5.0,17.0,1.0
100002,2,活跃潜力用户,1,66.0,0.0,5.0,1.0,5.0,26.0,0.0
1000027,2,活跃潜力用户,0,1.0,1.0,0.0,1.0,2.0,3.0,1.0
1000028,2,活跃潜力用户,0,67.0,1.0,3.0,1.0,4.0,8.0,1.0
1000037,2,活跃潜力用户,0,31.0,0.0,0.0,3.0,4.0,17.0,0.0
1000054,2,活跃潜力用户,0,18.0,0.0,0.0,3.0,6.0,9.0,0.0
1000060,2,活跃潜力用户,0,11.0,6.0,0.0,0.0,4.0,13.0,0.0
1000061,2,活跃潜力用户,0,15.0,5.0,0.0,1.0,5.0,11.0,0.0
1000070,1,早期沉睡用户,1,26.0,5.0,0.0,1.0,5.0,5.0,0.0
1000084,0,高价值忠诚用户,0,105.0,11.0,5.0,5.0,6.0,43.0,0.0
1000085,0,高价值忠诚用户,0,83.0,11.0,0.0,11.0,6.0,36.0,0.0
100009,2,活跃潜力用户,0,13.0,0.0,0.0,0.0,1.0,1.0,1.0
1000103,2,活跃潜力用户,0,44.0,1.0,0.0,2.0,5.0,7.0,1.0
1000115,0,高价值忠诚用户,0,18.0,0.0,0.0,1.0,3.0,10.0,0.0
1000134,2,活跃潜力用户,0,5.0,1.0,0.0,2.0,3.0,4.0,2.0
1000135,1,早期沉睡用户,1,46.0,4.0,1.0,1.0,5.0,13.0,0.0
1000139,2,活跃潜力用户,0,3.0,0.0,0.0,0.0,2.0,2.0,2.0
1000151,2,活跃潜力用户,0,8.0,1.0,0.0,2.0,3.0,7.0,2.0
1000154,1,早期沉睡用户,1,106.0,1.0,2.0,1.0,4.0,31.0,0.0
1000165,2,活跃潜力用户,0,65.0,0.0,0.0,1.0,6.0,25.0,0.0
1000169,2,活跃潜力用户,1,46.0,2.0,0.0,1.0,5.0,15.0,0.0
1000186,2,活跃潜力用户,1,69.0,2.0,0.0,1.0,5.0,18.0,0.0
1000191,0,高价值忠诚用户,0,25.0,0.0,0.0,2.0,4.0,6.0,0.0
1000194,1,早期沉睡用户,1,81.0,6.0,0.0,1.0,6.0,40.0,0.0
1000204,1,早期沉睡用户,1,29.0,0.0,0.0,1.0,3.0,9.0,1.0
1000209,1,早期沉睡用户,1,103.0,14.0,0.0,3.0,5.0,22.0,0.0
1000222,0,高价值忠诚用户,1,59.0,16.0,0.0,6.0,6.0,20.0,0.0
1000228,0,高价值忠诚用户,1,283.0,12.0,0.0,5.0,6.0,42.0,0.0
1000236,2,活跃潜力用户,1,52.0,9.0,1.0,1.0,4.0,27.0,0.0
1000251,1,早期沉睡用户,1,133.0,4.0,0.0,3.0,5.0,32.0,1.0
1000263,2,活跃潜力用户,0,84.0,7.0,3.0,2.0,5.0,35.0,1.0
1000269,2,活跃潜力用户,0,3.0,1.0,1.0,1.0,2.0,2.0,0.0
1000274,1,早期沉睡用户,1,59.0,6.0,0.0,2.0,5.0,17.0,1.0
1000282,1,早期沉睡用户,1,39.0,0.0,2.0,1.0,5.0,8.0,1.0
1000283,1,早期沉睡用户,1,39.0,2.0,0.0,1.0,4.0,24.0,0.0
1000291,2,活跃潜力用户,1,35.0,2.0,0.0,2.0,5.0,16.0,0.0
1000296,2,活跃潜力用户,0,35.0,0.0,1.0,0.0,3.0,8.0,0.0
100030,1,早期沉睡用户,1,112.0,7.0,0.0,4.0,4.0,23.0,0.0
1000313,0,高价值忠诚用户,0,1.0,0.0,0.0,0.0,1.0,1.0,0.0
1000317,1,早期沉睡用户,1,27.0,1.0,0.0,2.0,4.0,15.0,0.0
1000319,2,活跃潜力用户,0,11.0,2.0,0.0,0.0,4.0,6.0,0.0
1000328,2,活跃潜力用户,0,20.0,3.0,0.0,0.0,6.0,13.0,0.0
1000332,2,活跃潜力用户,0,101.0,3.0,1.0,0.0,4.0,29.0,0.0
1000335,0,高价值忠诚用户,0,22.0,6.0,0.0,5.0,3.0,17.0,0.0
1000349,0,高价值忠诚用户,0,194.0,11.0,0.0,6.0,6.0,33.0,0.0
1000364,1,早期沉睡用户,1,116.0,2.0,0.0,1.0,5.0,38.0,0.0
1000374,1,早期沉睡用户,1,83.0,4.0,1.0,3.0,4.0,32.0,0.0
1000398,2,活跃潜力用户,0,188.0,5.0,42.0,2.0,6.0,43.0,0.0
1000408,1,早期沉睡用户,1,155.0,15.0,0.0,3.0,6.0,39.0,0.0
1000417,0,高价值忠诚用户,0,352.0,40.0,3.0,9.0,6.0,89.0,0.0
1000420,1,早期沉睡用户,1,109.0,10.0,0.0,1.0,6.0,35.0,0.0
1000429,2,活跃潜力用户,0,50.0,4.0,0.0,1.0,6.0,12.0,0.0
1000436,0,高价值忠诚用户,0,211.0,7.0,57.0,5.0,6.0,38.0,0.0
1000438,0,高价值忠诚用户,0,15.0,3.0,0.0,0.0,3.0,7.0,3.0
1000455,1,早期沉睡用户,1,148.0,13.0,0.0,1.0,6.0,16.0,0.0
1000485,2,活跃潜力用户,1,24.0,2.0,0.0,1.0,4.0,11.0,0.0
1000488,0,高价值忠诚用户,0,123.0,6.0,0.0,9.0,6.0,34.0,0.0
1000490,2,活跃潜力用户,1,89.0,5.0,7.0,2.0,4.0,22.0,0.0
1000497,2,活跃潜力用户,1,90.0,4.0,0.0,1.0,6.0,7.0,0.0
1000504,2,活跃潜力用户,0,24.0,2.0,0.0,0.0,2.0,7.0,0.0
1000505,0,高价值忠诚用户,0,28.0,6.0,2.0,5.0,5.0,11.0,0.0
1000511,2,活跃潜力用户,0,4.0,0.0,2.0,1.0,2.0,4.0,0.0
1000519,1,早期沉睡用户,1,104.0,4.0,1.0,2.0,5.0,36.0,0.0
1000520,2,活跃潜力用户,0,110.0,5.0,0.0,1.0,5.0,23.0,0.0
1000538,2,活跃潜力用户,0,23.0,0.0,0.0,1.0,5.0,5.0,0.0
1000539,2,活跃潜力用户,0,71.0,1.0,0.0,0.0,5.0,16.0,0.0
1000541,2,活跃潜力用户,0,92.0,0.0,1.0,0.0,6.0,20.0,0.0
1000565,0,高价值忠诚用户,0,34.0,0.0,4.0,2.0,5.0,19.0,1.0
1000573,1,早期沉睡用户,1,72.0,0.0,0.0,2.0,3.0,14.0,1.0
1000581,1,早期沉睡用户,1,15.0,0.0,2.0,3.0,6.0,11.0,0.0
1000588,2,活跃潜力用户,0,19.0,0.0,0.0,0.0,4.0,11.0,1.0
100059,1,早期沉睡用户,1,25.0,1.0,0.0,1.0,3.0,8.0,0.0
1000590,2,活跃潜力用户,0,56.0,6.0,0.0,1.0,5.0,15.0,1.0
1000596,1,早期沉睡用户,1,59.0,6.0,0.0,3.0,6.0,27.0,0.0
1000610,2,活跃潜力用户,0,103.0,12.0,0.0,0.0,5.0,38.0,1.0
1000630,1,早期沉睡用户,1,57.0,12.0,0.0,3.0,4.0,31.0,1.0
1000636,0,高价值忠诚用户,0,116.0,7.0,0.0,6.0,6.0,66.0,0.0
1000641,0,高价值忠诚用户,1,105.0,1.0,0.0,7.0,6.0,27.0,0.0
1000647,1,早期沉睡用户,1,56.0,0.0,2.0,1.0,5.0,20.0,0.0
1000650,1,早期沉睡用户,1,13.0,0.0,0.0,1.0,3.0,9.0,0.0
1000659,2,活跃潜力用户,0,28.0,2.0,0.0,3.0,4.0,22.0,0.0
1000664,0,高价值忠诚用户,1,394.0,18.0,2.0,5.0,6.0,73.0,0.0
1000676,2,活跃潜力用户,0,14.0,1.0,0.0,1.0,4.0,10.0,0.0
100068,2,活跃潜力用户,1,116.0,9.0,12.0,4.0,6.0,41.0,0.0
1000684,0,高价值忠诚用户,0,128.0,0.0,15.0,8.0,5.0,29.0,0.0
1000686,2,活跃潜力用户,0,22.0,1.0,0.0,0.0,3.0,11.0,1.0
1000688,2,活跃潜力用户,0,33.0,0.0,0.0,0.0,2.0,22.0,3.0
1000694,2,活跃潜力用户,0,10.0,0.0,0.0,1.0,1.0,5.0,0.0
1000703,1,早期沉睡用户,1,35.0,2.0,2.0,2.0,6.0,21.0,0.0
1000712,1,早期沉睡用户,1,90.0,4.0,0.0,3.0,6.0,20.0,0.0
1000715,2,活跃潜力用户,0,57.0,6.0,0.0,2.0,6.0,27.0,0.0
1000718,2,活跃潜力用户,1,144.0,2.0,22.0,4.0,5.0,32.0,0.0
1000722,1,早期沉睡用户,1,14.0,0.0,0.0,1.0,4.0,7.0,1.0
1000723,0,高价值忠诚用户,0,62.0,2.0,0.0,4.0,4.0,28.0,0.0
1000727,2,活跃潜力用户,0,39.0,4.0,0.0,0.0,4.0,19.0,0.0
1000732,2,活跃潜力用户,0,11.0,3.0,0.0,0.0,3.0,7.0,1.0
1000735,2,活跃潜力用户,0,54.0,8.0,0.0,0.0,3.0,13.0,2.0
1000738,1,早期沉睡用户,1,76.0,7.0,0.0,1.0,6.0,16.0,0.0
1000749,2,活跃潜力用户,0,96.0,5.0,0.0,1.0,6.0,30.0,0.0
100075,2,活跃潜力用户,1,122.0,4.0,9.0,2.0,6.0,51.0,0.0
1000751,1,早期沉睡用户,1,98.0,0.0,4.0,1.0,5.0,16.0,1.0
1000772,2,活跃潜力用户,0,1.0,1.0,0.0,0.0,2.0,2.0,1.0
1000792,0,高价值忠诚用户,0,51.0,9.0,0.0,4.0,5.0,13.0,0.0
10008,2,活跃潜力用户,0,37.0,10.0,0.0,2.0,5.0,18.0,0.0
1000803,1,早期沉睡用户,1,70.0,0.0,0.0,1.0,2.0,14.0,2.0
1000807,0,高价值忠诚用户,0,80.0,8.0,1.0,4.0,6.0,20.0,0.0
1000810,2,活跃潜力用户,0,11.0,0.0,0.0,0.0,2.0,7.0,3.0
1000811,2,活跃潜力用户,1,50.0,1.0,9.0,2.0,4.0,15.0,0.0
1000836,2,活跃潜力用户,0,161.0,12.0,0.0,2.0,6.0,42.0,0.0
1000840,2,活跃潜力用户,0,103.0,13.0,0.0,0.0,6.0,24.0,0.0
1000856,2,活跃潜力用户,1,140.0,9.0,0.0,3.0,6.0,51.0,0.0
1000857,1,早期沉睡用户,1,1.0,2.0,0.0,1.0,3.0,3.0,1.0
1000865,2,活跃潜力用户,0,20.0,1.0,0.0,0.0,4.0,11.0,0.0
1000866,1,早期沉睡用户,1,118.0,1.0,1.0,1.0,5.0,42.0,1.0
1000867,2,活跃潜力用户,1,7.0,0.0,0.0,1.0,4.0,7.0,0.0
1000872,2,活跃潜力用户,0,45.0,1.0,1.0,3.0,5.0,15.0,1.0
1000877,0,高价值忠诚用户,1,39.0,3.0,2.0,7.0,6.0,20.0,0.0
1000878,2,活跃潜力用户,0,34.0,5.0,2.0,2.0,2.0,10.0,0.0
100088,2,活跃潜力用户,0,6.0,0.0,0.0,1.0,2.0,3.0,0.0
1000896,1,早期沉睡用户,1,95.0,1.0,0.0,2.0,5.0,29.0,1.0
10009,0,高价值忠诚用户,0,270.0,8.0,0.0,7.0,6.0,67.0,0.0
100091,2,活跃潜力用户,0,32.0,0.0,0.0,1.0,4.0,12.0,0.0
1000911,0,高价值忠诚用户,0,63.0,0.0,1.0,3.0,6.0,21.0,0.0
1000916,2,活跃潜力用户,0,13.0,0.0,0.0,1.0,3.0,5.0,0.0
1000919,1,早期沉睡用户,1,47.0,4.0,0.0,1.0,5.0,19.0,0.0
1000922,1,早期沉睡用户,1,35.0,1.0,0.0,1.0,3.0,9.0,1.0
1000923,2,活跃潜力用户,0,7.0,0.0,0.0,0.0,2.0,6.0,3.0
1000936,1,早期沉睡用户,1,90.0,0.0,3.0,2.0,6.0,22.0,0.0
1000937,2,活跃潜力用户,0,102.0,0.0,5.0,3.0,3.0,27.0,0.0
100095,1,早期沉睡用户,1,29.0,10.0,1.0,1.0,5.0,8.0,0.0
1000959,1,早期沉睡用户,1,39.0,5.0,0.0,1.0,5.0,18.0,0.0
1000962,2,活跃潜力用户,1,58.0,0.0,4.0,3.0,4.0,24.0,0.0
1000964,1,早期沉睡用户,1,11.0,3.0,0.0,1.0,6.0,10.0,0.0
1000984,2,活跃潜力用户,1,22.0,0.0,0.0,1.0,3.0,7.0,0.0
1001005,2,活跃潜力用户,0,108.0,6.0,0.0,0.0,6.0,27.0,0.0
1001009,2,活跃潜力用户,1,21.0,0.0,2.0,3.0,4.0,10.0,0.0
100101,3,超级用户,0,106.0,3.0,0.0,23.0,6.0,34.0,0.0
1001017,1,早期沉睡用户,1,67.0,11.0,0.0,2.0,5.0,18.0,0.0
1001018,1,早期沉睡用户,1,3.0,1.0,0.0,1.0,3.0,4.0,2.0
1001024,1,早期沉睡用户,1,26.0,6.0,0.0,2.0,6.0,12.0,0.0
100103,2,活跃潜力用户,0,12.0,0.0,0.0,0.0,4.0,11.0,0.0
1001048,2,活跃潜力用户,0,74.0,1.0,6.0,0.0,4.0,22.0,0.0
100105,2,活跃潜力用户,0,42.0,1.0,0.0,0.0,2.0,4.0,1.0
1001054,0,高价值忠诚用户,0,265.0,10.0,0.0,4.0,6.0,42.0,0.0
1001065,2,活跃潜力用户,1,33.0,4.0,0.0,4.0,5.0,16.0,0.0
100107,2,活跃潜力用户,0,67.0,2.0,0.0,2.0,5.0,9.0,1.0
1001081,0,高价值忠诚用户,0,7.0,0.0,0.0,3.0,2.0,5.0,2.0
1001088,1,早期沉睡用户,1,54.0,6.0,0.0,2.0,4.0,22.0,0.0
100109,1,早期沉睡用户,1,86.0,3.0,0.0,1.0,5.0,30.0,0.0
1001092,1,早期沉睡用户,1,14.0,1.0,0.0,2.0,2.0,6.0,0.0
1001099,2,活跃潜力用户,0,22.0,1.0,3.0,3.0,4.0,7.0,0.0
1001102,2,活跃潜力用户,0,82.0,6.0,0.0,1.0,6.0,24.0,0.0
1001104,2,活跃潜力用户,0,54.0,0.0,1.0,1.0,6.0,15.0,0.0
1001108,1,早期沉睡用户,1,47.0,4.0,6.0,1.0,5.0,15.0,0.0
1001120,2,活跃潜力用户,1,69.0,0.0,13.0,4.0,6.0,38.0,0.0
1001121,2,活跃潜力用户,1,11.0,8.0,0.0,1.0,3.0,4.0,0.0
100113,1,早期沉睡用户,1,54.0,1.0,0.0,3.0,6.0,19.0,0.0
1001131,2,活跃潜力用户,0,37.0,12.0,0.0,2.0,6.0,11.0,0.0
1001138,2,活跃潜力用户,0,9.0,0.0,0.0,0.0,2.0,4.0,1.0
1001145,0,高价值忠诚用户,0,43.0,7.0,1.0,3.0,6.0,13.0,0.0
1001148,2,活跃潜力用户,0,0.0,1.0,4.0,0.0,2.0,3.0,3.0
1001151,2,活跃潜力用户,0,48.0,2.0,0.0,2.0,5.0,6.0,0.0
1001154,1,早期沉睡用户,1,25.0,0.0,0.0,1.0,3.0,8.0,0.0
100116,0,高价值忠诚用户,0,33.0,0.0,0.0,7.0,6.0,30.0,0.0
1001185,1,早期沉睡用户,1,147.0,9.0,0.0,2.0,6.0,35.0,0.0
1001186,2,活跃潜力用户,0,120.0,1.0,1.0,2.0,6.0,49.0,0.0
1001199,0,高价值忠诚用户,0,43.0,4.0,1.0,7.0,5.0,24.0,0.0
1001201,2,活跃潜力用户,0,20.0,0.0,0.0,1.0,2.0,5.0,1.0
1001228,2,活跃潜力用户,0,12.0,0.0,0.0,0.0,3.0,7.0,2.0
1001230,2,活跃潜力用户,1,42.0,2.0,6.0,2.0,6.0,20.0,0.0
1001232,2,活跃潜力用户,1,360.0,1.0,21.0,4.0,6.0,87.0,0.0
1001235,2,活跃潜力用户,0,25.0,2.0,0.0,2.0,6.0,8.0,0.0
1001241,0,高价值忠诚用户,0,16.0,0.0,0.0,4.0,5.0,8.0,1.0
1001248,1,早期沉睡用户,1,22.0,0.0,0.0,3.0,4.0,10.0,1.0
1001265,2,活跃潜力用户,0,2.0,3.0,0.0,0.0,2.0,2.0,0.0
1001270,2,活跃潜力用户,0,48.0,17.0,0.0,1.0,6.0,15.0,0.0
100128,2,活跃潜力用户,0,50.0,2.0,1.0,1.0,5.0,10.0,0.0
1001301,1,早期沉睡用户,1,99.0,4.0,2.0,1.0,6.0,22.0,0.0
1001305,0,高价值忠诚用户,1,69.0,5.0,0.0,15.0,6.0,43.0,0.0
1001313,2,活跃潜力用户,0,4.0,0.0,0.0,0.0,2.0,3.0,3.0
1001326,0,高价值忠诚用户,0,145.0,30.0,40.0,2.0,6.0,47.0,0.0
1001327,1,早期沉睡用户,1,92.0,13.0,24.0,1.0,4.0,23.0,0.0
100134,0,高价值忠诚用户,1,60.0,3.0,0.0,14.0,5.0,33.0,1.0
1001346,1,早期沉睡用户,1,99.0,5.0,3.0,1.0,6.0,30.0,0.0
1001347,2,活跃潜力用户,0,38.0,7.0,0.0,1.0,6.0,14.0,0.0
1001352,2,活跃潜力用户,0,4.0,1.0,0.0,1.0,3.0,5.0,0.0
1001360,1,早期沉睡用户,1,54.0,20.0,0.0,1.0,5.0,16.0,0.0
1001373,0,高价值忠诚用户,1,44.0,8.0,1.0,5.0,5.0,14.0,0.0
1001375,0,高价值忠诚用户,0,56.0,2.0,0.0,3.0,3.0,24.0,0.0
1001378,0,高价值忠诚用户,0,49.0,3.0,0.0,3.0,6.0,32.0,0.0
1001381,2,活跃潜力用户,0,51.0,3.0,0.0,1.0,5.0,16.0,1.0
1001404,2,活跃潜力用户,0,45.0,12.0,6.0,1.0,6.0,26.0,0.0
100141,2,活跃潜力用户,0,53.0,7.0,2.0,1.0,3.0,8.0,0.0
1001419,0,高价值忠诚用户,0,80.0,11.0,2.0,6.0,5.0,32.0,0.0
1001420,1,早期沉睡用户,1,4.0,0.0,0.0,3.0,2.0,5.0,2.0
1001421,2,活跃潜力用户,1,158.0,21.0,1.0,2.0,6.0,57.0,0.0
1001438,1,早期沉睡用户,1,53.0,9.0,5.0,1.0,6.0,30.0,0.0
1001441,2,活跃潜力用户,0,67.0,4.0,1.0,1.0,4.0,19.0,1.0
1001444,2,活跃潜力用户,0,45.0,0.0,0.0,2.0,5.0,26.0,0.0
1001460,2,活跃潜力用户,1,253.0,13.0,0.0,1.0,6.0,45.0,0.0
1001461,0,高价值忠诚用户,1,61.0,15.0,5.0,6.0,5.0,19.0,0.0
1001466,0,高价值忠诚用户,0,129.0,8.0,5.0,2.0,6.0,26.0,0.0
1001472,1,早期沉睡用户,1,17.0,4.0,0.0,5.0,4.0,14.0,1.0
1001482,1,早期沉睡用户,1,147.0,15.0,1.0,1.0,6.0,46.0,0.0
1001489,1,早期沉睡用户,1,4.0,0.0,0.0,1.0,3.0,4.0,2.0
1001492,1,早期沉睡用户,1,15.0,0.0,0.0,1.0,5.0,9.0,0.0
1001512,2,活跃潜力用户,0,78.0,3.0,0.0,0.0,4.0,25.0,0.0
1001521,1,早期沉睡用户,1,17.0,3.0,1.0,1.0,4.0,10.0,0.0
1001524,2,活跃潜力用户,0,120.0,14.0,0.0,0.0,6.0,39.0,0.0
1001531,2,活跃潜力用户,0,7.0,0.0,0.0,0.0,2.0,6.0,1.0
1001532,2,活跃潜力用户,0,23.0,0.0,0.0,0.0,2.0,6.0,1.0
1001534,1,早期沉睡用户,1,58.0,2.0,0.0,1.0,5.0,28.0,0.0
1001537,0,高价值忠诚用户,0,82.0,1.0,0.0,5.0,6.0,25.0,0.0
1001543,1,早期沉睡用户,1,8.0,0.0,0.0,1.0,2.0,5.0,2.0
1001545,0,高价值忠诚用户,0,43.0,0.0,4.0,9.0,6.0,24.0,0.0
1001551,2,活跃潜力用户,0,48.0,0.0,11.0,0.0,5.0,13.0,0.0
1001557,2,活跃潜力用户,0,7.0,0.0,0.0,0.0,1.0,4.0,4.0
1001562,2,活跃潜力用户,1,5.0,0.0,0.0,2.0,4.0,5.0,0.0
1001566,0,高价值忠诚用户,0,158.0,6.0,0.0,6.0,6.0,36.0,0.0
1001569,1,早期沉睡用户,1,171.0,7.0,16.0,2.0,6.0,18.0,0.0
1001578,2,活跃潜力用户,0,3.0,0.0,7.0,1.0,2.0,6.0,4.0
1001591,2,活跃潜力用户,0,5.0,0.0,0.0,0.0,3.0,4.0,0.0
1001596,2,活跃潜力用户,0,7.0,0.0,0.0,2.0,4.0,7.0,0.0
1001601,2,活跃潜力用户,1,7.0,0.0,0.0,2.0,3.0,4.0,0.0
1001606,2,活跃潜力用户,0,2.0,0.0,0.0,0.0,1.0,2.0,3.0
1001608,1,早期沉睡用户,1,68.0,0.0,6.0,1.0,6.0,16.0,0.0
1001618,1,早期沉睡用户,1,219.0,20.0,0.0,1.0,6.0,25.0,0.0
1001625,0,高价值忠诚用户,0,277.0,32.0,2.0,4.0,6.0,60.0,0.0
1001626,2,活跃潜力用户,1,86.0,0.0,4.0,2.0,5.0,29.0,0.0
1001628,2,活跃潜力用户,1,32.0,0.0,0.0,1.0,5.0,9.0,0.0
1001629,0,高价值忠诚用户,0,28.0,4.0,0.0,5.0,5.0,14.0,0.0
100164,1,早期沉睡用户,1,20.0,1.0,0.0,1.0,4.0,11.0,0.0
1001641,1,早期沉睡用户,1,45.0,5.0,0.0,2.0,4.0,10.0,0.0
1001652,2,活跃潜力用户,0,27.0,0.0,0.0,1.0,4.0,9.0,0.0
1001654,2,活跃潜力用户,0,79.0,2.0,0.0,0.0,5.0,23.0,0.0
1001662,0,高价值忠诚用户,1,85.0,0.0,0.0,9.0,6.0,20.0,0.0
1001667,2,活跃潜力用户,0,57.0,9.0,0.0,0.0,6.0,14.0,0.0
1001673,1,早期沉睡用户,1,56.0,2.0,1.0,2.0,5.0,21.0,0.0
1001676,2,活跃潜力用户,0,47.0,0.0,0.0,1.0,6.0,7.0,0.0
1001686,2,活跃潜力用户,0,135.0,7.0,0.0,0.0,5.0,23.0,0.0
1001688,1,早期沉睡用户,1,191.0,5.0,0.0,1.0,6.0,25.0,0.0
1001689,2,活跃潜力用户,0,23.0,4.0,2.0,0.0,4.0,4.0,0.0
1001697,2,活跃潜力用户,0,60.0,0.0,2.0,0.0,5.0,29.0,0.0
1001700,2,活跃潜力用户,1,29.0,13.0,8.0,2.0,6.0,20.0,0.0
1001711,0,高价值忠诚用户,0,123.0,1.0,0.0,3.0,5.0,28.0,0.0
100173,0,高价值忠诚用户,0,66.0,0.0,11.0,4.0,6.0,16.0,0.0
1001737,2,活跃潜力用户,1,40.0,8.0,0.0,3.0,5.0,23.0,0.0
1001744,1,早期沉睡用户,1,55.0,2.0,0.0,1.0,6.0,36.0,0.0
1001757,2,活跃潜力用户,0,50.0,3.0,0.0,1.0,6.0,5.0,0.0
1001769,1,早期沉睡用户,1,28.0,0.0,0.0,3.0,5.0,17.0,1.0
100177,1,早期沉睡用户,1,78.0,12.0,0.0,3.0,5.0,21.0,0.0
1001771,1,早期沉睡用户,1,131.0,6.0,0.0,1.0,5.0,23.0,0.0
1001783,2,活跃潜力用户,0,49.0,3.0,1.0,3.0,6.0,14.0,0.0
1001784,1,早期沉睡用户,1,101.0,2.0,12.0,2.0,6.0,18.0,0.0
1001788,1,早期沉睡用户,1,162.0,13.0,0.0,3.0,6.0,24.0,0.0
1001800,2,活跃潜力用户,0,33.0,2.0,0.0,0.0,4.0,10.0,1.0
1001803,1,早期沉睡用户,1,80.0,6.0,0.0,2.0,6.0,13.0,0.0
1001804,2,活跃潜力用户,0,8.0,0.0,0.0,1.0,4.0,8.0,0.0
1001809,1,早期沉睡用户,1,18.0,0.0,1.0,1.0,4.0,9.0,1.0
1001823,2,活跃潜力用户,1,38.0,5.0,0.0,1.0,4.0,11.0,0.0
1001829,2,活跃潜力用户,0,121.0,0.0,2.0,3.0,6.0,26.0,0.0
100184,2,活跃潜力用户,0,58.0,0.0,10.0,0.0,4.0,18.0,2.0
1001841,0,高价值忠诚用户,0,92.0,13.0,0.0,5.0,4.0,35.0,0.0
1001844,2,活跃潜力用户,0,42.0,2.0,4.0,0.0,5.0,15.0,0.0
1001847,1,早期沉睡用户,1,281.0,15.0,0.0,3.0,6.0,71.0,0.0
1001850,2,活跃潜力用户,0,13.0,0.0,0.0,1.0,4.0,11.0,0.0
1001855,1,早期沉睡用户,1,88.0,1.0,8.0,3.0,6.0,44.0,0.0
1001856,0,高价值忠诚用户,0,50.0,1.0,3.0,5.0,6.0,16.0,0.0
100186,0,高价值忠诚用户,0,17.0,2.0,0.0,3.0,5.0,10.0,0.0
1001860,2,活跃潜力用户,0,272.0,8.0,2.0,3.0,6.0,48.0,0.0
1001866,0,高价值忠诚用户,1,36.0,3.0,0.0,15.0,3.0,24.0,0.0
1001870,2,活跃潜力用户,0,30.0,0.0,0.0,1.0,3.0,9.0,0.0
1001872,1,早期沉睡用户,1,112.0,9.0,0.0,2.0,5.0,10.0,0.0
1001875,2,活跃潜力用户,0,75.0,0.0,2.0,4.0,6.0,14.0,0.0
1001876,2,活跃潜力用户,0,106.0,2.0,0.0,1.0,6.0,20.0,0.0
1001877,2,活跃潜力用户,0,136.0,4.0,2.0,2.0,5.0,34.0,1.0
1001879,2,活跃潜力用户,0,8.0,0.0,0.0,0.0,2.0,5.0,0.0
1001882,2,活跃潜力用户,0,44.0,12.0,0.0,0.0,4.0,19.0,0.0
1001891,2,活跃潜力用户,1,8.0,0.0,0.0,2.0,5.0,7.0,0.0
1001902,2,活跃潜力用户,0,28.0,0.0,4.0,0.0,4.0,13.0,0.0
1001903,1,早期沉睡用户,1,16.0,1.0,0.0,1.0,4.0,8.0,0.0
1001908,2,活跃潜力用户,0,118.0,0.0,9.0,1.0,6.0,19.0,0.0
100191,0,高价值忠诚用户,0,169.0,19.0,0.0,2.0,6.0,44.0,0.0
1001912,2,活跃潜力用户,0,211.0,6.0,0.0,0.0,5.0,101.0,1.0
1001915,0,高价值忠诚用户,0,180.0,6.0,0.0,1.0,6.0,45.0,0.0
1001917,2,活跃潜力用户,1,35.0,8.0,0.0,3.0,6.0,10.0,0.0
1001920,2,活跃潜力用户,0,64.0,0.0,0.0,0.0,3.0,7.0,0.0
1001921,0,高价值忠诚用户,0,100.0,3.0,1.0,2.0,5.0,21.0,1.0
1001944,2,活跃潜力用户,1,50.0,14.0,0.0,4.0,5.0,29.0,0.0
1001946,1,早期沉睡用户,1,91.0,7.0,1.0,1.0,6.0,20.0,0.0
1001947,2,活跃潜力用户,0,24.0,0.0,0.0,0.0,4.0,12.0,1.0
1001952,2,活跃潜力用户,0,31.0,0.0,2.0,1.0,5.0,11.0,0.0
1001967,2,活跃潜力用户,0,83.0,3.0,0.0,0.0,5.0,14.0,0.0
100197,2,活跃潜力用户,0,4.0,0.0,1.0,1.0,3.0,4.0,1.0
1001981,1,早期沉睡用户,1,2.0,1.0,0.0,1.0,2.0,3.0,0.0
1001982,2,活跃潜力用户,0,6.0,0.0,2.0,0.0,2.0,6.0,0.0
1001985,1,早期沉睡用户,1,1.0,0.0,0.0,1.0,2.0,2.0,1.0
1001988,2,活跃潜力用户,0,118.0,31.0,0.0,0.0,6.0,24.0,0.0
10020,1,早期沉睡用户,1,11.0,2.0,1.0,1.0,4.0,7.0,0.0
1002005,2,活跃潜力用户,1,86.0,14.0,0.0,1.0,5.0,16.0,0.0
1002010,2,活跃潜力用户,1,121.0,6.0,27.0,1.0,6.0,32.0,0.0
1002020,2,活跃潜力用户,0,77.0,2.0,3.0,2.0,2.0,16.0,0.0
1002031,0,高价值忠诚用户,0,172.0,1.0,9.0,12.0,6.0,32.0,0.0
1002032,2,活跃潜力用户,1,29.0,0.0,0.0,4.0,4.0,11.0,0.0
1002034,0,高价值忠诚用户,0,37.0,1.0,0.0,4.0,5.0,15.0,1.0
100204,1,早期沉睡用户,1,109.0,5.0,0.0,5.0,6.0,29.0,0.0
1002040,2,活跃潜力用户,1,21.0,6.0,0.0,3.0,2.0,9.0,0.0
1002042,0,高价值忠诚用户,0,15.0,2.0,0.0,5.0,4.0,8.0,0.0
1002044,1,早期沉睡用户,1,40.0,1.0,1.0,1.0,5.0,16.0,0.0
1002046,0,高价值忠诚用户,1,105.0,16.0,1.0,8.0,6.0,24.0,0.0
1002058,1,早期沉睡用户,1,12.0,3.0,1.0,1.0,5.0,12.0,0.0
1002066,0,高价值忠诚用户,0,103.0,27.0,2.0,4.0,5.0,21.0,0.0
1002093,2,活跃潜力用户,0,16.0,2.0,0.0,1.0,3.0,10.0,0.0
1002095,2,活跃潜力用户,1,93.0,18.0,0.0,4.0,6.0,29.0,0.0
10021,2,活跃潜力用户,0,47.0,6.0,0.0,0.0,6.0,36.0,0.0
1002118,2,活跃潜力用户,0,179.0,0.0,13.0,2.0,6.0,39.0,0.0
1002127,2,活跃潜力用户,0,44.0,1.0,0.0,0.0,6.0,12.0,0.0
1002128,2,活跃潜力用户,1,155.0,6.0,11.0,2.0,5.0,36.0,0.0
1002132,1,早期沉睡用户,1,214.0,13.0,0.0,5.0,4.0,42.0,2.0
1002142,2,活跃潜力用户,0,60.0,4.0,0.0,2.0,5.0,22.0,0.0
1002147,1,早期沉睡用户,1,7.0,1.0,0.0,1.0,2.0,2.0,2.0
100215,2,活跃潜力用户,0,109.0,26.0,0.0,1.0,4.0,13.0,1.0
1002166,0,高价值忠诚用户,0,101.0,4.0,1.0,5.0,6.0,24.0,0.0
1002172,1,早期沉睡用户,1,123.0,13.0,0.0,2.0,6.0,13.0,0.0
1002180,2,活跃潜力用户,0,24.0,0.0,0.0,0.0,2.0,9.0,4.0
1002183,1,早期沉睡用户,1,7.0,0.0,1.0,1.0,2.0,5.0,1.0
1002185,0,高价值忠诚用户,0,230.0,20.0,1.0,5.0,6.0,25.0,0.0
1002188,2,活跃潜力用户,0,132.0,10.0,0.0,2.0,6.0,13.0,0.0
1002191,2,活跃潜力用户,1,76.0,12.0,0.0,3.0,6.0,24.0,0.0
1002194,2,活跃潜力用户,0,6.0,0.0,0.0,1.0,2.0,6.0,2.0
1002200,1,早期沉睡用户,1,32.0,3.0,4.0,1.0,3.0,13.0,2.0
1002201,0,高价值忠诚用户,0,110.0,4.0,0.0,4.0,5.0,23.0,1.0
1002202,1,早期沉睡用户,1,185.0,13.0,0.0,3.0,6.0,27.0,0.0
1002208,0,高价值忠诚用户,0,7.0,2.0,0.0,2.0,4.0,7.0,1.0
1002213,1,早期沉睡用户,1,51.0,0.0,2.0,2.0,4.0,9.0,0.0
1002218,2,活跃潜力用户,0,72.0,3.0,1.0,1.0,5.0,29.0,0.0
1002222,0,高价值忠诚用户,0,141.0,21.0,2.0,10.0,6.0,43.0,0.0
1002226,2,活跃潜力用户,0,191.0,15.0,0.0,1.0,5.0,10.0,0.0
1002228,0,高价值忠诚用户,0,30.0,1.0,0.0,9.0,5.0,14.0,0.0
1002237,0,高价值忠诚用户,0,49.0,4.0,3.0,7.0,5.0,19.0,0.0
1002246,0,高价值忠诚用户,0,14.0,1.0,0.0,2.0,3.0,9.0,1.0
100225,2,活跃潜力用户,0,94.0,15.0,0.0,1.0,3.0,22.0,1.0
1002251,0,高价值忠诚用户,0,66.0,2.0,0.0,4.0,6.0,11.0,0.0
1002254,2,活跃潜力用户,0,39.0,7.0,0.0,1.0,4.0,22.0,0.0
1002257,2,活跃潜力用户,0,41.0,1.0,0.0,0.0,4.0,16.0,0.0
1002260,2,活跃潜力用户,0,3.0,0.0,0.0,0.0,1.0,3.0,0.0
100227,2,活跃潜力用户,0,62.0,0.0,23.0,0.0,5.0,30.0,1.0
1002271,2,活跃潜力用户,1,246.0,0.0,0.0,3.0,6.0,53.0,0.0
1002291,1,早期沉睡用户,1,93.0,7.0,2.0,1.0,6.0,20.0,0.0
1002295,2,活跃潜力用户,0,58.0,0.0,0.0,2.0,6.0,22.0,0.0
1002306,1,早期沉睡用户,1,154.0,2.0,2.0,1.0,6.0,33.0,0.0
1002307,0,高价值忠诚用户,0,265.0,13.0,28.0,4.0,6.0,96.0,0.0
1002311,2,活跃潜力用户,0,18.0,1.0,0.0,0.0,5.0,6.0,1.0
1002315,2,活跃潜力用户,0,27.0,0.0,0.0,0.0,6.0,16.0,0.0
1002316,1,早期沉睡用户,1,103.0,2.0,0.0,2.0,5.0,37.0,0.0
1002317,2,活跃潜力用户,0,17.0,0.0,0.0,0.0,3.0,9.0,2.0
1002328,1,早期沉睡用户,1,33.0,3.0,0.0,1.0,4.0,10.0,0.0
1002330,1,早期沉睡用户,1,37.0,4.0,0.0,3.0,4.0,22.0,0.0
1002331,0,高价值忠诚用户,1,82.0,5.0,0.0,7.0,6.0,32.0,0.0
1002339,1,早期沉睡用户,1,72.0,1.0,0.0,1.0,5.0,19.0,0.0
100234,0,高价值忠诚用户,1,174.0,3.0,6.0,6.0,5.0,37.0,0.0
1002349,0,高价值忠诚用户,1,174.0,3.0,54.0,5.0,6.0,33.0,0.0
1002350,2,活跃潜力用户,0,28.0,0.0,4.0,1.0,4.0,14.0,0.0
1002358,0,高价值忠诚用户,0,117.0,2.0,0.0,9.0,5.0,27.0,0.0
1002375,2,活跃潜力用户,0,6.0,0.0,0.0,0.0,1.0,1.0,0.0
1002387,0,高价值忠诚用户,0,43.0,4.0,12.0,5.0,5.0,24.0,1.0
1002388,2,活跃潜力用户,0,20.0,0.0,2.0,2.0,6.0,10.0,0.0
1002392,2,活跃潜力用户,0,57.0,7.0,7.0,2.0,5.0,16.0,0.0
10024,0,高价值忠诚用户,0,57.0,2.0,2.0,2.0,6.0,26.0,0.0
1002413,1,早期沉睡用户,1,18.0,5.0,0.0,5.0,6.0,13.0,0.0
100242,0,高价值忠诚用户,1,183.0,3.0,15.0,5.0,6.0,18.0,0.0
1002421,2,活跃潜力用户,0,37.0,6.0,0.0,0.0,3.0,10.0,0.0
1002426,2,活跃潜力用户,0,45.0,0.0,0.0,0.0,5.0,19.0,1.0
1002428,2,活跃潜力用户,1,29.0,4.0,0.0,3.0,4.0,12.0,0.0
100243,2,活跃潜力用户,0,9.0,1.0,2.0,0.0,3.0,7.0,2.0
1002435,1,早期沉睡用户,1,110.0,13.0,0.0,3.0,4.0,17.0,0.0
1002449,0,高价值忠诚用户,0,69.0,0.0,0.0,4.0,5.0,31.0,1.0
1002453,1,早期沉睡用户,1,57.0,0.0,0.0,1.0,5.0,10.0,0.0
1002460,1,早期沉睡用户,1,36.0,2.0,0.0,2.0,4.0,16.0,1.0
1002478,1,早期沉睡用户,1,125.0,5.0,0.0,1.0,4.0,27.0,2.0
1002479,2,活跃潜力用户,0,21.0,0.0,0.0,0.0,4.0,6.0,0.0
1002484,1,早期沉睡用户,1,25.0,8.0,0.0,1.0,4.0,8.0,1.0
100249,1,早期沉睡用户,1,72.0,13.0,0.0,2.0,6.0,16.0,0.0
1002494,1,早期沉睡用户,1,79.0,4.0,6.0,1.0,6.0,33.0,0.0
1002508,2,活跃潜力用户,1,0.0,0.0,0.0,1.0,1.0,1.0,0.0
1002512,2,活跃潜力用户,0,13.0,0.0,0.0,0.0,2.0,8.0,3.0
1002520,2,活跃潜力用户,0,44.0,0.0,2.0,1.0,6.0,21.0,0.0
1002526,0,高价值忠诚用户,1,30.0,8.0,0.0,7.0,3.0,15.0,0.0
1002534,1,早期沉睡用户,1,74.0,6.0,0.0,4.0,6.0,26.0,0.0
1002542,2,活跃潜力用户,0,23.0,1.0,0.0,0.0,2.0,14.0,2.0
1002547,2,活跃潜力用户,0,52.0,2.0,0.0,0.0,2.0,14.0,0.0
1002564,2,活跃潜力用户,0,135.0,9.0,1.0,0.0,6.0,29.0,0.0
1002566,2,活跃潜力用户,1,122.0,0.0,6.0,5.0,6.0,34.0,0.0
100257,0,高价值忠诚用户,0,3.0,0.0,0.0,3.0,3.0,5.0,0.0
1002574,2,活跃潜力用户,0,2.0,0.0,0.0,0.0,1.0,1.0,5.0
1002578,2,活跃潜力用户,0,4.0,0.0,0.0,1.0,2.0,4.0,4.0
1002587,0,高价值忠诚用户,0,17.0,3.0,0.0,4.0,3.0,16.0,0.0
1002589,0,高价值忠诚用户,0,18.0,1.0,0.0,5.0,5.0,8.0,0.0
100259,2,活跃潜力用户,1,13.0,1.0,0.0,1.0,3.0,4.0,0.0
1002591,2,活跃潜力用户,0,24.0,0.0,0.0,0.0,5.0,8.0,0.0
1002593,1,早期沉睡用户,1,150.0,0.0,0.0,1.0,5.0,38.0,0.0
1002597,2,活跃潜力用户,0,2.0,0.0,0.0,0.0,2.0,2.0,1.0
100261,2,活跃潜力用户,0,50.0,4.0,0.0,1.0,4.0,9.0,0.0
1002618,0,高价值忠诚用户,0,52.0,9.0,0.0,1.0,6.0,15.0,0.0
1002637,0,高价值忠诚用户,0,22.0,0.0,3.0,4.0,6.0,10.0,0.0
100264,2,活跃潜力用户,0,11.0,1.0,2.0,1.0,3.0,4.0,0.0
1002642,2,活跃潜力用户,0,76.0,0.0,1.0,0.0,6.0,24.0,0.0
1002661,2,活跃潜力用户,0,10.0,0.0,4.0,0.0,4.0,6.0,0.0
1002672,2,活跃潜力用户,0,97.0,0.0,3.0,2.0,6.0,27.0,0.0
1002684,2,活跃潜力用户,0,1.0,0.0,0.0,0.0,1.0,1.0,4.0
1002685,2,活跃潜力用户,0,15.0,0.0,2.0,2.0,5.0,10.0,1.0
1002696,2,活跃潜力用户,0,237.0,3.0,9.0,1.0,6.0,29.0,0.0
10027,2,活跃潜力用户,0,37.0,1.0,1.0,2.0,4.0,11.0,1.0
1002705,0,高价值忠诚用户,1,99.0,14.0,1.0,7.0,6.0,46.0,0.0
1002714,2,活跃潜力用户,0,32.0,2.0,2.0,2.0,5.0,10.0,0.0
1002725,1,早期沉睡用户,1,18.0,1.0,11.0,2.0,5.0,13.0,0.0
1002756,2,活跃潜力用户,0,6.0,0.0,6.0,0.0,2.0,7.0,0.0
1002763,0,高价值忠诚用户,0,202.0,23.0,0.0,4.0,5.0,56.0,0.0
1002766,2,活跃潜力用户,1,146.0,11.0,0.0,1.0,6.0,45.0,0.0
1002767,2,活跃潜力用户,0,47.0,1.0,3.0,0.0,5.0,12.0,0.0
100277,1,早期沉睡用户,1,10.0,0.0,0.0,1.0,4.0,7.0,0.0
1002771,2,活跃潜力用户,0,14.0,1.0,0.0,0.0,3.0,9.0,0.0
100279,2,活跃潜力用户,0,10.0,0.0,0.0,1.0,2.0,4.0,4.0
1002793,2,活跃潜力用户,0,16.0,1.0,0.0,0.0,3.0,5.0,3.0
1002831,2,活跃潜力用户,0,42.0,1.0,4.0,0.0,4.0,23.0,2.0
100284,1,早期沉睡用户,1,75.0,15.0,29.0,1.0,5.0,32.0,0.0
1002846,2,活跃潜力用户,1,88.0,4.0,0.0,1.0,5.0,20.0,0.0
1002847,2,活跃潜力用户,0,31.0,3.0,0.0,2.0,6.0,13.0,0.0
100285,2,活跃潜力用户,0,1.0,2.0,0.0,0.0,2.0,3.0,3.0
1002862,2,活跃潜力用户,0,116.0,3.0,0.0,1.0,6.0,22.0,0.0
1002878,2,活跃潜力用户,0,28.0,3.0,2.0,0.0,4.0,14.0,0.0
1002886,0,高价值忠诚用户,1,113.0,4.0,7.0,7.0,6.0,23.0,0.0
1002890,2,活跃潜力用户,0,10.0,0.0,0.0,0.0,5.0,4.0,0.0
1002909,0,高价值忠诚用户,0,179.0,3.0,67.0,3.0,6.0,52.0,0.0
100292,1,早期沉睡用户,1,27.0,0.0,0.0,2.0,5.0,6.0,1.0
1002927,0,高价值忠诚用户,0,179.0,6.0,1.0,4.0,6.0,49.0,0.0
1002928,0,高价值忠诚用户,0,44.0,5.0,0.0,4.0,5.0,20.0,0.0
1002931,2,活跃潜力用户,0,22.0,4.0,1.0,0.0,2.0,9.0,2.0
1002934,2,活跃潜力用户,0,58.0,3.0,1.0,3.0,5.0,16.0,0.0
100294,0,高价值忠诚用户,0,18.0,0.0,0.0,2.0,5.0,14.0,0.0
1002940,2,活跃潜力用户,1,25.0,3.0,6.0,4.0,2.0,9.0,0.0
1002943,2,活跃潜力用户,0,6.0,0.0,0.0,0.0,2.0,3.0,0.0
1002970,0,高价值忠诚用户,0,34.0,0.0,2.0,0.0,5.0,22.0,1.0
1002975,2,活跃潜力用户,0,11.0,1.0,0.0,0.0,3.0,4.0,2.0
1002980,1,早期沉睡用户,1,36.0,0.0,0.0,1.0,4.0,11.0,2.0
1002992,2,活跃潜力用户,0,15.0,0.0,0.0,1.0,3.0,11.0,0.0
1002996,1,早期沉睡用户,1,85.0,2.0,2.0,1.0,5.0,39.0,0.0
1003022,0,高价值忠诚用户,0,35.0,1.0,0.0,3.0,6.0,24.0,0.0
1003027,2,活跃潜力用户,0,17.0,6.0,0.0,1.0,3.0,16.0,3.0
1003041,2,活跃潜力用户,0,77.0,1.0,0.0,3.0,4.0,21.0,0.0
1003044,1,早期沉睡用户,1,76.0,2.0,5.0,3.0,6.0,25.0,0.0
1003047,1,早期沉睡用户,1,31.0,0.0,0.0,2.0,5.0,16.0,0.0
1003052,2,活跃潜力用户,0,38.0,2.0,0.0,0.0,4.0,7.0,0.0
1003057,2,活跃潜力用户,0,81.0,1.0,0.0,0.0,6.0,27.0,0.0
1003063,2,活跃潜力用户,0,20.0,1.0,0.0,1.0,3.0,5.0,0.0
1003065,0,高价值忠诚用户,0,38.0,0.0,0.0,4.0,5.0,17.0,0.0
100307,2,活跃潜力用户,1,11.0,1.0,0.0,2.0,3.0,11.0,0.0
1003071,2,活跃潜力用户,0,102.0,17.0,0.0,0.0,5.0,25.0,0.0
1003073,2,活跃潜力用户,0,1.0,0.0,0.0,0.0,1.0,1.0,5.0
1003076,2,活跃潜力用户,0,40.0,3.0,0.0,2.0,5.0,16.0,0.0
100308,1,早期沉睡用户,1,20.0,0.0,0.0,1.0,5.0,12.0,0.0
1003093,2,活跃潜力用户,1,101.0,0.0,1.0,1.0,6.0,51.0,0.0
1003095,1,早期沉睡用户,1,41.0,0.0,0.0,4.0,4.0,8.0,0.0
1003110,1,早期沉睡用户,1,121.0,6.0,0.0,2.0,6.0,25.0,0.0
1003122,1,早期沉睡用户,1,90.0,20.0,0.0,1.0,6.0,24.0,0.0
1003123,2,活跃潜力用户,0,61.0,2.0,0.0,0.0,3.0,22.0,0.0
1003124,1,早期沉睡用户,1,51.0,5.0,0.0,1.0,5.0,23.0,0.0
100313,2,活跃潜力用户,0,9.0,0.0,0.0,0.0,2.0,6.0,2.0
1003131,0,高价值忠诚用户,0,54.0,1.0,5.0,4.0,6.0,17.0,0.0
1003152,1,早期沉睡用户,1,324.0,3.0,0.0,2.0,6.0,51.0,0.0
1003157,2,活跃潜力用户,1,62.0,2.0,0.0,2.0,5.0,21.0,0.0
1003163,1,早期沉睡用户,1,43.0,0.0,3.0,5.0,5.0,17.0,0.0
1003171,2,活跃潜力用户,0,28.0,2.0,0.0,0.0,5.0,14.0,0.0
1003176,2,活跃潜力用户,0,14.0,6.0,0.0,1.0,6.0,13.0,0.0
1003177,0,高价值忠诚用户,1,186.0,10.0,0.0,6.0,6.0,34.0,0.0
100318,2,活跃潜力用户,0,81.0,3.0,1.0,1.0,4.0,10.0,0.0
1003183,2,活跃潜力用户,0,46.0,1.0,1.0,2.0,6.0,20.0,0.0
1003184,1,早期沉睡用户,1,97.0,2.0,0.0,2.0,6.0,23.0,0.0
1003190,2,活跃潜力用户,0,7.0,0.0,0.0,0.0,4.0,6.0,0.0
1003191,0,高价值忠诚用户,0,43.0,2.0,0.0,3.0,6.0,12.0,0.0
1003199,1,早期沉睡用户,1,77.0,4.0,0.0,1.0,6.0,33.0,0.0
1003200,2,活跃潜力用户,0,100.0,3.0,0.0,4.0,6.0,32.0,0.0
1003221,1,早期沉睡用户,1,50.0,2.0,0.0,1.0,5.0,5.0,1.0
1003226,2,活跃潜力用户,0,21.0,2.0,0.0,0.0,3.0,8.0,0.0
1003227,2,活跃潜力用户,1,38.0,5.0,0.0,1.0,6.0,14.0,0.0
1003230,2,活跃潜力用户,1,14.0,1.0,0.0,1.0,5.0,4.0,0.0
1003239,2,活跃潜力用户,0,73.0,3.0,0.0,1.0,6.0,20.0,0.0
100324,1,早期沉睡用户,1,41.0,5.0,0.0,2.0,6.0,28.0,0.0
1003249,0,高价值忠诚用户,0,37.0,6.0,0.0,0.0,5.0,14.0,0.0
1003250,2,活跃潜力用户,0,20.0,0.0,1.0,0.0,5.0,10.0,0.0
1003264,2,活跃潜力用户,0,9.0,0.0,1.0,0.0,4.0,7.0,0.0
1003273,2,活跃潜力用户,0,18.0,0.0,0.0,3.0,4.0,12.0,2.0
1003274,1,早期沉睡用户,1,7.0,0.0,0.0,1.0,2.0,5.0,0.0
1003281,1,早期沉睡用户,1,48.0,1.0,0.0,1.0,6.0,25.0,0.0
1003283,2,活跃潜力用户,0,88.0,7.0,0.0,0.0,6.0,30.0,0.0
1003292,2,活跃潜力用户,0,104.0,4.0,0.0,0.0,6.0,26.0,0.0
1003293,1,早期沉睡用户,1,6.0,1.0,0.0,1.0,4.0,6.0,2.0
1003296,2,活跃潜力用户,0,21.0,8.0,5.0,1.0,4.0,16.0,2.0
1003298,1,早期沉睡用户,1,71.0,0.0,9.0,1.0,6.0,12.0,0.0
1003306,1,早期沉睡用户,1,39.0,0.0,0.0,1.0,5.0,11.0,0.0
1003319,2,活跃潜力用户,0,40.0,1.0,0.0,0.0,5.0,15.0,0.0
1003321,0,高价值忠诚用户,0,24.0,6.0,0.0,4.0,5.0,15.0,0.0
1003326,2,活跃潜力用户,0,35.0,9.0,0.0,0.0,5.0,25.0,0.0
1003329,1,早期沉睡用户,1,67.0,4.0,1.0,2.0,6.0,24.0,0.0
1003332,2,活跃潜力用户,0,53.0,2.0,0.0,0.0,6.0,3.0,0.0
1003341,2,活跃潜力用户,0,2.0,0.0,0.0,2.0,2.0,3.0,0.0
1003343,1,早期沉睡用户,1,127.0,7.0,0.0,3.0,6.0,22.0,0.0
1003348,2,活跃潜力用户,0,11.0,0.0,0.0,0.0,4.0,8.0,0.0
1003351,2,活跃潜力用户,0,193.0,8.0,11.0,2.0,6.0,50.0,0.0
1003359,1,早期沉睡用户,1,93.0,10.0,6.0,1.0,6.0,25.0,0.0
100339,1,早期沉睡用户,1,20.0,0.0,0.0,1.0,3.0,8.0,0.0
1003390,2,活跃潜力用户,0,126.0,6.0,0.0,3.0,6.0,18.0,0.0
1003397,2,活跃潜力用户,1,146.0,2.0,14.0,2.0,6.0,18.0,0.0
10034,2,活跃潜力用户,0,152.0,4.0,0.0,3.0,6.0,27.0,0.0
100340,2,活跃潜力用户,0,123.0,0.0,1.0,2.0,6.0,29.0,0.0
1003410,2,活跃潜力用户,0,19.0,0.0,0.0,1.0,4.0,7.0,1.0
1003422,2,活跃潜力用户,0,35.0,3.0,0.0,1.0,4.0,13.0,0.0
1003428,0,高价值忠诚用户,0,51.0,1.0,0.0,4.0,6.0,15.0,0.0
1003432,1,早期沉睡用户,1,18.0,0.0,0.0,1.0,4.0,6.0,2.0
1003440,2,活跃潜力用户,0,76.0,12.0,0.0,0.0,4.0,18.0,0.0
1003457,2,活跃潜力用户,1,211.0,17.0,0.0,1.0,5.0,29.0,0.0
100346,2,活跃潜力用户,1,18.0,0.0,5.0,1.0,5.0,14.0,0.0
1003463,2,活跃潜力用户,0,3.0,0.0,0.0,0.0,2.0,3.0,1.0
1003467,1,早期沉睡用户,1,21.0,4.0,0.0,1.0,4.0,8.0,0.0
1003475,1,早期沉睡用户,1,73.0,0.0,4.0,1.0,5.0,20.0,0.0
1003479,1,早期沉睡用户,1,36.0,4.0,1.0,2.0,6.0,18.0,0.0
1003492,2,活跃潜力用户,0,28.0,3.0,2.0,1.0,5.0,10.0,0.0
1003499,1,早期沉睡用户,1,34.0,5.0,0.0,1.0,4.0,20.0,1.0
10035,1,早期沉睡用户,1,95.0,1.0,10.0,4.0,5.0,27.0,1.0
1003509,2,活跃潜力用户,0,135.0,2.0,0.0,3.0,6.0,28.0,0.0
1003510,0,高价值忠诚用户,0,124.0,0.0,16.0,3.0,6.0,52.0,0.0
1003512,1,早期沉睡用户,1,23.0,1.0,0.0,1.0,2.0,7.0,3.0
1003514,2,活跃潜力用户,0,19.0,1.0,0.0,0.0,5.0,4.0,0.0
1003531,1,早期沉睡用户,1,54.0,1.0,4.0,3.0,5.0,14.0,0.0
1003550,1,早期沉睡用户,1,262.0,16.0,0.0,2.0,6.0,83.0,0.0
1003553,1,早期沉睡用户,1,53.0,3.0,0.0,2.0,5.0,18.0,0.0
1003559,2,活跃潜力用户,0,93.0,0.0,2.0,2.0,6.0,32.0,0.0
100356,0,高价值忠诚用户,0,91.0,22.0,0.0,2.0,6.0,39.0,0.0
1003561,2,活跃潜力用户,0,73.0,7.0,1.0,2.0,6.0,21.0,0.0
1003562,2,活跃潜力用户,0,44.0,7.0,0.0,2.0,4.0,25.0,0.0
100357,2,活跃潜力用户,0,61.0,0.0,0.0,0.0,4.0,6.0,0.0
1003571,1,早期沉睡用户,1,25.0,2.0,0.0,2.0,5.0,10.0,0.0
1003584,2,活跃潜力用户,1,3.0,0.0,1.0,2.0,2.0,4.0,0.0
1003586,0,高价值忠诚用户,0,69.0,0.0,0.0,3.0,5.0,15.0,0.0
1003598,2,活跃潜力用户,1,26.0,4.0,0.0,1.0,5.0,16.0,0.0
1003610,2,活跃潜力用户,0,61.0,2.0,0.0,1.0,5.0,21.0,0.0
1003611,0,高价值忠诚用户,1,181.0,3.0,0.0,6.0,6.0,50.0,0.0
1003612,2,活跃潜力用户,1,89.0,9.0,0.0,1.0,6.0,25.0,0.0
1003627,2,活跃潜力用户,0,6.0,0.0,0.0,1.0,4.0,3.0,0.0
1003628,2,活跃潜力用户,0,226.0,4.0,0.0,3.0,6.0,32.0,0.0
1003629,2,活跃潜力用户,0,29.0,0.0,0.0,0.0,6.0,18.0,0.0
100363,1,早期沉睡用户,1,30.0,1.0,0.0,2.0,5.0,9.0,0.0
1003643,1,早期沉睡用户,1,73.0,7.0,0.0,3.0,5.0,28.0,0.0
1003656,0,高价值忠诚用户,0,27.0,2.0,1.0,3.0,2.0,10.0,0.0
1003685,1,早期沉睡用户,1,18.0,1.0,0.0,1.0,4.0,9.0,1.0
1003693,2,活跃潜力用户,0,21.0,4.0,0.0,0.0,4.0,14.0,0.0
100370,2,活跃潜力用户,0,78.0,3.0,2.0,0.0,5.0,27.0,0.0
1003703,1,早期沉睡用户,1,26.0,2.0,2.0,2.0,4.0,9.0,0.0
1003707,2,活跃潜力用户,0,288.0,36.0,0.0,2.0,6.0,60.0,0.0
1003711,2,活跃潜力用户,1,136.0,1.0,0.0,3.0,6.0,17.0,0.0
1003716,0,高价值忠诚用户,0,129.0,6.0,0.0,5.0,6.0,17.0,0.0
1003724,0,高价值忠诚用户,0,85.0,14.0,1.0,4.0,6.0,44.0,0.0
1003725,2,活跃潜力用户,0,2.0,0.0,0.0,0.0,2.0,2.0,0.0
1003733,1,早期沉睡用户,1,17.0,0.0,0.0,1.0,4.0,10.0,0.0
1003740,2,活跃潜力用户,0,62.0,8.0,0.0,2.0,6.0,15.0,0.0
1003743,1,早期沉睡用户,1,93.0,1.0,0.0,1.0,5.0,20.0,0.0
1003748,2,活跃潜力用户,0,9.0,2.0,0.0,0.0,5.0,5.0,0.0
1003756,1,早期沉睡用户,1,212.0,1.0,0.0,1.0,6.0,16.0,0.0
1003757,2,活跃潜力用户,0,10.0,0.0,0.0,0.0,3.0,5.0,0.0
1003761,2,活跃潜力用户,0,35.0,0.0,1.0,0.0,2.0,8.0,0.0
1003766,2,活跃潜力用户,0,281.0,19.0,2.0,0.0,6.0,25.0,0.0
1003767,1,早期沉睡用户,1,0.0,2.0,0.0,3.0,3.0,4.0,1.0
100377,2,活跃潜力用户,0,13.0,0.0,0.0,1.0,3.0,9.0,1.0
1003781,2,活跃潜力用户,0,70.0,0.0,0.0,1.0,4.0,12.0,0.0
1003782,2,活跃潜力用户,0,13.0,5.0,0.0,1.0,4.0,12.0,0.0
1003792,2,活跃潜力用户,1,31.0,4.0,0.0,1.0,6.0,16.0,0.0
1003807,2,活跃潜力用户,1,12.0,0.0,0.0,1.0,4.0,5.0,0.0
1003821,2,活跃潜力用户,0,14.0,0.0,0.0,1.0,2.0,12.0,0.0
1003826,0,高价值忠诚用户,0,71.0,0.0,1.0,4.0,6.0,32.0,0.0
1003837,0,高价值忠诚用户,0,43.0,15.0,0.0,5.0,4.0,17.0,0.0
1003838,2,活跃潜力用户,0,73.0,7.0,1.0,0.0,5.0,38.0,0.0
1003846,2,活跃潜力用户,0,5.0,0.0,0.0,1.0,1.0,3.0,0.0
1003855,1,早期沉睡用户,1,18.0,1.0,0.0,1.0,6.0,13.0,0.0
1003863,2,活跃潜力用户,0,23.0,0.0,4.0,0.0,2.0,12.0,4.0
1003866,2,活跃潜力用户,0,29.0,6.0,0.0,0.0,6.0,16.0,0.0
1003867,2,活跃潜力用户,0,11.0,0.0,0.0,1.0,3.0,4.0,1.0
1003871,2,活跃潜力用户,0,72.0,6.0,0.0,2.0,6.0,23.0,0.0
1003875,1,早期沉睡用户,1,16.0,1.0,0.0,1.0,5.0,12.0,0.0
100388,2,活跃潜力用户,0,2.0,0.0,0.0,1.0,2.0,2.0,3.0
1003885,2,活跃潜力用户,0,14.0,0.0,0.0,1.0,2.0,8.0,2.0
1003887,2,活跃潜力用户,1,24.0,0.0,0.0,1.0,4.0,10.0,0.0
1003893,2,活跃潜力用户,0,160.0,7.0,2.0,0.0,6.0,31.0,0.0
1003894,1,早期沉睡用户,1,74.0,4.0,0.0,1.0,5.0,14.0,1.0
1003901,3,超级用户,0,98.0,17.0,0.0,3.0,5.0,18.0,0.0
1003906,0,高价值忠诚用户,0,43.0,3.0,0.0,4.0,6.0,22.0,0.0
1003912,1,早期沉睡用户,1,16.0,1.0,0.0,1.0,1.0,3.0,4.0
1003914,1,早期沉睡用户,1,61.0,1.0,0.0,1.0,5.0,27.0,0.0
1003938,2,活跃潜力用户,0,2.0,0.0,0.0,0.0,2.0,2.0,0.0
1003940,2,活跃潜力用户,0,3.0,0.0,0.0,2.0,3.0,3.0,1.0
1003941,1,早期沉睡用户,1,101.0,22.0,0.0,4.0,5.0,45.0,1.0
1003947,1,早期沉睡用户,1,83.0,2.0,0.0,1.0,6.0,16.0,0.0
100395,2,活跃潜力用户,0,19.0,1.0,0.0,1.0,6.0,13.0,0.0
1003961,2,活跃潜力用户,0,23.0,0.0,11.0,0.0,2.0,7.0,0.0
1003965,1,早期沉睡用户,1,11.0,4.0,0.0,2.0,3.0,9.0,0.0
1003975,0,高价值忠诚用户,0,50.0,6.0,0.0,4.0,5.0,34.0,0.0
1003979,1,早期沉睡用户,1,154.0,13.0,8.0,2.0,6.0,38.0,0.0
1003983,3,超级用户,0,86.0,16.0,0.0,34.0,6.0,53.0,0.0
1003988,2,活跃潜力用户,0,10.0,0.0,1.0,0.0,3.0,4.0,1.0
1003991,2,活跃潜力用户,0,34.0,1.0,0.0,0.0,3.0,12.0,1.0
1003993,2,活跃潜力用户,0,28.0,0.0,1.0,0.0,3.0,20.0,0.0
1003998,2,活跃潜力用户,0,99.0,14.0,0.0,0.0,6.0,18.0,0.0
1004001,2,活跃潜力用户,0,8.0,0.0,0.0,0.0,3.0,1.0,0.0
1004002,2,活跃潜力用户,0,4.0,0.0,0.0,0.0,2.0,4.0,2.0
100401,1,早期沉睡用户,1,51.0,12.0,1.0,2.0,5.0,9.0,0.0
1004019,2,活跃潜力用户,0,26.0,1.0,2.0,0.0,2.0,11.0,1.0
1004020,1,早期沉睡用户,1,114.0,4.0,0.0,1.0,5.0,33.0,0.0
1004021,2,活跃潜力用户,0,6.0,0.0,0.0,1.0,3.0,3.0,0.0
1004026,2,活跃潜力用户,0,6.0,0.0,0.0,0.0,2.0,4.0,4.0
1004032,2,活跃潜力用户,0,9.0,2.0,0.0,1.0,5.0,6.0,1.0
1004068,2,活跃潜力用户,0,31.0,0.0,0.0,0.0,6.0,22.0,0.0
1004073,1,早期沉睡用户,1,45.0,13.0,0.0,1.0,6.0,29.0,0.0
1004075,2,活跃潜力用户,0,25.0,0.0,1.0,3.0,2.0,4.0,0.0
1004082,2,活跃潜力用户,0,50.0,0.0,4.0,0.0,6.0,25.0,0.0
1004087,1,早期沉睡用户,1,21.0,5.0,2.0,2.0,6.0,12.0,0.0
1004096,0,高价值忠诚用户,0,109.0,9.0,0.0,8.0,6.0,31.0,0.0
1004106,2,活跃潜力用户,1,82.0,0.0,8.0,3.0,5.0,29.0,0.0
1004115,1,早期沉睡用户,1,20.0,0.0,0.0,1.0,4.0,6.0,0.0
1004118,2,活跃潜力用户,0,107.0,2.0,21.0,0.0,4.0,18.0,0.0
1004122,1,早期沉睡用户,1,158.0,4.0,0.0,3.0,6.0,44.0,0.0
1004140,2,活跃潜力用户,0,4.0,0.0,0.0,0.0,2.0,2.0,2.0
1004146,2,活跃潜力用户,0,2.0,0.0,0.0,0.0,2.0,2.0,1.0
1004161,2,活跃潜力用户,0,43.0,3.0,5.0,1.0,5.0,23.0,0.0
1004165,2,活跃潜力用户,1,48.0,2.0,1.0,4.0,6.0,21.0,0.0
1004172,0,高价值忠诚用户,0,30.0,4.0,0.0,3.0,6.0,13.0,0.0
1004183,2,活跃潜力用户,0,10.0,0.0,0.0,0.0,3.0,3.0,1.0
1004192,1,早期沉睡用户,1,133.0,0.0,3.0,3.0,5.0,51.0,0.0
1004196,1,早期沉睡用户,1,367.0,13.0,0.0,2.0,6.0,32.0,0.0
1004201,1,早期沉睡用户,1,94.0,7.0,0.0,1.0,5.0,18.0,0.0
1004207,2,活跃潜力用户,0,18.0,0.0,0.0,0.0,3.0,6.0,2.0
1004212,1,早期沉睡用户,1,11.0,7.0,1.0,3.0,1.0,16.0,1.0
1004228,0,高价值忠诚用户,1,149.0,5.0,0.0,6.0,6.0,56.0,0.0
1004232,1,早期沉睡用户,1,33.0,0.0,0.0,3.0,5.0,15.0,0.0
1004238,0,高价值忠诚用户,1,28.0,2.0,0.0,8.0,5.0,13.0,0.0
1004246,2,活跃潜力用户,1,17.0,1.0,1.0,1.0,5.0,8.0,0.0
1004259,2,活跃潜力用户,0,107.0,1.0,8.0,2.0,5.0,26.0,0.0
1004269,2,活跃潜力用户,0,45.0,0.0,1.0,3.0,5.0,17.0,0.0
1004274,2,活跃潜力用户,1,46.0,2.0,0.0,2.0,4.0,19.0,0.0
1004277,2,活跃潜力用户,0,51.0,0.0,5.0,0.0,5.0,22.0,1.0
100428,1,早期沉睡用户,1,151.0,19.0,0.0,1.0,6.0,55.0,0.0
1004282,2,活跃潜力用户,0,5.0,2.0,0.0,0.0,6.0,5.0,0.0
1004289,1,早期沉睡用户,1,31.0,0.0,4.0,1.0,4.0,5.0,1.0
1004296,1,早期沉睡用户,1,38.0,0.0,7.0,2.0,5.0,8.0,1.0
1004298,1,早期沉睡用户,1,121.0,3.0,0.0,2.0,6.0,6.0,0.0
1004302,2,活跃潜力用户,0,56.0,1.0,0.0,0.0,6.0,22.0,0.0
1004303,1,早期沉睡用户,1,9.0,0.0,0.0,1.0,2.0,4.0,3.0
1004319,2,活跃潜力用户,0,1.0,0.0,0.0,0.0,1.0,1.0,1.0
1004327,0,高价值忠诚用户,0,91.0,2.0,1.0,4.0,5.0,31.0,0.0
1004335,2,活跃潜力用户,0,19.0,2.0,0.0,1.0,5.0,9.0,0.0
1004337,0,高价值忠诚用户,0,97.0,3.0,13.0,4.0,5.0,32.0,0.0
1004339,0,高价值忠诚用户,0,24.0,1.0,0.0,4.0,4.0,13.0,1.0
1004341,1,早期沉睡用户,1,24.0,6.0,0.0,3.0,5.0,15.0,1.0
1004350,2,活跃潜力用户,0,30.0,4.0,0.0,1.0,4.0,11.0,2.0
1004353,2,活跃潜力用户,0,8.0,1.0,0.0,0.0,5.0,9.0,1.0
1004354,2,活跃潜力用户,0,20.0,3.0,0.0,0.0,3.0,7.0,1.0
1004357,2,活跃潜力用户,0,12.0,3.0,0.0,2.0,5.0,10.0,0.0
1004362,2,活跃潜力用户,1,19.0,2.0,0.0,1.0,3.0,6.0,0.0
1004366,2,活跃潜力用户,0,50.0,2.0,0.0,1.0,3.0,10.0,0.0
1004368,1,早期沉睡用户,1,28.0,0.0,0.0,2.0,2.0,7.0,1.0
1004378,2,活跃潜力用户,0,85.0,15.0,0.0,1.0,5.0,29.0,0.0
1004381,2,活跃潜力用户,0,147.0,0.0,1.0,0.0,5.0,50.0,0.0
1004396,2,活跃潜力用户,0,150.0,17.0,0.0,1.0,6.0,28.0,0.0
10044,1,早期沉睡用户,1,71.0,11.0,0.0,2.0,6.0,22.0,0.0
100440,2,活跃潜力用户,0,27.0,1.0,0.0,0.0,3.0,9.0,2.0
1004403,1,早期沉睡用户,1,59.0,0.0,0.0,2.0,6.0,21.0,0.0
1004405,2,活跃潜力用户,0,44.0,2.0,0.0,1.0,6.0,23.0,0.0
1004406,1,早期沉睡用户,1,20.0,0.0,0.0,3.0,6.0,8.0,0.0
1004410,1,早期沉睡用户,1,23.0,0.0,0.0,2.0,3.0,5.0,1.0
1004413,2,活跃潜力用户,0,308.0,17.0,0.0,1.0,5.0,60.0,1.0
1004420,1,早期沉睡用户,1,14.0,1.0,0.0,3.0,5.0,8.0,0.0
1004426,2,活跃潜力用户,0,112.0,1.0,0.0,0.0,2.0,19.0,2.0
1004427,1,早期沉睡用户,1,26.0,0.0,0.0,1.0,3.0,8.0,1.0
1004441,2,活跃潜力用户,0,44.0,7.0,0.0,0.0,6.0,14.0,0.0
1004442,2,活跃潜力用户,1,49.0,3.0,0.0,4.0,5.0,26.0,0.0
1004443,1,早期沉睡用户,1,1.0,0.0,0.0,1.0,2.0,2.0,0.0
1004444,2,活跃潜力用户,0,10.0,2.0,0.0,0.0,2.0,10.0,4.0
1004446,2,活跃潜力用户,0,11.0,1.0,0.0,0.0,3.0,5.0,0.0
1004448,0,高价值忠诚用户,0,108.0,3.0,7.0,6.0,6.0,24.0,0.0
1004454,1,早期沉睡用户,1,126.0,1.0,1.0,2.0,6.0,22.0,0.0
1004458,0,高价值忠诚用户,0,0.0,3.0,0.0,5.0,4.0,8.0,2.0
1004463,0,高价值忠诚用户,1,181.0,6.0,1.0,9.0,6.0,34.0,0.0
1004466,1,早期沉睡用户,1,76.0,3.0,0.0,2.0,6.0,25.0,0.0
1004467,2,活跃潜力用户,0,75.0,3.0,1.0,0.0,4.0,17.0,0.0
1004471,1,早期沉睡用户,1,34.0,0.0,1.0,3.0,6.0,25.0,0.0
1004474,2,活跃潜力用户,1,7.0,1.0,0.0,1.0,3.0,6.0,0.0
1004477,2,活跃潜力用户,0,46.0,5.0,3.0,2.0,4.0,20.0,2.0
1004490,2,活跃潜力用户,1,30.0,1.0,0.0,3.0,6.0,20.0,0.0
1004497,2,活跃潜力用户,0,8.0,0.0,0.0,0.0,2.0,5.0,0.0
10045,2,活跃潜力用户,0,41.0,0.0,0.0,0.0,4.0,15.0,0.0
1004504,2,活跃潜力用户,0,65.0,4.0,3.0,3.0,5.0,28.0,0.0
100451,2,活跃潜力用户,0,137.0,13.0,0.0,2.0,6.0,29.0,0.0
1004516,1,早期沉睡用户,1,114.0,9.0,7.0,2.0,5.0,31.0,0.0
1004523,0,高价值忠诚用户,1,96.0,0.0,0.0,6.0,5.0,17.0,0.0
100453,2,活跃潜力用户,0,23.0,3.0,5.0,0.0,6.0,19.0,0.0
1004533,2,活跃潜力用户,0,1.0,0.0,0.0,0.0,1.0,1.0,0.0
1004538,2,活跃潜力用户,0,48.0,0.0,2.0,2.0,5.0,25.0,1.0
1004555,2,活跃潜力用户,0,32.0,1.0,2.0,1.0,6.0,19.0,0.0
1004560,2,活跃潜力用户,0,35.0,1.0,1.0,1.0,5.0,15.0,0.0
1004562,2,活跃潜力用户,0,1.0,0.0,0.0,0.0,1.0,1.0,3.0
1004565,2,活跃潜力用户,0,65.0,9.0,1.0,0.0,6.0,18.0,0.0
1004570,2,活跃潜力用户,0,3.0,2.0,0.0,0.0,3.0,3.0,1.0
1004572,0,高价值忠诚用户,0,217.0,3.0,2.0,5.0,6.0,26.0,0.0
1004577,2,活跃潜力用户,0,21.0,2.0,1.0,0.0,4.0,16.0,0.0
1004580,1,早期沉睡用户,1,47.0,0.0,4.0,1.0,5.0,7.0,0.0
1004584,0,高价值忠诚用户,0,86.0,12.0,0.0,11.0,6.0,36.0,0.0
1004599,2,活跃潜力用户,0,10.0,1.0,0.0,0.0,4.0,5.0,0.0
1004603,0,高价值忠诚用户,0,229.0,2.0,1.0,5.0,6.0,34.0,0.0
1004604,1,早期沉睡用户,1,41.0,6.0,0.0,1.0,5.0,20.0,0.0
1004606,2,活跃潜力用户,1,52.0,2.0,0.0,3.0,6.0,34.0,0.0
1004608,1,早期沉睡用户,1,9.0,0.0,0.0,1.0,3.0,4.0,0.0
1004611,1,早期沉睡用户,1,28.0,2.0,0.0,1.0,3.0,14.0,3.0
1004651,2,活跃潜力用户,0,92.0,19.0,0.0,2.0,6.0,26.0,0.0
1004659,2,活跃潜力用户,0,104.0,1.0,0.0,1.0,4.0,31.0,0.0
1004663,0,高价值忠诚用户,0,118.0,1.0,0.0,4.0,5.0,15.0,0.0
1004681,2,活跃潜力用户,0,25.0,0.0,0.0,0.0,2.0,11.0,0.0
1004682,2,活跃潜力用户,0,3.0,1.0,0.0,2.0,3.0,4.0,0.0
1004684,2,活跃潜力用户,1,13.0,0.0,1.0,1.0,3.0,9.0,0.0
1004701,1,早期沉睡用户,1,48.0,6.0,0.0,2.0,5.0,21.0,0.0
1004726,0,高价值忠诚用户,0,114.0,2.0,1.0,7.0,6.0,21.0,0.0
1004730,2,活跃潜力用户,0,69.0,12.0,0.0,2.0,5.0,21.0,0.0
1004737,2,活跃潜力用户,0,5.0,0.0,0.0,0.0,5.0,5.0,0.0
1004743,2,活跃潜力用户,0,5.0,0.0,0.0,1.0,3.0,4.0,0.0
1004745,0,高价值忠诚用户,0,17.0,1.0,0.0,7.0,6.0,10.0,0.0
1004751,2,活跃潜力用户,0,17.0,0.0,3.0,0.0,5.0,13.0,0.0
100477,0,高价值忠诚用户,0,21.0,2.0,0.0,3.0,6.0,11.0,0.0
1004775,1,早期沉睡用户,1,53.0,7.0,4.0,1.0,6.0,14.0,0.0
1004778,1,早期沉睡用户,1,111.0,4.0,0.0,1.0,5.0,30.0,0.0
1004785,0,高价值忠诚用户,0,90.0,1.0,0.0,3.0,6.0,27.0,0.0
1004792,0,高价值忠诚用户,0,37.0,5.0,0.0,5.0,2.0,15.0,0.0
1004800,1,早期沉睡用户,1,42.0,4.0,0.0,1.0,6.0,8.0,0.0
1004807,0,高价值忠诚用户,0,71.0,5.0,1.0,2.0,6.0,33.0,0.0
1004810,2,活跃潜力用户,0,24.0,9.0,0.0,1.0,4.0,13.0,1.0
1004829,2,活跃潜力用户,0,35.0,1.0,0.0,1.0,5.0,12.0,1.0
100483,0,高价值忠诚用户,0,105.0,1.0,0.0,1.0,6.0,12.0,0.0
1004834,2,活跃潜力用户,0,93.0,6.0,5.0,1.0,4.0,40.0,1.0
1004835,0,高价值忠诚用户,0,13.0,4.0,0.0,6.0,5.0,15.0,0.0
1004839,2,活跃潜力用户,0,13.0,0.0,0.0,3.0,4.0,10.0,0.0
1004841,2,活跃潜力用户,0,36.0,0.0,0.0,1.0,5.0,21.0,0.0
1004842,2,活跃潜力用户,1,204.0,4.0,0.0,1.0,6.0,35.0,0.0
1004862,2,活跃潜力用户,0,70.0,4.0,0.0,0.0,4.0,16.0,0.0
1004879,0,高价值忠诚用户,1,17.0,2.0,0.0,6.0,3.0,11.0,1.0
1004881,0,高价值忠诚用户,1,234.0,18.0,1.0,19.0,6.0,50.0,0.0
1004886,2,活跃潜力用户,0,141.0,6.0,23.0,0.0,4.0,31.0,0.0
1004895,2,活跃潜力用户,0,30.0,2.0,8.0,2.0,4.0,13.0,0.0
10049,2,活跃潜力用户,0,8.0,0.0,0.0,0.0,4.0,6.0,2.0
1004906,2,活跃潜力用户,0,12.0,0.0,0.0,0.0,3.0,6.0,1.0
1004929,1,早期沉睡用户,1,9.0,2.0,0.0,2.0,3.0,4.0,0.0
100493,1,早期沉睡用户,1,23.0,2.0,0.0,2.0,6.0,14.0,0.0
1004936,2,活跃潜力用户,0,32.0,1.0,0.0,0.0,3.0,4.0,0.0
1004944,2,活跃潜力用户,0,15.0,1.0,0.0,0.0,5.0,8.0,0.0
1004945,2,活跃潜力用户,1,163.0,6.0,0.0,4.0,6.0,39.0,0.0
1004958,1,早期沉睡用户,1,55.0,0.0,0.0,4.0,5.0,24.0,0.0
1004960,1,早期沉睡用户,1,47.0,0.0,0.0,1.0,6.0,27.0,0.0
1004964,0,高价值忠诚用户,0,70.0,1.0,9.0,3.0,6.0,20.0,0.0
1004973,2,活跃潜力用户,0,33.0,1.0,0.0,0.0,5.0,18.0,0.0
1004974,2,活跃潜力用户,0,4.0,0.0,0.0,1.0,1.0,2.0,3.0
1004993,2,活跃潜力用户,0,54.0,7.0,0.0,1.0,5.0,17.0,1.0
100501,1,早期沉睡用户,1,10.0,0.0,0.0,1.0,4.0,9.0,0.0
1005016,2,活跃潜力用户,0,44.0,7.0,0.0,1.0,3.0,17.0,0.0
1005022,1,早期沉睡用户,1,131.0,3.0,8.0,1.0,5.0,15.0,0.0
1005035,2,活跃潜力用户,0,58.0,2.0,0.0,0.0,3.0,25.0,1.0
1005055,2,活跃潜力用户,0,15.0,7.0,0.0,1.0,6.0,6.0,0.0
1005070,2,活跃潜力用户,0,65.0,1.0,1.0,0.0,5.0,23.0,1.0
1005074,0,高价值忠诚用户,0,70.0,8.0,0.0,3.0,5.0,15.0,0.0
1005077,2,活跃潜力用户,0,153.0,0.0,4.0,0.0,6.0,23.0,0.0
1005082,2,活跃潜力用户,0,149.0,3.0,0.0,0.0,3.0,24.0,2.0
1005085,1,早期沉睡用户,1,59.0,1.0,0.0,1.0,4.0,15.0,0.0
1005103,2,活跃潜力用户,0,7.0,0.0,0.0,1.0,4.0,6.0,0.0
1005115,2,活跃潜力用户,0,77.0,2.0,0.0,0.0,5.0,12.0,0.0
1005117,1,早期沉睡用户,1,48.0,0.0,5.0,1.0,5.0,11.0,0.0
1005124,0,高价值忠诚用户,0,77.0,7.0,0.0,8.0,4.0,20.0,0.0
1005129,1,早期沉睡用户,1,39.0,0.0,3.0,1.0,6.0,16.0,0.0
1005131,1,早期沉睡用户,1,197.0,0.0,5.0,1.0,5.0,26.0,0.0
1005134,2,活跃潜力用户,1,189.0,3.0,5.0,2.0,6.0,62.0,0.0
1005135,2,活跃潜力用户,0,32.0,1.0,2.0,0.0,4.0,13.0,0.0
1005166,0,高价值忠诚用户,0,37.0,4.0,0.0,0.0,6.0,9.0,0.0
1005179,1,早期沉睡用户,1,113.0,8.0,7.0,2.0,6.0,34.0,0.0
1005186,1,早期沉睡用户,1,141.0,14.0,0.0,2.0,5.0,20.0,0.0
1005188,2,活跃潜力用户,0,5.0,0.0,0.0,1.0,2.0,2.0,0.0
1005196,2,活跃潜力用户,0,38.0,2.0,0.0,0.0,5.0,8.0,1.0
1005215,1,早期沉睡用户,1,16.0,0.0,0.0,2.0,4.0,11.0,1.0
1005218,1,早期沉睡用户,1,37.0,4.0,0.0,2.0,4.0,16.0,0.0
100523,1,早期沉睡用户,1,71.0,19.0,0.0,3.0,6.0,26.0,0.0
1005233,2,活跃潜力用户,1,54.0,3.0,1.0,3.0,6.0,21.0,0.0
1005249,2,活跃潜力用户,0,8.0,1.0,0.0,0.0,3.0,4.0,0.0
1005256,2,活跃潜力用户,0,61.0,0.0,7.0,0.0,4.0,11.0,0.0
1005257,2,活跃潜力用户,0,20.0,2.0,0.0,0.0,4.0,5.0,1.0
1005259,0,高价值忠诚用户,0,122.0,7.0,0.0,8.0,6.0,56.0,0.0
1005268,1,早期沉睡用户,1,16.0,0.0,0.0,1.0,3.0,12.0,3.0
1005269,1,早期沉睡用户,1,26.0,3.0,0.0,3.0,5.0,10.0,0.0
100528,0,高价值忠诚用户,0,22.0,2.0,0.0,1.0,3.0,7.0,0.0
1005281,2,活跃潜力用户,0,21.0,2.0,1.0,2.0,4.0,9.0,1.0
1005283,2,活跃潜力用户,0,24.0,7.0,4.0,1.0,4.0,13.0,1.0
1005284,0,高价值忠诚用户,0,31.0,1.0,3.0,10.0,5.0,13.0,0.0
1005292,2,活跃潜力用户,0,3.0,1.0,0.0,1.0,3.0,3.0,1.0
1005293,2,活跃潜力用户,1,62.0,1.0,0.0,4.0,5.0,17.0,0.0
1005294,0,高价值忠诚用户,0,12.0,3.0,0.0,2.0,5.0,7.0,0.0
10053,1,早期沉睡用户,1,23.0,0.0,1.0,1.0,5.0,17.0,0.0
1005304,2,活跃潜力用户,0,2.0,1.0,0.0,0.0,2.0,2.0,0.0
100531,2,活跃潜力用户,0,424.0,0.0,0.0,1.0,6.0,16.0,0.0
1005311,1,早期沉睡用户,1,26.0,1.0,0.0,2.0,4.0,9.0,1.0
1005313,1,早期沉睡用户,1,51.0,3.0,0.0,2.0,4.0,22.0,0.0
1005314,1,早期沉睡用户,1,52.0,1.0,0.0,1.0,6.0,12.0,0.0
1005319,2,活跃潜力用户,0,17.0,7.0,0.0,0.0,6.0,20.0,0.0
1005320,2,活跃潜力用户,0,31.0,0.0,0.0,2.0,3.0,16.0,1.0
1005324,2,活跃潜力用户,0,69.0,0.0,8.0,2.0,5.0,19.0,0.0
1005329,2,活跃潜力用户,0,3.0,0.0,0.0,0.0,2.0,3.0,1.0
1005337,0,高价值忠诚用户,0,94.0,7.0,0.0,3.0,5.0,26.0,0.0
1005338,2,活跃潜力用户,1,48.0,1.0,0.0,4.0,6.0,17.0,0.0
1005345,1,早期沉睡用户,1,70.0,15.0,0.0,3.0,6.0,32.0,0.0
1005346,1,早期沉睡用户,1,67.0,4.0,0.0,1.0,6.0,19.0,0.0
1005366,2,活跃潜力用户,1,74.0,6.0,0.0,2.0,6.0,19.0,0.0
1005383,1,早期沉睡用户,1,52.0,0.0,6.0,1.0,6.0,19.0,0.0
100540,2,活跃潜力用户,1,123.0,18.0,1.0,4.0,6.0,46.0,0.0
1005401,2,活跃潜力用户,1,27.0,0.0,0.0,2.0,5.0,13.0,0.0
1005407,2,活跃潜力用户,0,27.0,1.0,0.0,1.0,6.0,19.0,0.0
1005412,1,早期沉睡用户,1,110.0,26.0,1.0,1.0,2.0,36.0,0.0
1005413,1,早期沉睡用户,1,9.0,0.0,0.0,1.0,6.0,8.0,0.0
1005414,2,活跃潜力用户,0,16.0,3.0,0.0,2.0,5.0,8.0,1.0
1005417,0,高价值忠诚用户,1,105.0,12.0,0.0,5.0,6.0,29.0,0.0
1005419,0,高价值忠诚用户,0,121.0,2.0,3.0,1.0,6.0,18.0,0.0
1005422,2,活跃潜力用户,0,38.0,2.0,0.0,2.0,6.0,14.0,0.0
1005430,2,活跃潜力用户,0,28.0,2.0,0.0,1.0,5.0,14.0,0.0
1005431,1,早期沉睡用户,1,15.0,15.0,0.0,1.0,4.0,12.0,0.0
1005442,2,活跃潜力用户,0,19.0,5.0,0.0,0.0,3.0,12.0,0.0
1005444,2,活跃潜力用户,0,51.0,0.0,0.0,0.0,5.0,27.0,0.0
1005455,1,早期沉睡用户,1,251.0,0.0,4.0,3.0,6.0,42.0,0.0
1005459,2,活跃潜力用户,0,15.0,2.0,0.0,0.0,4.0,9.0,0.0
1005468,2,活跃潜力用户,1,8.0,0.0,3.0,1.0,2.0,8.0,0.0
1005472,2,活跃潜力用户,0,56.0,1.0,0.0,0.0,6.0,17.0,0.0
1005473,2,活跃潜力用户,0,16.0,0.0,0.0,0.0,2.0,11.0,0.0
1005474,2,活跃潜力用户,0,0.0,0.0,0.0,3.0,2.0,3.0,2.0
1005482,1,早期沉睡用户,1,48.0,3.0,1.0,3.0,6.0,27.0,0.0
1005487,2,活跃潜力用户,0,85.0,1.0,7.0,0.0,4.0,21.0,0.0
1005490,2,活跃潜力用户,0,37.0,0.0,0.0,0.0,6.0,17.0,0.0
1005498,0,高价值忠诚用户,0,118.0,32.0,0.0,1.0,6.0,38.0,0.0
1005501,2,活跃潜力用户,0,65.0,3.0,0.0,1.0,6.0,25.0,0.0
1005502,2,活跃潜力用户,0,3.0,0.0,0.0,0.0,1.0,1.0,1.0
1005505,1,早期沉睡用户,1,13.0,0.0,0.0,2.0,4.0,8.0,1.0
1005507,2,活跃潜力用户,0,17.0,2.0,0.0,0.0,4.0,3.0,2.0
1005521,1,早期沉睡用户,1,172.0,16.0,0.0,3.0,6.0,34.0,0.0
1005522,1,早期沉睡用户,1,102.0,1.0,15.0,1.0,5.0,19.0,0.0
1005524,1,早期沉睡用户,1,75.0,5.0,0.0,1.0,4.0,27.0,0.0
1005541,1,早期沉睡用户,1,50.0,0.0,2.0,2.0,5.0,14.0,0.0
1005545,2,活跃潜力用户,0,132.0,13.0,0.0,1.0,6.0,20.0,0.0
1005548,2,活跃潜力用户,0,109.0,2.0,15.0,0.0,5.0,31.0,0.0
1005551,2,活跃潜力用户,0,125.0,14.0,1.0,1.0,6.0,27.0,0.0
1005559,2,活跃潜力用户,0,54.0,1.0,4.0,0.0,5.0,18.0,0.0
1005564,0,高价值忠诚用户,0,175.0,1.0,12.0,4.0,6.0,32.0,0.0
1005571,1,早期沉睡用户,1,36.0,0.0,13.0,3.0,5.0,20.0,0.0
1005572,2,活跃潜力用户,1,39.0,4.0,0.0,3.0,6.0,19.0,0.0
1005585,2,活跃潜力用户,0,53.0,6.0,0.0,0.0,5.0,10.0,0.0
100561,2,活跃潜力用户,0,26.0,4.0,0.0,1.0,2.0,9.0,3.0
1005616,0,高价值忠诚用户,1,114.0,3.0,0.0,7.0,6.0,28.0,0.0
1005626,2,活跃潜力用户,1,142.0,10.0,0.0,3.0,6.0,34.0,0.0
1005627,1,早期沉睡用户,1,17.0,1.0,1.0,1.0,4.0,7.0,1.0
1005649,0,高价值忠诚用户,1,168.0,6.0,10.0,12.0,5.0,41.0,1.0
1005659,1,早期沉睡用户,1,40.0,7.0,1.0,1.0,4.0,11.0,0.0
1005661,2,活跃潜力用户,1,49.0,2.0,0.0,3.0,5.0,15.0,0.0
100567,2,活跃潜力用户,1,81.0,1.0,3.0,2.0,6.0,16.0,0.0
1005681,2,活跃潜力用户,0,287.0,21.0,0.0,0.0,6.0,50.0,0.0
1005688,0,高价值忠诚用户,0,0.0,30.0,0.0,6.0,6.0,20.0,0.0
1005693,1,早期沉睡用户,1,45.0,2.0,0.0,1.0,5.0,15.0,0.0
1005694,2,活跃潜力用户,1,92.0,0.0,9.0,1.0,4.0,13.0,0.0
10057,0,高价值忠诚用户,0,84.0,2.0,0.0,3.0,6.0,10.0,0.0
1005701,1,早期沉睡用户,1,78.0,3.0,0.0,2.0,4.0,19.0,1.0
1005703,0,高价值忠诚用户,1,141.0,2.0,0.0,8.0,6.0,25.0,0.0
1005704,2,活跃潜力用户,0,123.0,2.0,0.0,1.0,6.0,39.0,0.0
1005705,2,活跃潜力用户,0,33.0,0.0,1.0,1.0,5.0,16.0,0.0
1005706,1,早期沉睡用户,1,101.0,1.0,6.0,1.0,6.0,17.0,0.0
1005707,2,活跃潜力用户,0,15.0,0.0,0.0,1.0,3.0,12.0,0.0
1005709,0,高价值忠诚用户,0,1.0,3.0,0.0,14.0,6.0,14.0,0.0
1005712,0,高价值忠诚用户,0,140.0,5.0,0.0,2.0,6.0,45.0,0.0
1005713,2,活跃潜力用户,0,199.0,6.0,0.0,3.0,6.0,26.0,0.0
1005738,2,活跃潜力用户,0,70.0,0.0,1.0,1.0,6.0,16.0,0.0
1005742,2,活跃潜力用户,0,72.0,0.0,0.0,1.0,6.0,29.0,0.0
1005744,1,早期沉睡用户,1,155.0,2.0,0.0,1.0,6.0,38.0,0.0
1005746,0,高价值忠诚用户,0,190.0,1.0,14.0,6.0,6.0,47.0,0.0
1005752,2,活跃潜力用户,0,57.0,8.0,0.0,1.0,3.0,9.0,0.0
1005758,2,活跃潜力用户,0,39.0,1.0,1.0,1.0,5.0,13.0,0.0
1005760,2,活跃潜力用户,0,33.0,5.0,3.0,1.0,5.0,15.0,0.0
1005766,2,活跃潜力用户,0,47.0,0.0,2.0,0.0,4.0,16.0,0.0
1005767,2,活跃潜力用户,0,8.0,0.0,0.0,0.0,4.0,5.0,1.0
1005771,2,活跃潜力用户,0,45.0,1.0,1.0,1.0,6.0,13.0,0.0
1005775,2,活跃潜力用户,0,46.0,0.0,0.0,0.0,6.0,13.0,0.0
1005779,2,活跃潜力用户,0,53.0,6.0,15.0,1.0,6.0,38.0,0.0
1005785,2,活跃潜力用户,0,133.0,7.0,1.0,1.0,5.0,27.0,0.0
1005787,1,早期沉睡用户,1,164.0,12.0,0.0,2.0,4.0,16.0,0.0
1005788,1,早期沉睡用户,1,35.0,2.0,0.0,1.0,6.0,16.0,0.0
100580,0,高价值忠诚用户,1,203.0,10.0,3.0,6.0,5.0,39.0,0.0
1005807,2,活跃潜力用户,0,74.0,2.0,0.0,3.0,4.0,20.0,0.0
1005822,2,活跃潜力用户,0,10.0,3.0,0.0,1.0,5.0,5.0,0.0
1005832,0,高价值忠诚用户,1,67.0,11.0,0.0,6.0,6.0,30.0,0.0
1005834,1,早期沉睡用户,1,130.0,3.0,23.0,2.0,6.0,30.0,0.0
1005837,1,早期沉睡用户,1,19.0,1.0,0.0,1.0,3.0,10.0,0.0
1005838,2,活跃潜力用户,0,18.0,0.0,0.0,1.0,3.0,11.0,1.0
1005845,0,高价值忠诚用户,0,12.0,0.0,0.0,3.0,3.0,10.0,3.0
1005860,1,早期沉睡用户,1,45.0,1.0,2.0,3.0,5.0,16.0,0.0
1005864,2,活跃潜力用户,0,42.0,4.0,13.0,0.0,6.0,27.0,0.0
1005866,1,早期沉睡用户,1,72.0,0.0,2.0,4.0,6.0,35.0,0.0
1005874,2,活跃潜力用户,0,47.0,2.0,1.0,1.0,6.0,24.0,0.0
1005877,1,早期沉睡用户,1,28.0,0.0,0.0,3.0,4.0,16.0,1.0
1005880,2,活跃潜力用户,0,9.0,2.0,0.0,0.0,5.0,6.0,0.0
1005897,2,活跃潜力用户,0,0.0,11.0,10.0,1.0,6.0,14.0,0.0
1005906,1,早期沉睡用户,1,80.0,2.0,0.0,3.0,6.0,20.0,0.0
1005909,2,活跃潜力用户,0,22.0,0.0,2.0,2.0,2.0,10.0,0.0
1005910,1,早期沉睡用户,1,10.0,0.0,0.0,2.0,5.0,5.0,0.0
1005916,0,高价值忠诚用户,0,62.0,2.0,4.0,3.0,6.0,31.0,0.0
1005924,0,高价值忠诚用户,1,64.0,2.0,4.0,5.0,5.0,26.0,0.0
1005939,2,活跃潜力用户,1,31.0,1.0,1.0,1.0,4.0,19.0,0.0
1005945,2,活跃潜力用户,1,128.0,0.0,2.0,2.0,6.0,28.0,0.0
100595,2,活跃潜力用户,1,154.0,25.0,0.0,2.0,5.0,37.0,0.0
1005952,1,早期沉睡用户,1,41.0,5.0,0.0,3.0,5.0,13.0,0.0
1005953,2,活跃潜力用户,1,112.0,0.0,3.0,3.0,6.0,40.0,0.0
1005961,2,活跃潜力用户,0,18.0,3.0,0.0,3.0,5.0,13.0,0.0
1005981,2,活跃潜力用户,0,84.0,7.0,0.0,0.0,6.0,33.0,0.0
1005982,2,活跃潜力用户,0,39.0,0.0,5.0,0.0,6.0,10.0,0.0
1005985,0,高价值忠诚用户,0,168.0,3.0,0.0,4.0,6.0,55.0,0.0
100599,0,高价值忠诚用户,0,4.0,0.0,0.0,0.0,3.0,3.0,1.0
1005990,2,活跃潜力用户,0,37.0,0.0,2.0,0.0,6.0,18.0,0.0
1005995,0,高价值忠诚用户,0,144.0,5.0,0.0,2.0,6.0,34.0,0.0
1005996,2,活跃潜力用户,0,34.0,0.0,4.0,1.0,5.0,10.0,1.0
100600,2,活跃潜力用户,0,42.0,6.0,0.0,1.0,3.0,23.0,0.0
1006002,2,活跃潜力用户,0,9.0,1.0,0.0,0.0,2.0,3.0,2.0
1006003,2,活跃潜力用户,0,97.0,1.0,2.0,3.0,5.0,32.0,0.0
1006015,1,早期沉睡用户,1,164.0,7.0,32.0,2.0,5.0,30.0,0.0
1006021,1,早期沉睡用户,1,78.0,0.0,0.0,1.0,5.0,14.0,0.0
1006028,1,早期沉睡用户,1,11.0,0.0,0.0,1.0,5.0,5.0,0.0
1006040,2,活跃潜力用户,0,5.0,0.0,0.0,1.0,3.0,5.0,0.0
1006063,2,活跃潜力用户,1,53.0,6.0,0.0,1.0,6.0,12.0,0.0
1006079,2,活跃潜力用户,0,17.0,1.0,1.0,0.0,1.0,5.0,5.0
1006084,2,活跃潜力用户,0,197.0,5.0,0.0,0.0,5.0,20.0,0.0
1006097,2,活跃潜力用户,0,72.0,17.0,0.0,3.0,5.0,12.0,0.0
1006102,1,早期沉睡用户,1,24.0,1.0,0.0,1.0,5.0,9.0,0.0
1006110,0,高价值忠诚用户,0,57.0,0.0,0.0,3.0,5.0,21.0,0.0
1006121,1,早期沉睡用户,1,121.0,0.0,2.0,1.0,4.0,13.0,1.0
1006126,1,早期沉睡用户,1,80.0,5.0,5.0,3.0,6.0,29.0,0.0
100614,2,活跃潜力用户,1,55.0,0.0,1.0,2.0,4.0,14.0,0.0
1006141,0,高价值忠诚用户,0,84.0,0.0,0.0,3.0,6.0,35.0,0.0
100615,2,活跃潜力用户,1,41.0,0.0,2.0,2.0,6.0,21.0,0.0
1006159,2,活跃潜力用户,0,66.0,5.0,2.0,2.0,5.0,26.0,0.0
1006173,1,早期沉睡用户,1,164.0,3.0,0.0,3.0,6.0,47.0,0.0
1006178,1,早期沉睡用户,1,86.0,11.0,0.0,1.0,6.0,39.0,0.0
1006181,1,早期沉睡用户,1,118.0,2.0,0.0,3.0,6.0,29.0,0.0
1006204,2,活跃潜力用户,1,23.0,0.0,0.0,3.0,2.0,18.0,0.0
1006207,2,活跃潜力用户,0,100.0,0.0,1.0,2.0,6.0,50.0,0.0
1006224,2,活跃潜力用户,0,45.0,1.0,0.0,0.0,5.0,19.0,0.0
1006236,1,早期沉睡用户,1,31.0,9.0,3.0,1.0,4.0,20.0,0.0
1006252,0,高价值忠诚用户,0,40.0,1.0,0.0,2.0,6.0,13.0,0.0
1006255,1,早期沉睡用户,1,95.0,2.0,4.0,2.0,5.0,27.0,1.0
1006260,2,活跃潜力用户,0,39.0,2.0,0.0,0.0,6.0,29.0,0.0
1006261,2,活跃潜力用户,0,195.0,3.0,15.0,0.0,5.0,35.0,0.0
1006262,0,高价值忠诚用户,0,56.0,15.0,3.0,11.0,6.0,27.0,0.0
1006267,0,高价值忠诚用户,0,9.0,0.0,0.0,5.0,5.0,13.0,0.0
1006274,0,高价值忠诚用户,0,15.0,1.0,0.0,3.0,4.0,6.0,0.0
1006288,2,活跃潜力用户,1,74.0,0.0,1.0,1.0,5.0,42.0,0.0
1006306,1,早期沉睡用户,1,31.0,3.0,0.0,2.0,5.0,20.0,1.0
1006307,0,高价值忠诚用户,0,319.0,11.0,4.0,6.0,6.0,94.0,0.0
1006309,2,活跃潜力用户,1,33.0,13.0,0.0,1.0,2.0,6.0,0.0
1006312,0,高价值忠诚用户,0,32.0,7.0,0.0,4.0,5.0,14.0,0.0
1006317,2,活跃潜力用户,1,80.0,8.0,4.0,1.0,5.0,24.0,0.0
1006322,0,高价值忠诚用户,0,21.0,4.0,0.0,3.0,3.0,17.0,0.0
1006336,1,早期沉睡用户,1,62.0,5.0,0.0,1.0,6.0,17.0,0.0
1006351,1,早期沉睡用户,1,15.0,2.0,0.0,1.0,3.0,13.0,2.0
1006354,1,早期沉睡用户,1,54.0,3.0,2.0,3.0,5.0,23.0,1.0
1006389,0,高价值忠诚用户,1,60.0,9.0,0.0,5.0,6.0,22.0,0.0
1006392,1,早期沉睡用户,1,123.0,13.0,0.0,2.0,6.0,31.0,0.0
1006394,2,活跃潜力用户,0,4.0,0.0,0.0,0.0,2.0,3.0,2.0
1006395,1,早期沉睡用户,1,21.0,2.0,0.0,3.0,5.0,16.0,0.0
1006398,2,活跃潜力用户,0,1.0,0.0,1.0,0.0,2.0,2.0,4.0
1006402,0,高价值忠诚用户,0,25.0,1.0,0.0,5.0,6.0,14.0,0.0
1006403,2,活跃潜力用户,0,2.0,0.0,1.0,0.0,2.0,3.0,1.0
1006404,2,活跃潜力用户,0,151.0,21.0,0.0,2.0,6.0,16.0,0.0
1006405,2,活跃潜力用户,0,69.0,14.0,0.0,2.0,6.0,16.0,0.0
1006407,1,早期沉睡用户,1,20.0,2.0,0.0,2.0,4.0,4.0,1.0
100641,2,活跃潜力用户,0,17.0,0.0,0.0,0.0,5.0,3.0,1.0
1006411,2,活跃潜力用户,0,78.0,0.0,8.0,1.0,6.0,21.0,0.0
1006422,2,活跃潜力用户,0,45.0,0.0,4.0,1.0,6.0,14.0,0.0
1006432,2,活跃潜力用户,1,13.0,0.0,0.0,3.0,3.0,2.0,0.0
1006439,1,早期沉睡用户,1,17.0,2.0,0.0,1.0,5.0,7.0,0.0
1006446,0,高价值忠诚用户,0,19.0,2.0,0.0,4.0,6.0,18.0,0.0
1006448,1,早期沉睡用户,1,208.0,17.0,2.0,4.0,6.0,33.0,0.0
1006451,0,高价值忠诚用户,1,50.0,0.0,0.0,5.0,5.0,24.0,0.0
1006453,2,活跃潜力用户,0,60.0,9.0,0.0,1.0,5.0,22.0,0.0
1006469,2,活跃潜力用户,0,163.0,3.0,0.0,3.0,6.0,52.0,0.0
1006470,2,活跃潜力用户,1,2.0,0.0,0.0,1.0,1.0,3.0,0.0
1006471,0,高价值忠诚用户,0,321.0,5.0,4.0,4.0,6.0,66.0,0.0
1006480,2,活跃潜力用户,0,24.0,1.0,0.0,0.0,5.0,12.0,0.0
1006481,2,活跃潜力用户,0,10.0,0.0,0.0,0.0,4.0,7.0,1.0
1006482,0,高价值忠诚用户,0,75.0,11.0,0.0,4.0,3.0,31.0,2.0
1006495,1,早期沉睡用户,1,8.0,0.0,0.0,1.0,2.0,3.0,3.0
1006498,1,早期沉睡用户,1,16.0,0.0,0.0,1.0,4.0,10.0,0.0
1006510,1,早期沉睡用户,1,148.0,15.0,0.0,3.0,6.0,21.0,0.0
1006513,2,活跃潜力用户,0,8.0,4.0,0.0,2.0,4.0,10.0,0.0
1006525,2,活跃潜力用户,0,12.0,0.0,0.0,1.0,3.0,6.0,2.0
1006538,2,活跃潜力用户,0,7.0,0.0,1.0,0.0,2.0,5.0,2.0
1006543,2,活跃潜力用户,0,112.0,10.0,5.0,0.0,5.0,20.0,0.0
1006553,0,高价值忠诚用户,0,8.0,0.0,0.0,3.0,2.0,6.0,1.0
1006563,1,早期沉睡用户,1,7.0,0.0,1.0,1.0,3.0,9.0,2.0
1006566,2,活跃潜力用户,0,6.0,0.0,0.0,1.0,2.0,6.0,0.0
1006582,0,高价值忠诚用户,0,81.0,4.0,2.0,4.0,4.0,30.0,2.0
1006585,2,活跃潜力用户,0,11.0,0.0,0.0,0.0,2.0,4.0,4.0
1006586,1,早期沉睡用户,1,60.0,1.0,0.0,3.0,6.0,22.0,0.0
1006590,1,早期沉睡用户,1,29.0,0.0,1.0,1.0,6.0,20.0,0.0
1006593,2,活跃潜力用户,0,1.0,0.0,0.0,0.0,1.0,1.0,4.0
1006597,0,高价值忠诚用户,0,105.0,2.0,0.0,11.0,6.0,40.0,0.0
1006601,2,活跃潜力用户,0,101.0,14.0,0.0,2.0,6.0,28.0,0.0
1006616,0,高价值忠诚用户,1,165.0,21.0,1.0,12.0,6.0,29.0,0.0
1006618,1,早期沉睡用户,1,10.0,3.0,0.0,1.0,3.0,5.0,0.0
100663,2,活跃潜力用户,0,12.0,0.0,0.0,3.0,5.0,9.0,0.0
1006634,1,早期沉睡用户,1,2.0,0.0,0.0,1.0,1.0,1.0,4.0
100664,1,早期沉睡用户,1,60.0,1.0,7.0,1.0,5.0,13.0,0.0
1006647,1,早期沉睡用户,1,125.0,1.0,6.0,1.0,6.0,37.0,0.0
1006651,0,高价值忠诚用户,1,56.0,1.0,5.0,5.0,5.0,14.0,0.0
1006652,2,活跃潜力用户,0,21.0,0.0,0.0,0.0,4.0,9.0,0.0
1006653,0,高价值忠诚用户,0,175.0,3.0,12.0,7.0,6.0,58.0,0.0
1006660,2,活跃潜力用户,0,34.0,1.0,5.0,1.0,4.0,5.0,1.0
1006666,2,活跃潜力用户,0,64.0,1.0,0.0,2.0,6.0,27.0,0.0
1006670,1,早期沉睡用户,1,61.0,7.0,0.0,1.0,4.0,13.0,1.0
1006678,1,早期沉睡用户,1,19.0,2.0,0.0,1.0,3.0,3.0,0.0
1006698,2,活跃潜力用户,0,9.0,1.0,0.0,1.0,4.0,6.0,2.0
1006704,1,早期沉睡用户,1,64.0,0.0,1.0,1.0,4.0,9.0,1.0
1006707,2,活跃潜力用户,0,51.0,11.0,0.0,2.0,5.0,19.0,0.0
1006736,2,活跃潜力用户,1,60.0,0.0,0.0,2.0,5.0,19.0,0.0
1006740,1,早期沉睡用户,1,60.0,24.0,0.0,4.0,5.0,15.0,1.0
1006745,0,高价值忠诚用户,1,165.0,3.0,1.0,14.0,6.0,52.0,0.0
1006754,2,活跃潜力用户,1,97.0,7.0,0.0,2.0,6.0,32.0,0.0
1006765,0,高价值忠诚用户,0,28.0,3.0,1.0,0.0,5.0,14.0,0.0
1006767,1,早期沉睡用户,1,161.0,5.0,4.0,2.0,6.0,31.0,0.0
1006768,2,活跃潜力用户,0,5.0,2.0,0.0,1.0,5.0,4.0,1.0
1006777,2,活跃潜力用户,0,33.0,0.0,6.0,1.0,4.0,11.0,0.0
100678,0,高价值忠诚用户,0,0.0,5.0,0.0,3.0,3.0,8.0,0.0
1006784,1,早期沉睡用户,1,15.0,1.0,0.0,1.0,5.0,8.0,0.0
1006803,1,早期沉睡用户,1,82.0,10.0,2.0,3.0,5.0,40.0,0.0
1006817,2,活跃潜力用户,0,16.0,2.0,0.0,0.0,5.0,13.0,0.0
1006823,1,早期沉睡用户,1,36.0,5.0,14.0,2.0,3.0,14.0,3.0
1006850,1,早期沉睡用户,1,60.0,5.0,0.0,1.0,6.0,21.0,0.0
1006851,0,高价值忠诚用户,0,56.0,22.0,0.0,4.0,6.0,34.0,0.0
1006864,2,活跃潜力用户,1,54.0,5.0,2.0,4.0,6.0,20.0,0.0
1006870,2,活跃潜力用户,0,3.0,0.0,0.0,0.0,2.0,3.0,3.0
1006872,0,高价值忠诚用户,0,184.0,10.0,14.0,13.0,6.0,40.0,0.0
100688,1,早期沉睡用户,1,43.0,1.0,0.0,2.0,6.0,14.0,0.0
1006887,0,高价值忠诚用户,0,6.0,0.0,0.0,3.0,5.0,8.0,0.0
1006889,0,高价值忠诚用户,0,83.0,3.0,0.0,4.0,6.0,26.0,0.0
1006894,1,早期沉睡用户,1,41.0,8.0,0.0,4.0,6.0,17.0,0.0
1006897,0,高价值忠诚用户,0,120.0,32.0,12.0,14.0,4.0,37.0,0.0
1006917,1,早期沉睡用户,1,39.0,0.0,0.0,1.0,4.0,21.0,1.0
1006919,2,活跃潜力用户,0,39.0,6.0,0.0,2.0,5.0,20.0,0.0
1006920,0,高价值忠诚用户,0,21.0,3.0,0.0,5.0,4.0,13.0,0.0
1006925,1,早期沉睡用户,1,223.0,5.0,6.0,1.0,6.0,38.0,0.0
1006935,2,活跃潜力用户,1,108.0,7.0,3.0,4.0,6.0,56.0,0.0
1006938,2,活跃潜力用户,0,25.0,1.0,0.0,0.0,6.0,17.0,0.0
1006939,2,活跃潜力用户,1,57.0,0.0,0.0,2.0,6.0,20.0,0.0
1006940,1,早期沉睡用户,1,65.0,0.0,2.0,2.0,6.0,37.0,0.0
1006943,1,早期沉睡用户,1,53.0,3.0,0.0,1.0,6.0,14.0,0.0
1006954,2,活跃潜力用户,1,253.0,0.0,7.0,3.0,5.0,34.0,0.0
1006964,2,活跃潜力用户,0,90.0,9.0,0.0,2.0,6.0,33.0,0.0
1006977,2,活跃潜力用户,1,46.0,1.0,0.0,1.0,4.0,14.0,0.0
1006984,2,活跃潜力用户,0,11.0,1.0,0.0,0.0,3.0,5.0,0.0
1006992,2,活跃潜力用户,0,79.0,6.0,0.0,1.0,5.0,16.0,0.0
100700,1,早期沉睡用户,1,48.0,2.0,3.0,2.0,5.0,34.0,0.0
1007004,2,活跃潜力用户,0,18.0,0.0,0.0,1.0,3.0,8.0,0.0
1007006,2,活跃潜力用户,0,43.0,3.0,0.0,0.0,5.0,20.0,0.0
1007017,2,活跃潜力用户,1,5.0,0.0,0.0,2.0,3.0,6.0,0.0
100702,2,活跃潜力用户,1,70.0,1.0,0.0,1.0,6.0,26.0,0.0
1007020,2,活跃潜力用户,0,97.0,6.0,21.0,1.0,6.0,25.0,0.0
1007027,2,活跃潜力用户,0,35.0,3.0,0.0,2.0,3.0,15.0,0.0
1007028,1,早期沉睡用户,1,243.0,2.0,7.0,1.0,5.0,14.0,0.0
1007031,1,早期沉睡用户,1,78.0,0.0,0.0,2.0,5.0,23.0,1.0
1007035,0,高价值忠诚用户,0,92.0,13.0,0.0,8.0,5.0,34.0,0.0
1007037,2,活跃潜力用户,0,126.0,6.0,0.0,1.0,6.0,37.0,0.0
1007046,1,早期沉睡用户,1,108.0,10.0,0.0,2.0,5.0,30.0,0.0
1007057,1,早期沉睡用户,1,142.0,4.0,0.0,1.0,6.0,26.0,0.0
1007058,2,活跃潜力用户,0,58.0,6.0,6.0,1.0,6.0,28.0,0.0
1007071,3,超级用户,0,172.0,16.0,0.0,17.0,4.0,53.0,2.0
1007076,2,活跃潜力用户,0,35.0,5.0,0.0,2.0,4.0,15.0,0.0
1007077,2,活跃潜力用户,0,3.0,0.0,0.0,0.0,2.0,2.0,2.0
1007078,0,高价值忠诚用户,0,220.0,9.0,1.0,10.0,6.0,36.0,0.0
1007082,2,活跃潜力用户,0,17.0,8.0,0.0,1.0,3.0,12.0,1.0
1007088,2,活跃潜力用户,0,6.0,0.0,0.0,0.0,3.0,4.0,2.0
1007094,2,活跃潜力用户,0,55.0,0.0,9.0,0.0,6.0,23.0,0.0
1007112,0,高价值忠诚用户,0,75.0,10.0,0.0,2.0,6.0,17.0,0.0
100712,1,早期沉睡用户,1,94.0,15.0,0.0,1.0,5.0,22.0,1.0
1007123,2,活跃潜力用户,0,18.0,0.0,0.0,2.0,5.0,15.0,0.0
1007148,0,高价值忠诚用户,0,99.0,7.0,0.0,2.0,5.0,38.0,0.0
1007155,2,活跃潜力用户,0,26.0,0.0,3.0,3.0,5.0,9.0,0.0
1007163,0,高价值忠诚用户,0,82.0,8.0,2.0,3.0,6.0,26.0,0.0
1007171,2,活跃潜力用户,0,273.0,19.0,0.0,3.0,6.0,76.0,0.0
1007181,0,高价值忠诚用户,0,69.0,11.0,1.0,6.0,6.0,27.0,0.0
100719,1,早期沉睡用户,1,37.0,8.0,0.0,1.0,2.0,16.0,4.0
1007190,2,活跃潜力用户,0,37.0,34.0,9.0,3.0,6.0,39.0,0.0
1007192,2,活跃潜力用户,0,30.0,0.0,0.0,1.0,4.0,14.0,0.0
1007200,1,早期沉睡用户,1,184.0,9.0,0.0,1.0,6.0,22.0,0.0
1007201,2,活跃潜力用户,0,51.0,1.0,0.0,1.0,4.0,12.0,0.0
1007202,2,活跃潜力用户,0,101.0,8.0,0.0,0.0,5.0,22.0,0.0
1007217,1,早期沉睡用户,1,90.0,0.0,0.0,1.0,6.0,44.0,0.0
1007221,1,早期沉睡用户,1,57.0,7.0,0.0,1.0,6.0,26.0,0.0
1007222,2,活跃潜力用户,0,2.0,1.0,0.0,0.0,2.0,3.0,3.0
1007225,2,活跃潜力用户,0,15.0,0.0,0.0,1.0,3.0,15.0,1.0
1007231,1,早期沉睡用户,1,102.0,25.0,8.0,6.0,6.0,18.0,0.0
1007246,2,活跃潜力用户,0,25.0,0.0,0.0,0.0,3.0,11.0,0.0
1007248,2,活跃潜力用户,0,83.0,3.0,0.0,3.0,6.0,18.0,0.0
1007250,2,活跃潜力用户,0,16.0,0.0,3.0,0.0,3.0,7.0,0.0
1007253,2,活跃潜力用户,0,20.0,0.0,0.0,2.0,5.0,14.0,0.0
1007255,0,高价值忠诚用户,0,69.0,5.0,0.0,4.0,6.0,34.0,0.0
1007260,1,早期沉睡用户,1,36.0,3.0,0.0,1.0,5.0,8.0,1.0
1007274,2,活跃潜力用户,0,49.0,1.0,6.0,0.0,6.0,21.0,0.0
1007275,2,活跃潜力用户,0,24.0,1.0,0.0,0.0,3.0,8.0,0.0
1007280,1,早期沉睡用户,1,26.0,0.0,1.0,1.0,5.0,16.0,0.0
1007294,2,活跃潜力用户,0,67.0,10.0,3.0,3.0,5.0,24.0,0.0
1007313,2,活跃潜力用户,0,64.0,4.0,0.0,0.0,5.0,15.0,0.0
1007314,1,早期沉睡用户,1,31.0,1.0,0.0,1.0,3.0,13.0,2.0
1007317,2,活跃潜力用户,1,244.0,6.0,0.0,2.0,6.0,33.0,0.0
1007319,0,高价值忠诚用户,0,117.0,7.0,0.0,2.0,6.0,27.0,0.0
1007323,2,活跃潜力用户,1,67.0,3.0,0.0,1.0,5.0,22.0,0.0
1007334,1,早期沉睡用户,1,41.0,4.0,0.0,1.0,4.0,4.0,0.0
1007335,0,高价值忠诚用户,0,325.0,3.0,0.0,2.0,6.0,43.0,0.0
1007339,2,活跃潜力用户,0,12.0,3.0,0.0,1.0,4.0,6.0,1.0
100734,2,活跃潜力用户,0,45.0,2.0,2.0,0.0,4.0,14.0,0.0
1007349,2,活跃潜力用户,0,29.0,0.0,0.0,2.0,5.0,13.0,0.0
1007353,1,早期沉睡用户,1,35.0,3.0,0.0,2.0,6.0,24.0,0.0
1007356,2,活跃潜力用户,0,32.0,0.0,0.0,2.0,4.0,16.0,0.0
1007371,2,活跃潜力用户,1,3.0,0.0,0.0,1.0,3.0,3.0,0.0
1007387,0,高价值忠诚用户,0,90.0,2.0,5.0,5.0,6.0,38.0,0.0
1007388,1,早期沉睡用户,1,43.0,11.0,1.0,2.0,4.0,16.0,0.0
1007391,2,活跃潜力用户,0,153.0,24.0,0.0,2.0,6.0,57.0,0.0
1007393,2,活跃潜力用户,0,5.0,0.0,0.0,0.0,2.0,4.0,1.0
1007396,1,早期沉睡用户,1,215.0,12.0,0.0,2.0,6.0,59.0,0.0
100740,2,活跃潜力用户,0,4.0,0.0,0.0,1.0,2.0,4.0,2.0
1007401,2,活跃潜力用户,0,2.0,0.0,2.0,0.0,4.0,4.0,0.0
1007402,2,活跃潜力用户,1,131.0,2.0,5.0,3.0,5.0,43.0,0.0
1007441,2,活跃潜力用户,0,104.0,8.0,0.0,0.0,6.0,17.0,0.0
1007445,2,活跃潜力用户,0,61.0,2.0,0.0,0.0,6.0,24.0,0.0
1007452,2,活跃潜力用户,0,75.0,4.0,7.0,1.0,6.0,30.0,0.0
1007453,0,高价值忠诚用户,0,32.0,3.0,0.0,1.0,5.0,6.0,0.0
1007476,2,活跃潜力用户,0,146.0,4.0,0.0,0.0,6.0,43.0,0.0
1007479,2,活跃潜力用户,0,61.0,0.0,0.0,1.0,6.0,35.0,0.0
1007484,2,活跃潜力用户,0,52.0,0.0,2.0,2.0,3.0,11.0,2.0
1007486,2,活跃潜力用户,1,24.0,2.0,0.0,1.0,3.0,8.0,0.0
1007495,1,早期沉睡用户,1,196.0,6.0,0.0,1.0,6.0,29.0,0.0
10075,1,早期沉睡用户,1,21.0,6.0,4.0,2.0,6.0,12.0,0.0
1007501,0,高价值忠诚用户,0,74.0,7.0,0.0,3.0,6.0,37.0,0.0
1007503,2,活跃潜力用户,0,30.0,1.0,0.0,0.0,2.0,10.0,3.0
1007506,2,活跃潜力用户,0,62.0,0.0,0.0,0.0,3.0,12.0,0.0
1007511,2,活跃潜力用户,1,12.0,1.0,0.0,2.0,4.0,6.0,0.0
1007513,1,早期沉睡用户,1,99.0,0.0,0.0,3.0,5.0,24.0,0.0
1007539,1,早期沉睡用户,1,29.0,11.0,0.0,2.0,5.0,17.0,0.0
1007550,2,活跃潜力用户,0,134.0,0.0,0.0,0.0,6.0,35.0,0.0
100757,2,活跃潜力用户,0,40.0,17.0,0.0,1.0,4.0,15.0,1.0
1007573,2,活跃潜力用户,0,24.0,0.0,0.0,0.0,3.0,7.0,0.0
1007579,2,活跃潜力用户,0,20.0,2.0,0.0,4.0,3.0,7.0,2.0
1007583,2,活跃潜力用户,0,13.0,3.0,0.0,0.0,2.0,9.0,0.0
1007595,1,早期沉睡用户,1,63.0,1.0,0.0,5.0,5.0,29.0,0.0
1007596,2,活跃潜力用户,1,116.0,9.0,0.0,3.0,5.0,35.0,0.0
1007597,2,活跃潜力用户,0,69.0,0.0,1.0,1.0,6.0,33.0,0.0
100760,1,早期沉睡用户,1,76.0,0.0,3.0,3.0,6.0,28.0,0.0
1007601,2,活跃潜力用户,0,68.0,4.0,0.0,3.0,5.0,18.0,0.0
1007609,2,活跃潜力用户,0,61.0,0.0,0.0,0.0,6.0,25.0,0.0
1007617,1,早期沉睡用户,1,46.0,5.0,0.0,1.0,5.0,11.0,0.0
100762,2,活跃潜力用户,0,166.0,15.0,0.0,0.0,6.0,35.0,0.0
1007624,2,活跃潜力用户,0,4.0,0.0,0.0,0.0,2.0,3.0,0.0
1007629,2,活跃潜力用户,0,149.0,15.0,0.0,2.0,6.0,15.0,0.0
1007635,1,早期沉睡用户,1,18.0,3.0,1.0,1.0,3.0,7.0,0.0
1007642,1,早期沉睡用户,1,158.0,6.0,1.0,1.0,6.0,31.0,0.0
1007644,1,早期沉睡用户,1,57.0,0.0,0.0,1.0,4.0,8.0,0.0
1007659,1,早期沉睡用户,1,49.0,3.0,0.0,1.0,6.0,17.0,0.0
1007665,2,活跃潜力用户,0,58.0,2.0,0.0,0.0,3.0,6.0,1.0
1007670,0,高价值忠诚用户,0,95.0,1.0,0.0,14.0,5.0,30.0,0.0
1007671,2,活跃潜力用户,0,4.0,1.0,0.0,0.0,3.0,4.0,2.0
1007680,1,早期沉睡用户,1,33.0,0.0,0.0,1.0,6.0,9.0,0.0
1007688,2,活跃潜力用户,1,46.0,0.0,2.0,2.0,6.0,31.0,0.0
1007691,2,活跃潜力用户,0,23.0,0.0,0.0,0.0,4.0,8.0,0.0
1007699,2,活跃潜力用户,0,94.0,2.0,0.0,0.0,6.0,21.0,0.0
1007704,2,活跃潜力用户,0,82.0,5.0,0.0,2.0,3.0,6.0,0.0
1007712,1,早期沉睡用户,1,20.0,3.0,0.0,1.0,3.0,10.0,1.0
100772,2,活跃潜力用户,0,29.0,7.0,2.0,0.0,3.0,17.0,3.0
1007724,2,活跃潜力用户,0,15.0,0.0,0.0,0.0,3.0,9.0,0.0
1007739,2,活跃潜力用户,0,12.0,0.0,0.0,0.0,3.0,9.0,1.0
1007747,0,高价值忠诚用户,0,19.0,3.0,2.0,4.0,6.0,11.0,0.0
1007753,2,活跃潜力用户,0,2.0,0.0,0.0,0.0,1.0,2.0,0.0
1007755,0,高价值忠诚用户,0,121.0,0.0,7.0,2.0,6.0,31.0,0.0
1007770,2,活跃潜力用户,1,129.0,5.0,3.0,3.0,6.0,44.0,0.0
1007778,2,活跃潜力用户,0,20.0,0.0,0.0,1.0,3.0,2.0,0.0
1007779,2,活跃潜力用户,0,25.0,4.0,0.0,0.0,6.0,14.0,0.0
1007782,2,活跃潜力用户,0,16.0,0.0,0.0,1.0,3.0,5.0,2.0
1007786,0,高价值忠诚用户,0,143.0,2.0,15.0,9.0,5.0,27.0,0.0
1007791,2,活跃潜力用户,1,37.0,6.0,0.0,2.0,6.0,21.0,0.0
10078,2,活跃潜力用户,0,6.0,0.0,0.0,0.0,2.0,3.0,3.0
1007802,2,活跃潜力用户,0,38.0,4.0,0.0,2.0,3.0,13.0,0.0
1007808,1,早期沉睡用户,1,23.0,5.0,0.0,1.0,5.0,10.0,0.0
100781,1,早期沉睡用户,1,104.0,2.0,0.0,1.0,3.0,14.0,3.0
1007819,1,早期沉睡用户,1,127.0,3.0,6.0,1.0,6.0,20.0,0.0
1007833,1,早期沉睡用户,1,4.0,2.0,0.0,1.0,4.0,5.0,0.0
1007839,2,活跃潜力用户,0,82.0,29.0,3.0,3.0,6.0,47.0,0.0
1007843,2,活跃潜力用户,0,34.0,0.0,0.0,0.0,5.0,12.0,0.0
1007848,0,高价值忠诚用户,0,109.0,6.0,0.0,3.0,6.0,32.0,0.0
1007851,1,早期沉睡用户,1,41.0,1.0,2.0,2.0,5.0,15.0,0.0
1007857,2,活跃潜力用户,0,16.0,0.0,0.0,2.0,4.0,6.0,0.0
1007860,2,活跃潜力用户,0,11.0,0.0,0.0,0.0,5.0,10.0,0.0
1007870,2,活跃潜力用户,1,20.0,3.0,0.0,4.0,6.0,13.0,0.0
1007879,2,活跃潜力用户,0,9.0,2.0,0.0,1.0,2.0,3.0,0.0
1007884,2,活跃潜力用户,1,159.0,9.0,0.0,2.0,6.0,23.0,0.0
1007890,2,活跃潜力用户,0,7.0,6.0,0.0,0.0,4.0,9.0,0.0
1007894,2,活跃潜力用户,1,26.0,2.0,0.0,1.0,4.0,4.0,0.0
1007906,2,活跃潜力用户,0,10.0,0.0,0.0,1.0,4.0,10.0,0.0
1007907,2,活跃潜力用户,0,15.0,3.0,1.0,0.0,4.0,7.0,1.0
1007912,0,高价值忠诚用户,0,175.0,2.0,12.0,13.0,6.0,55.0,0.0
1007919,0,高价值忠诚用户,0,30.0,11.0,0.0,0.0,4.0,9.0,0.0
1007925,0,高价值忠诚用户,0,289.0,6.0,0.0,4.0,6.0,42.0,0.0
1007928,2,活跃潜力用户,0,0.0,1.0,0.0,0.0,1.0,1.0,5.0
1007934,2,活跃潜力用户,0,41.0,1.0,1.0,2.0,4.0,15.0,0.0
100794,2,活跃潜力用户,0,248.0,10.0,0.0,1.0,6.0,50.0,0.0
1007944,1,早期沉睡用户,1,65.0,1.0,0.0,2.0,6.0,19.0,0.0
1007952,0,高价值忠诚用户,0,66.0,1.0,2.0,7.0,4.0,21.0,1.0
1007957,2,活跃潜力用户,0,20.0,3.0,0.0,0.0,4.0,9.0,0.0
1007963,1,早期沉睡用户,1,94.0,1.0,6.0,3.0,5.0,20.0,0.0
1007965,1,早期沉睡用户,1,255.0,8.0,2.0,3.0,6.0,29.0,0.0
100797,0,高价值忠诚用户,0,59.0,0.0,2.0,0.0,6.0,13.0,0.0
1007976,2,活跃潜力用户,0,22.0,0.0,0.0,2.0,6.0,11.0,0.0
1007983,2,活跃潜力用户,0,30.0,2.0,0.0,1.0,6.0,9.0,0.0
1007993,2,活跃潜力用户,0,6.0,0.0,3.0,0.0,4.0,6.0,1.0
100800,2,活跃潜力用户,0,2.0,0.0,0.0,0.0,2.0,2.0,3.0
1008003,2,活跃潜力用户,0,12.0,1.0,0.0,2.0,3.0,6.0,1.0
1008008,2,活跃潜力用户,0,13.0,0.0,2.0,0.0,4.0,9.0,0.0
1008010,1,早期沉睡用户,1,4.0,0.0,0.0,1.0,2.0,2.0,2.0
100803,2,活跃潜力用户,0,73.0,0.0,1.0,2.0,5.0,25.0,0.0
1008037,1,早期沉睡用户,1,22.0,0.0,0.0,1.0,6.0,8.0,0.0
1008042,2,活跃潜力用户,0,32.0,0.0,0.0,0.0,4.0,12.0,0.0
1008044,1,早期沉睡用户,1,47.0,2.0,0.0,1.0,5.0,8.0,0.0
1008055,1,早期沉睡用户,1,65.0,0.0,3.0,1.0,6.0,19.0,0.0
1008062,0,高价值忠诚用户,0,58.0,1.0,0.0,4.0,4.0,30.0,0.0
1008065,2,活跃潜力用户,0,18.0,17.0,0.0,3.0,5.0,14.0,1.0
1008078,2,活跃潜力用户,1,55.0,0.0,0.0,1.0,6.0,21.0,0.0
1008082,2,活跃潜力用户,0,46.0,5.0,0.0,3.0,6.0,25.0,0.0
1008085,0,高价值忠诚用户,1,165.0,3.0,2.0,10.0,5.0,26.0,0.0
1008097,1,早期沉睡用户,1,9.0,0.0,0.0,3.0,5.0,8.0,0.0
1008100,2,活跃潜力用户,0,11.0,0.0,1.0,0.0,4.0,5.0,0.0
1008102,2,活跃潜力用户,0,2.0,0.0,0.0,0.0,1.0,2.0,1.0
1008106,2,活跃潜力用户,0,19.0,1.0,0.0,2.0,4.0,6.0,0.0
1008107,2,活跃潜力用户,0,7.0,0.0,0.0,0.0,3.0,2.0,1.0
100812,0,高价值忠诚用户,0,13.0,1.0,0.0,4.0,5.0,11.0,0.0
1008120,2,活跃潜力用户,0,44.0,9.0,0.0,0.0,5.0,16.0,0.0
1008131,2,活跃潜力用户,0,77.0,0.0,14.0,1.0,6.0,37.0,0.0
1008137,0,高价值忠诚用户,0,70.0,9.0,0.0,4.0,6.0,17.0,0.0
100814,2,活跃潜力用户,0,240.0,13.0,0.0,1.0,6.0,61.0,0.0
1008148,2,活跃潜力用户,0,21.0,1.0,1.0,0.0,2.0,2.0,1.0
100815,1,早期沉睡用户,1,37.0,3.0,0.0,1.0,6.0,19.0,0.0
1008151,2,活跃潜力用户,0,2.0,1.0,0.0,0.0,1.0,3.0,3.0
1008152,2,活跃潜力用户,1,64.0,3.0,2.0,2.0,6.0,23.0,0.0
100816,1,早期沉睡用户,1,10.0,1.0,0.0,1.0,4.0,6.0,0.0
1008162,2,活跃潜力用户,0,63.0,9.0,0.0,1.0,6.0,29.0,0.0
1008174,0,高价值忠诚用户,0,191.0,13.0,0.0,5.0,6.0,35.0,0.0
1008183,1,早期沉睡用户,1,50.0,0.0,0.0,4.0,6.0,36.0,0.0
1008184,2,活跃潜力用户,0,30.0,0.0,2.0,1.0,6.0,16.0,0.0
1008187,2,活跃潜力用户,0,52.0,0.0,0.0,1.0,5.0,20.0,1.0
100821,2,活跃潜力用户,0,42.0,4.0,3.0,0.0,5.0,19.0,1.0
1008212,2,活跃潜力用户,0,1.0,0.0,0.0,0.0,1.0,1.0,1.0
1008215,2,活跃潜力用户,0,58.0,6.0,0.0,1.0,6.0,22.0,0.0
1008217,1,早期沉睡用户,1,27.0,7.0,0.0,2.0,5.0,15.0,0.0
100822,2,活跃潜力用户,0,15.0,0.0,0.0,1.0,4.0,10.0,0.0
1008221,0,高价值忠诚用户,0,141.0,5.0,11.0,5.0,6.0,40.0,0.0
1008230,0,高价值忠诚用户,0,115.0,23.0,0.0,10.0,6.0,30.0,0.0
1008231,1,早期沉睡用户,1,8.0,0.0,0.0,1.0,2.0,5.0,2.0
1008241,2,活跃潜力用户,1,40.0,4.0,0.0,3.0,5.0,23.0,0.0
1008245,0,高价值忠诚用户,0,19.0,5.0,7.0,4.0,5.0,18.0,0.0
1008253,2,活跃潜力用户,0,13.0,3.0,0.0,0.0,4.0,12.0,1.0
1008255,1,早期沉睡用户,1,107.0,6.0,0.0,1.0,6.0,23.0,0.0
1008257,2,活跃潜力用户,0,10.0,3.0,0.0,0.0,3.0,7.0,2.0
1008258,1,早期沉睡用户,1,32.0,3.0,0.0,1.0,6.0,23.0,0.0
1008275,0,高价值忠诚用户,0,90.0,2.0,3.0,17.0,6.0,54.0,0.0
1008287,2,活跃潜力用户,0,17.0,0.0,0.0,0.0,4.0,5.0,0.0
1008289,0,高价值忠诚用户,0,67.0,0.0,9.0,1.0,4.0,10.0,0.0
1008295,1,早期沉睡用户,1,283.0,0.0,94.0,4.0,5.0,94.0,0.0
1008302,2,活跃潜力用户,0,24.0,0.0,1.0,0.0,4.0,4.0,0.0
1008323,2,活跃潜力用户,0,2.0,0.0,0.0,0.0,2.0,2.0,1.0
1008333,2,活跃潜力用户,1,23.0,11.0,0.0,3.0,2.0,20.0,0.0
1008349,2,活跃潜力用户,0,24.0,2.0,0.0,0.0,3.0,6.0,1.0
1008366,1,早期沉睡用户,1,10.0,0.0,0.0,2.0,2.0,4.0,1.0
1008370,2,活跃潜力用户,0,41.0,0.0,2.0,2.0,4.0,10.0,0.0
1008376,1,早期沉睡用户,1,73.0,3.0,0.0,1.0,6.0,24.0,0.0
1008378,2,活跃潜力用户,0,33.0,1.0,0.0,2.0,5.0,15.0,0.0
1008380,3,超级用户,1,125.0,28.0,0.0,57.0,4.0,28.0,1.0
1008382,1,早期沉睡用户,1,98.0,8.0,1.0,1.0,6.0,34.0,0.0
1008385,1,早期沉睡用户,1,120.0,1.0,7.0,4.0,6.0,57.0,0.0
1008387,2,活跃潜力用户,0,5.0,1.0,0.0,0.0,2.0,4.0,3.0
1008391,2,活跃潜力用户,0,137.0,12.0,0.0,2.0,4.0,36.0,0.0
1008392,2,活跃潜力用户,0,3.0,0.0,0.0,0.0,1.0,2.0,4.0
1008401,1,早期沉睡用户,1,67.0,5.0,0.0,1.0,6.0,22.0,0.0
1008405,2,活跃潜力用户,1,51.0,0.0,3.0,3.0,6.0,16.0,0.0
1008411,1,早期沉睡用户,1,15.0,1.0,0.0,1.0,4.0,12.0,1.0
1008415,1,早期沉睡用户,1,59.0,4.0,0.0,1.0,6.0,29.0,0.0
1008418,2,活跃潜力用户,1,37.0,0.0,8.0,1.0,5.0,17.0,0.0
1008425,2,活跃潜力用户,0,54.0,4.0,0.0,1.0,6.0,20.0,0.0
1008427,2,活跃潜力用户,0,19.0,0.0,0.0,0.0,1.0,10.0,5.0
1008429,1,早期沉睡用户,1,38.0,3.0,0.0,2.0,4.0,14.0,2.0
1008430,2,活跃潜力用户,0,9.0,3.0,0.0,1.0,5.0,9.0,0.0
100847,2,活跃潜力用户,0,35.0,5.0,1.0,1.0,4.0,15.0,2.0
1008481,1,早期沉睡用户,1,37.0,1.0,0.0,2.0,6.0,19.0,0.0
1008485,2,活跃潜力用户,0,16.0,8.0,0.0,0.0,2.0,3.0,2.0
1008489,1,早期沉睡用户,1,24.0,0.0,0.0,1.0,4.0,16.0,1.0
1008500,1,早期沉睡用户,1,44.0,3.0,0.0,2.0,4.0,31.0,0.0
1008502,1,早期沉睡用户,1,161.0,0.0,1.0,2.0,6.0,50.0,0.0
1008531,2,活跃潜力用户,1,9.0,1.0,0.0,1.0,3.0,3.0,0.0
1008557,2,活跃潜力用户,0,60.0,3.0,4.0,1.0,5.0,18.0,0.0
100856,2,活跃潜力用户,0,10.0,1.0,1.0,1.0,4.0,5.0,1.0
1008586,2,活跃潜力用户,0,114.0,1.0,10.0,0.0,6.0,41.0,0.0
1008587,2,活跃潜力用户,0,68.0,5.0,1.0,2.0,6.0,19.0,0.0
1008590,2,活跃潜力用户,0,33.0,0.0,0.0,0.0,5.0,16.0,0.0
10086,1,早期沉睡用户,1,17.0,1.0,1.0,2.0,4.0,7.0,0.0
100860,0,高价值忠诚用户,0,81.0,10.0,0.0,2.0,6.0,22.0,0.0
1008612,1,早期沉睡用户,1,115.0,11.0,0.0,2.0,5.0,32.0,1.0
1008614,2,活跃潜力用户,0,124.0,8.0,12.0,2.0,6.0,20.0,0.0
1008615,2,活跃潜力用户,0,123.0,2.0,0.0,0.0,6.0,12.0,0.0
100865,2,活跃潜力用户,0,92.0,5.0,3.0,0.0,6.0,38.0,0.0
1008652,2,活跃潜力用户,0,11.0,0.0,0.0,0.0,4.0,6.0,0.0
1008661,2,活跃潜力用户,0,5.0,0.0,2.0,0.0,3.0,4.0,1.0
1008665,1,早期沉睡用户,1,10.0,0.0,0.0,2.0,5.0,7.0,0.0
1008674,2,活跃潜力用户,1,151.0,5.0,0.0,1.0,6.0,31.0,0.0
1008681,2,活跃潜力用户,0,54.0,0.0,0.0,3.0,5.0,23.0,0.0
1008684,2,活跃潜力用户,0,45.0,2.0,0.0,0.0,4.0,8.0,0.0
1008685,2,活跃潜力用户,0,15.0,0.0,5.0,1.0,2.0,9.0,0.0
1008698,2,活跃潜力用户,0,9.0,1.0,0.0,2.0,4.0,7.0,1.0
100871,2,活跃潜力用户,0,42.0,9.0,0.0,2.0,6.0,10.0,0.0
1008711,1,早期沉睡用户,1,167.0,0.0,9.0,1.0,6.0,37.0,0.0
1008726,2,活跃潜力用户,0,10.0,0.0,0.0,1.0,3.0,7.0,1.0
1008729,2,活跃潜力用户,0,1.0,0.0,0.0,0.0,1.0,1.0,3.0
1008733,2,活跃潜力用户,1,78.0,7.0,0.0,2.0,6.0,15.0,0.0
1008737,1,早期沉睡用户,1,181.0,12.0,0.0,1.0,5.0,29.0,0.0
1008744,1,早期沉睡用户,1,52.0,1.0,0.0,1.0,4.0,8.0,1.0
1008748,2,活跃潜力用户,1,76.0,7.0,0.0,2.0,4.0,18.0,0.0
1008749,1,早期沉睡用户,1,57.0,4.0,0.0,1.0,6.0,21.0,0.0
1008757,2,活跃潜力用户,0,14.0,0.0,4.0,0.0,3.0,9.0,1.0
1008764,1,早期沉睡用户,1,27.0,2.0,0.0,2.0,4.0,6.0,0.0
100877,1,早期沉睡用户,1,102.0,0.0,3.0,1.0,4.0,6.0,0.0
1008777,2,活跃潜力用户,0,21.0,3.0,0.0,0.0,4.0,7.0,0.0
1008779,2,活跃潜力用户,0,38.0,2.0,0.0,3.0,6.0,17.0,0.0
1008786,0,高价值忠诚用户,0,11.0,1.0,0.0,2.0,3.0,8.0,0.0
1008791,1,早期沉睡用户,1,91.0,7.0,0.0,1.0,5.0,19.0,0.0
1008793,2,活跃潜力用户,0,6.0,0.0,0.0,0.0,1.0,2.0,0.0
1008794,2,活跃潜力用户,0,52.0,1.0,5.0,2.0,4.0,6.0,0.0
1008799,0,高价值忠诚用户,1,155.0,3.0,1.0,15.0,6.0,29.0,0.0
1008820,2,活跃潜力用户,0,6.0,0.0,0.0,1.0,2.0,5.0,2.0
1008829,2,活跃潜力用户,1,82.0,17.0,3.0,1.0,5.0,38.0,0.0
1008830,0,高价值忠诚用户,1,262.0,56.0,4.0,17.0,6.0,47.0,0.0
1008832,1,早期沉睡用户,1,8.0,0.0,0.0,1.0,2.0,2.0,2.0
1008834,2,活跃潜力用户,1,27.0,3.0,0.0,3.0,3.0,11.0,0.0
1008842,0,高价值忠诚用户,0,198.0,21.0,0.0,5.0,5.0,26.0,0.0
1008846,2,活跃潜力用户,0,9.0,0.0,0.0,0.0,3.0,6.0,0.0
1008849,2,活跃潜力用户,1,53.0,4.0,2.0,2.0,5.0,11.0,0.0
1008860,2,活跃潜力用户,0,40.0,3.0,0.0,1.0,5.0,22.0,0.0
1008868,1,早期沉睡用户,1,11.0,0.0,0.0,1.0,5.0,7.0,0.0
1008870,1,早期沉睡用户,1,76.0,5.0,0.0,5.0,6.0,31.0,0.0
1008879,2,活跃潜力用户,0,11.0,1.0,0.0,0.0,3.0,4.0,1.0
1008882,2,活跃潜力用户,0,33.0,7.0,1.0,1.0,4.0,13.0,2.0
1008883,1,早期沉睡用户,1,269.0,6.0,0.0,3.0,6.0,22.0,0.0
1008891,0,高价值忠诚用户,0,25.0,2.0,0.0,2.0,3.0,14.0,0.0
1008899,1,早期沉睡用户,1,54.0,1.0,0.0,1.0,5.0,20.0,1.0
1008904,0,高价值忠诚用户,0,91.0,12.0,0.0,4.0,5.0,26.0,0.0
1008905,2,活跃潜力用户,1,33.0,8.0,0.0,1.0,4.0,12.0,0.0
1008906,1,早期沉睡用户,1,30.0,0.0,0.0,3.0,6.0,8.0,0.0
1008909,1,早期沉睡用户,1,67.0,2.0,0.0,1.0,6.0,21.0,0.0
100891,1,早期沉睡用户,1,125.0,0.0,13.0,2.0,6.0,38.0,0.0
1008916,0,高价值忠诚用户,0,35.0,5.0,0.0,0.0,5.0,17.0,0.0
100893,2,活跃潜力用户,1,96.0,13.0,0.0,1.0,6.0,22.0,0.0
1008933,2,活跃潜力用户,0,317.0,9.0,0.0,0.0,5.0,91.0,0.0
1008934,2,活跃潜力用户,0,24.0,0.0,0.0,1.0,3.0,12.0,0.0
1008938,2,活跃潜力用户,1,6.0,0.0,0.0,1.0,3.0,3.0,0.0
1008956,1,早期沉睡用户,1,77.0,14.0,0.0,1.0,4.0,37.0,0.0
1008961,2,活跃潜力用户,0,52.0,8.0,0.0,3.0,5.0,23.0,0.0
1008963,2,活跃潜力用户,0,30.0,4.0,0.0,0.0,4.0,22.0,0.0
1008972,0,高价值忠诚用户,0,118.0,0.0,1.0,8.0,6.0,52.0,0.0
1008985,1,早期沉睡用户,1,118.0,12.0,5.0,2.0,6.0,34.0,0.0
1008993,0,高价值忠诚用户,1,56.0,0.0,3.0,6.0,5.0,16.0,0.0
1008994,0,高价值忠诚用户,1,268.0,8.0,4.0,9.0,6.0,61.0,0.0
1009003,2,活跃潜力用户,1,5.0,1.0,0.0,1.0,2.0,5.0,0.0
1009005,2,活跃潜力用户,0,107.0,0.0,10.0,2.0,5.0,14.0,0.0
100901,2,活跃潜力用户,0,14.0,0.0,0.0,0.0,3.0,7.0,0.0
1009011,2,活跃潜力用户,0,41.0,0.0,1.0,0.0,4.0,13.0,0.0
1009013,0,高价值忠诚用户,0,49.0,1.0,2.0,0.0,4.0,21.0,0.0
1009021,2,活跃潜力用户,0,54.0,0.0,2.0,1.0,3.0,18.0,0.0
1009023,1,早期沉睡用户,1,24.0,0.0,3.0,1.0,3.0,9.0,1.0
1009026,2,活跃潜力用户,0,60.0,0.0,2.0,2.0,4.0,15.0,0.0
1009046,0,高价值忠诚用户,0,83.0,0.0,0.0,3.0,6.0,36.0,0.0
1009050,1,早期沉睡用户,1,44.0,2.0,0.0,1.0,3.0,17.0,0.0
1009056,2,活跃潜力用户,0,15.0,0.0,1.0,2.0,1.0,6.0,5.0
1009070,0,高价值忠诚用户,0,239.0,4.0,2.0,7.0,6.0,46.0,0.0
1009073,1,早期沉睡用户,1,58.0,0.0,8.0,1.0,6.0,17.0,0.0
1009104,2,活跃潜力用户,0,5.0,0.0,0.0,0.0,3.0,3.0,0.0
1009107,1,早期沉睡用户,1,110.0,0.0,5.0,1.0,6.0,25.0,0.0
1009121,2,活跃潜力用户,0,30.0,1.0,0.0,1.0,4.0,15.0,0.0
1009123,2,活跃潜力用户,0,15.0,2.0,7.0,0.0,4.0,6.0,2.0
1009129,2,活跃潜力用户,0,12.0,0.0,0.0,2.0,3.0,5.0,0.0
1009135,2,活跃潜力用户,0,27.0,3.0,0.0,0.0,5.0,8.0,1.0
1009141,1,早期沉睡用户,1,53.0,1.0,0.0,1.0,4.0,18.0,1.0
1009153,2,活跃潜力用户,0,74.0,8.0,0.0,1.0,6.0,17.0,0.0
1009155,1,早期沉睡用户,1,177.0,2.0,0.0,3.0,6.0,27.0,0.0
1009158,2,活跃潜力用户,0,81.0,2.0,0.0,2.0,5.0,18.0,1.0
1009165,2,活跃潜力用户,0,22.0,2.0,0.0,0.0,4.0,7.0,0.0
10092,1,早期沉睡用户,1,17.0,5.0,0.0,1.0,5.0,8.0,0.0
1009202,2,活跃潜力用户,0,39.0,0.0,0.0,2.0,6.0,8.0,0.0
1009211,0,高价值忠诚用户,0,9.0,0.0,0.0,1.0,2.0,7.0,3.0
1009217,2,活跃潜力用户,0,7.0,2.0,0.0,0.0,3.0,5.0,0.0
1009221,2,活跃潜力用户,0,118.0,1.0,0.0,1.0,3.0,11.0,1.0
1009225,2,活跃潜力用户,1,93.0,7.0,5.0,3.0,5.0,42.0,0.0
1009233,2,活跃潜力用户,1,107.0,17.0,16.0,2.0,6.0,19.0,0.0
1009237,1,早期沉睡用户,1,172.0,7.0,10.0,2.0,6.0,22.0,0.0
1009243,2,活跃潜力用户,0,5.0,3.0,0.0,0.0,3.0,6.0,2.0
100925,2,活跃潜力用户,0,68.0,3.0,2.0,2.0,5.0,35.0,0.0
1009254,2,活跃潜力用户,1,237.0,16.0,0.0,1.0,6.0,39.0,0.0
1009257,1,早期沉睡用户,1,209.0,10.0,0.0,4.0,6.0,21.0,0.0
100927,1,早期沉睡用户,1,32.0,0.0,0.0,1.0,5.0,11.0,0.0
1009283,1,早期沉睡用户,1,78.0,10.0,0.0,2.0,6.0,31.0,0.0
1009285,2,活跃潜力用户,0,80.0,6.0,0.0,3.0,5.0,37.0,0.0
1009291,2,活跃潜力用户,0,73.0,11.0,0.0,1.0,5.0,19.0,1.0
1009322,1,早期沉睡用户,1,5.0,0.0,1.0,1.0,4.0,6.0,0.0
1009328,2,活跃潜力用户,0,25.0,0.0,0.0,0.0,2.0,12.0,1.0
100933,1,早期沉睡用户,1,6.0,2.0,0.0,1.0,5.0,6.0,0.0
1009352,2,活跃潜力用户,0,43.0,0.0,0.0,1.0,4.0,13.0,0.0
1009384,2,活跃潜力用户,1,43.0,2.0,5.0,1.0,4.0,23.0,0.0
1009385,1,早期沉睡用户,1,9.0,0.0,0.0,2.0,3.0,7.0,1.0
1009391,0,高价值忠诚用户,0,17.0,2.0,0.0,4.0,4.0,8.0,0.0
1009396,2,活跃潜力用户,1,202.0,2.0,3.0,2.0,5.0,33.0,0.0
1009402,2,活跃潜力用户,0,28.0,4.0,0.0,0.0,3.0,13.0,0.0
1009405,2,活跃潜力用户,1,293.0,6.0,0.0,3.0,6.0,43.0,0.0
1009407,2,活跃潜力用户,0,66.0,8.0,0.0,0.0,6.0,21.0,0.0
1009410,0,高价值忠诚用户,0,24.0,4.0,0.0,7.0,6.0,22.0,0.0
1009415,1,早期沉睡用户,1,14.0,0.0,2.0,1.0,4.0,14.0,0.0
1009417,0,高价值忠诚用户,0,61.0,1.0,1.0,3.0,5.0,39.0,0.0
1009418,1,早期沉睡用户,1,31.0,6.0,0.0,1.0,3.0,4.0,1.0
1009420,2,活跃潜力用户,0,18.0,2.0,0.0,0.0,6.0,12.0,0.0
1009424,1,早期沉睡用户,1,10.0,1.0,0.0,1.0,4.0,9.0,0.0
1009437,0,高价值忠诚用户,0,11.0,2.0,0.0,2.0,3.0,8.0,0.0
1009440,2,活跃潜力用户,1,41.0,4.0,0.0,1.0,5.0,16.0,0.0
1009441,2,活跃潜力用户,0,70.0,0.0,0.0,1.0,5.0,11.0,0.0
1009457,2,活跃潜力用户,0,77.0,9.0,14.0,0.0,6.0,36.0,0.0
1009465,2,活跃潜力用户,0,36.0,1.0,0.0,0.0,3.0,5.0,3.0
1009469,1,早期沉睡用户,1,29.0,0.0,0.0,2.0,4.0,9.0,0.0
1009472,2,活跃潜力用户,0,82.0,3.0,1.0,1.0,6.0,48.0,0.0
1009501,0,高价值忠诚用户,0,66.0,5.0,0.0,14.0,6.0,36.0,0.0
1009508,2,活跃潜力用户,0,35.0,3.0,0.0,0.0,5.0,10.0,0.0
1009512,2,活跃潜力用户,0,23.0,1.0,0.0,2.0,3.0,11.0,0.0
1009516,0,高价值忠诚用户,0,50.0,1.0,1.0,0.0,6.0,26.0,0.0
1009524,2,活跃潜力用户,0,25.0,1.0,1.0,1.0,4.0,9.0,0.0
1009529,2,活跃潜力用户,0,27.0,2.0,1.0,2.0,4.0,18.0,0.0
1009532,0,高价值忠诚用户,0,101.0,1.0,0.0,3.0,5.0,13.0,0.0
1009533,1,早期沉睡用户,1,106.0,6.0,0.0,2.0,6.0,27.0,0.0
1009542,2,活跃潜力用户,0,37.0,7.0,0.0,1.0,3.0,23.0,1.0
1009551,2,活跃潜力用户,0,52.0,4.0,0.0,0.0,5.0,12.0,0.0
1009553,1,早期沉睡用户,1,8.0,1.0,0.0,1.0,4.0,8.0,1.0
1009558,1,早期沉睡用户,1,49.0,1.0,0.0,1.0,5.0,25.0,0.0
1009559,2,活跃潜力用户,0,158.0,7.0,1.0,2.0,4.0,27.0,0.0
1009575,2,活跃潜力用户,0,22.0,4.0,0.0,0.0,5.0,15.0,0.0
1009587,2,活跃潜力用户,0,23.0,4.0,0.0,1.0,5.0,11.0,0.0
10096,1,早期沉睡用户,1,34.0,0.0,0.0,1.0,4.0,15.0,0.0
1009608,2,活跃潜力用户,0,110.0,1.0,3.0,1.0,5.0,19.0,0.0
1009611,0,高价值忠诚用户,0,210.0,30.0,0.0,2.0,5.0,34.0,0.0
1009619,2,活跃潜力用户,0,215.0,3.0,14.0,0.0,6.0,30.0,0.0
1009623,2,活跃潜力用户,1,91.0,0.0,0.0,2.0,5.0,22.0,0.0
1009626,1,早期沉睡用户,1,11.0,1.0,0.0,1.0,3.0,3.0,1.0
1009630,1,早期沉睡用户,1,46.0,0.0,23.0,1.0,4.0,16.0,1.0
1009639,2,活跃潜力用户,0,12.0,1.0,0.0,0.0,4.0,8.0,1.0
1009645,2,活跃潜力用户,0,41.0,3.0,0.0,0.0,5.0,20.0,1.0
1009657,2,活跃潜力用户,1,68.0,2.0,0.0,2.0,3.0,10.0,0.0
1009666,2,活跃潜力用户,0,176.0,6.0,0.0,2.0,5.0,16.0,0.0
1009673,2,活跃潜力用户,0,29.0,8.0,0.0,3.0,3.0,14.0,2.0
1009684,2,活跃潜力用户,0,13.0,2.0,0.0,0.0,3.0,9.0,0.0
1009687,1,早期沉睡用户,1,52.0,1.0,0.0,1.0,5.0,26.0,0.0
100970,1,早期沉睡用户,1,9.0,3.0,0.0,1.0,3.0,6.0,2.0
1009712,2,活跃潜力用户,1,46.0,13.0,1.0,4.0,4.0,11.0,0.0
1009718,2,活跃潜力用户,0,46.0,11.0,0.0,2.0,5.0,17.0,0.0
1009719,2,活跃潜力用户,0,10.0,1.0,0.0,0.0,4.0,7.0,0.0
1009722,1,早期沉睡用户,1,112.0,15.0,0.0,3.0,6.0,21.0,0.0
1009724,1,早期沉睡用户,1,23.0,5.0,0.0,1.0,5.0,13.0,1.0
1009741,1,早期沉睡用户,1,49.0,0.0,0.0,2.0,6.0,13.0,0.0
1009748,2,活跃潜力用户,0,140.0,2.0,9.0,0.0,6.0,44.0,0.0
1009753,2,活跃潜力用户,0,88.0,0.0,0.0,1.0,6.0,30.0,0.0
1009765,1,早期沉睡用户,1,209.0,16.0,0.0,2.0,5.0,26.0,0.0
1009768,2,活跃潜力用户,0,24.0,3.0,0.0,2.0,5.0,9.0,0.0
100977,1,早期沉睡用户,1,36.0,2.0,0.0,3.0,5.0,10.0,0.0
1009771,2,活跃潜力用户,0,70.0,2.0,0.0,0.0,5.0,23.0,0.0
1009776,1,早期沉睡用户,1,22.0,1.0,0.0,1.0,4.0,7.0,2.0
1009798,1,早期沉睡用户,1,28.0,3.0,1.0,3.0,6.0,9.0,0.0
1009803,2,活跃潜力用户,0,126.0,11.0,0.0,1.0,4.0,27.0,0.0
1009822,0,高价值忠诚用户,0,69.0,7.0,0.0,0.0,6.0,29.0,0.0
1009825,1,早期沉睡用户,1,39.0,1.0,2.0,2.0,6.0,22.0,0.0
1009832,1,早期沉睡用户,1,38.0,5.0,0.0,2.0,3.0,7.0,1.0
1009833,0,高价值忠诚用户,0,102.0,9.0,0.0,4.0,6.0,32.0,0.0
1009853,2,活跃潜力用户,0,8.0,0.0,6.0,0.0,1.0,9.0,5.0
1009859,1,早期沉睡用户,1,120.0,9.0,0.0,5.0,6.0,28.0,0.0
1009860,1,早期沉睡用户,1,86.0,3.0,0.0,1.0,6.0,13.0,0.0
1009869,2,活跃潜力用户,0,7.0,0.0,0.0,1.0,4.0,6.0,0.0
1009880,2,活跃潜力用户,0,108.0,1.0,21.0,2.0,6.0,15.0,0.0
1009884,1,早期沉睡用户,1,62.0,1.0,11.0,5.0,5.0,17.0,0.0
1009888,2,活跃潜力用户,0,56.0,21.0,0.0,0.0,4.0,22.0,1.0
1009898,0,高价值忠诚用户,0,187.0,11.0,0.0,2.0,6.0,34.0,0.0
100992,2,活跃潜力用户,0,31.0,2.0,0.0,1.0,5.0,16.0,0.0
1009932,2,活跃潜力用户,0,86.0,4.0,1.0,1.0,4.0,14.0,1.0
1009933,1,早期沉睡用户,1,52.0,9.0,0.0,2.0,6.0,11.0,0.0
1009934,0,高价值忠诚用户,0,186.0,16.0,0.0,6.0,5.0,27.0,0.0
1009938,1,早期沉睡用户,1,74.0,20.0,1.0,2.0,5.0,12.0,1.0
1009940,1,早期沉睡用户,1,67.0,3.0,0.0,2.0,4.0,17.0,1.0
1009947,1,早期沉睡用户,1,95.0,0.0,0.0,1.0,6.0,18.0,0.0
1009948,2,活跃潜力用户,1,235.0,2.0,0.0,2.0,6.0,82.0,0.0
1009949,2,活跃潜力用户,0,33.0,2.0,1.0,0.0,5.0,14.0,0.0
1009950,2,活跃潜力用户,0,9.0,0.0,1.0,0.0,2.0,5.0,1.0
1009982,1,早期沉睡用户,1,37.0,4.0,1.0,1.0,5.0,17.0,0.0
1009997,2,活跃潜力用户,0,28.0,1.0,0.0,1.0,5.0,9.0,0.0
1010001,1,早期沉睡用户,1,21.0,0.0,0.0,2.0,3.0,7.0,1.0
1010006,1,早期沉睡用户,1,122.0,15.0,7.0,4.0,5.0,41.0,1.0
101001,2,活跃潜力用户,0,92.0,3.0,0.0,2.0,6.0,18.0,0.0
1010016,2,活跃潜力用户,0,16.0,0.0,0.0,1.0,2.0,5.0,0.0
1010017,2,活跃潜力用户,0,115.0,5.0,0.0,1.0,3.0,17.0,3.0
101003,0,高价值忠诚用户,1,70.0,1.0,1.0,6.0,6.0,12.0,0.0
1010032,2,活跃潜力用户,0,98.0,4.0,0.0,0.0,5.0,19.0,1.0
1010040,2,活跃潜力用户,0,56.0,8.0,0.0,2.0,5.0,24.0,0.0
1010043,2,活跃潜力用户,0,46.0,1.0,4.0,1.0,6.0,29.0,0.0
1010044,2,活跃潜力用户,1,87.0,8.0,1.0,3.0,6.0,18.0,0.0
1010047,1,早期沉睡用户,1,11.0,1.0,1.0,2.0,5.0,8.0,0.0
1010050,1,早期沉睡用户,1,2.0,0.0,0.0,1.0,2.0,3.0,2.0
1010051,2,活跃潜力用户,0,27.0,4.0,12.0,4.0,6.0,14.0,0.0
1010079,0,高价值忠诚用户,0,4.0,1.0,0.0,1.0,3.0,3.0,2.0
101008,0,高价值忠诚用户,0,62.0,2.0,9.0,5.0,6.0,22.0,0.0
1010088,2,活跃潜力用户,0,59.0,7.0,0.0,0.0,4.0,12.0,0.0
1010093,2,活跃潜力用户,0,10.0,0.0,0.0,3.0,4.0,7.0,2.0
1010121,1,早期沉睡用户,1,153.0,5.0,0.0,2.0,5.0,26.0,0.0
1010125,0,高价值忠诚用户,0,63.0,7.0,1.0,4.0,6.0,27.0,0.0
1010129,1,早期沉睡用户,1,154.0,14.0,0.0,3.0,6.0,23.0,0.0
101013,2,活跃潜力用户,0,41.0,0.0,1.0,0.0,5.0,27.0,0.0
1010133,2,活跃潜力用户,0,71.0,2.0,0.0,0.0,5.0,17.0,0.0
1010149,2,活跃潜力用户,0,161.0,0.0,5.0,0.0,2.0,26.0,3.0
1010155,1,早期沉睡用户,1,16.0,3.0,0.0,1.0,4.0,5.0,0.0
1010157,2,活跃潜力用户,0,43.0,2.0,0.0,2.0,6.0,12.0,0.0
1010170,0,高价值忠诚用户,0,20.0,0.0,2.0,0.0,3.0,8.0,1.0
1010173,1,早期沉睡用户,1,31.0,11.0,0.0,2.0,5.0,13.0,0.0
1010177,2,活跃潜力用户,0,7.0,1.0,0.0,0.0,3.0,3.0,0.0
1010189,2,活跃潜力用户,0,79.0,2.0,0.0,1.0,4.0,16.0,0.0
1010198,2,活跃潜力用户,0,25.0,4.0,0.0,1.0,4.0,7.0,2.0
1010199,1,早期沉睡用户,1,15.0,0.0,0.0,1.0,5.0,13.0,0.0
1010204,1,早期沉睡用户,1,64.0,3.0,3.0,1.0,6.0,16.0,0.0
1010205,2,活跃潜力用户,0,95.0,12.0,6.0,1.0,6.0,28.0,0.0
1010208,2,活跃潜力用户,1,102.0,10.0,1.0,3.0,6.0,20.0,0.0
101021,1,早期沉睡用户,1,19.0,1.0,0.0,2.0,5.0,9.0,0.0
1010210,1,早期沉睡用户,1,15.0,2.0,0.0,1.0,4.0,6.0,0.0
1010211,1,早期沉睡用户,1,34.0,0.0,0.0,2.0,5.0,23.0,1.0
1010214,1,早期沉睡用户,1,71.0,5.0,0.0,1.0,5.0,17.0,0.0
1010215,1,早期沉睡用户,1,25.0,0.0,6.0,2.0,5.0,12.0,0.0
1010219,0,高价值忠诚用户,0,26.0,2.0,0.0,0.0,5.0,12.0,0.0
101023,0,高价值忠诚用户,0,63.0,12.0,0.0,5.0,6.0,24.0,0.0
1010231,1,早期沉睡用户,1,43.0,5.0,1.0,1.0,5.0,18.0,0.0
1010238,2,活跃潜力用户,1,44.0,0.0,1.0,2.0,6.0,30.0,0.0
101024,1,早期沉睡用户,1,66.0,16.0,0.0,2.0,6.0,8.0,0.0
1010254,2,活跃潜力用户,1,48.0,1.0,0.0,1.0,6.0,20.0,0.0
1010263,1,早期沉睡用户,1,6.0,1.0,1.0,1.0,3.0,5.0,0.0
1010267,1,早期沉睡用户,1,153.0,4.0,1.0,4.0,5.0,47.0,0.0
1010269,1,早期沉睡用户,1,122.0,16.0,1.0,3.0,6.0,54.0,0.0
1010279,2,活跃潜力用户,0,86.0,7.0,0.0,2.0,5.0,27.0,0.0
1010280,0,高价值忠诚用户,0,91.0,16.0,0.0,6.0,6.0,33.0,0.0
1010281,0,高价值忠诚用户,0,94.0,11.0,6.0,2.0,6.0,15.0,0.0
1010288,3,超级用户,0,120.0,13.0,2.0,29.0,6.0,55.0,0.0
1010299,0,高价值忠诚用户,0,33.0,6.0,2.0,5.0,6.0,16.0,0.0
1010306,2,活跃潜力用户,0,68.0,6.0,0.0,0.0,3.0,15.0,2.0
1010311,1,早期沉睡用户,1,143.0,12.0,0.0,1.0,6.0,30.0,0.0
1010325,2,活跃潜力用户,1,14.0,1.0,0.0,1.0,3.0,8.0,0.0
1010327,1,早期沉睡用户,1,241.0,0.0,27.0,4.0,5.0,41.0,0.0
101033,2,活跃潜力用户,0,10.0,3.0,0.0,0.0,1.0,1.0,4.0
1010330,2,活跃潜力用户,0,12.0,0.0,0.0,0.0,4.0,9.0,0.0
1010333,0,高价值忠诚用户,0,119.0,14.0,0.0,11.0,6.0,31.0,0.0
1010343,2,活跃潜力用户,1,49.0,6.0,0.0,2.0,3.0,19.0,0.0
1010347,1,早期沉睡用户,1,43.0,4.0,6.0,3.0,6.0,18.0,0.0
1010362,2,活跃潜力用户,0,1.0,0.0,0.0,0.0,1.0,1.0,1.0
1010373,2,活跃潜力用户,0,16.0,4.0,4.0,1.0,6.0,15.0,0.0
1010376,2,活跃潜力用户,0,58.0,1.0,0.0,0.0,4.0,21.0,0.0
1010381,0,高价值忠诚用户,0,56.0,9.0,2.0,4.0,5.0,21.0,1.0
1010391,1,早期沉睡用户,1,77.0,1.0,7.0,2.0,6.0,33.0,0.0
1010396,2,活跃潜力用户,0,138.0,0.0,0.0,2.0,4.0,22.0,0.0
1010399,0,高价值忠诚用户,0,96.0,4.0,0.0,3.0,6.0,31.0,0.0
1010411,2,活跃潜力用户,1,44.0,1.0,0.0,3.0,5.0,10.0,0.0
1010416,1,早期沉睡用户,1,37.0,1.0,0.0,3.0,4.0,17.0,1.0
1010418,2,活跃潜力用户,0,88.0,0.0,4.0,1.0,6.0,18.0,0.0
1010427,2,活跃潜力用户,0,59.0,0.0,2.0,1.0,5.0,17.0,1.0
1010433,2,活跃潜力用户,0,45.0,6.0,0.0,1.0,5.0,13.0,1.0
1010439,1,早期沉睡用户,1,176.0,9.0,0.0,1.0,5.0,32.0,0.0
1010445,2,活跃潜力用户,0,5.0,0.0,0.0,0.0,1.0,4.0,1.0
1010453,0,高价值忠诚用户,0,30.0,10.0,0.0,3.0,5.0,14.0,0.0
1010455,2,活跃潜力用户,0,16.0,6.0,0.0,0.0,4.0,8.0,2.0
1010456,2,活跃潜力用户,0,38.0,0.0,1.0,0.0,6.0,14.0,0.0
101047,2,活跃潜力用户,0,21.0,1.0,0.0,1.0,4.0,8.0,0.0
1010478,0,高价值忠诚用户,0,95.0,0.0,20.0,7.0,6.0,33.0,0.0
1010480,1,早期沉睡用户,1,49.0,3.0,0.0,1.0,5.0,18.0,1.0
1010504,2,活跃潜力用户,0,106.0,21.0,0.0,2.0,6.0,65.0,0.0
1010507,1,早期沉睡用户,1,170.0,0.0,0.0,3.0,5.0,11.0,1.0
1010508,2,活跃潜力用户,0,6.0,2.0,0.0,0.0,3.0,5.0,0.0
1010510,2,活跃潜力用户,1,46.0,23.0,0.0,4.0,6.0,24.0,0.0
1010515,1,早期沉睡用户,1,97.0,17.0,0.0,1.0,5.0,22.0,0.0
1010519,2,活跃潜力用户,0,39.0,4.0,0.0,1.0,5.0,22.0,0.0
1010533,1,早期沉睡用户,1,180.0,1.0,0.0,2.0,6.0,31.0,0.0
1010534,1,早期沉睡用户,1,51.0,0.0,5.0,2.0,6.0,14.0,0.0
1010536,1,早期沉睡用户,1,53.0,11.0,0.0,1.0,6.0,13.0,0.0
1010537,1,早期沉睡用户,1,15.0,4.0,0.0,1.0,4.0,4.0,0.0
1010539,1,早期沉睡用户,1,58.0,2.0,0.0,2.0,5.0,7.0,0.0
101056,1,早期沉睡用户,1,17.0,8.0,0.0,1.0,6.0,13.0,0.0
1010560,0,高价值忠诚用户,1,102.0,1.0,0.0,5.0,6.0,18.0,0.0
1010564,2,活跃潜力用户,0,16.0,0.0,0.0,0.0,5.0,13.0,1.0
1010566,1,早期沉睡用户,1,158.0,3.0,1.0,2.0,6.0,36.0,0.0
1010568,2,活跃潜力用户,0,119.0,5.0,2.0,1.0,4.0,24.0,1.0
1010572,2,活跃潜力用户,0,53.0,3.0,0.0,0.0,6.0,20.0,0.0
101058,1,早期沉睡用户,1,45.0,13.0,0.0,1.0,5.0,12.0,0.0
1010582,1,早期沉睡用户,1,74.0,6.0,0.0,3.0,5.0,12.0,0.0
1010583,2,活跃潜力用户,1,48.0,9.0,0.0,2.0,5.0,13.0,0.0
1010590,2,活跃潜力用户,1,11.0,0.0,0.0,2.0,4.0,7.0,0.0
1010593,2,活跃潜力用户,0,42.0,4.0,0.0,0.0,6.0,11.0,0.0
1010596,2,活跃潜力用户,0,55.0,18.0,0.0,2.0,5.0,18.0,0.0
1010598,2,活跃潜力用户,0,10.0,3.0,0.0,0.0,2.0,7.0,1.0
1010599,1,早期沉睡用户,1,53.0,0.0,1.0,1.0,3.0,14.0,0.0
1010603,0,高价值忠诚用户,0,133.0,18.0,0.0,8.0,6.0,30.0,0.0
1010608,2,活跃潜力用户,1,48.0,4.0,0.0,1.0,4.0,37.0,0.0
1010611,1,早期沉睡用户,1,14.0,0.0,1.0,1.0,6.0,9.0,0.0
1010612,2,活跃潜力用户,0,4.0,0.0,2.0,0.0,1.0,4.0,0.0
101063,2,活跃潜力用户,1,57.0,1.0,0.0,2.0,6.0,20.0,0.0
1010630,2,活跃潜力用户,0,111.0,2.0,2.0,1.0,6.0,37.0,0.0
1010638,2,活跃潜力用户,0,46.0,2.0,0.0,3.0,6.0,14.0,0.0
1010641,1,早期沉睡用户,1,21.0,4.0,0.0,1.0,3.0,9.0,3.0
1010655,2,活跃潜力用户,0,31.0,1.0,1.0,1.0,5.0,8.0,0.0
1010658,2,活跃潜力用户,0,5.0,0.0,0.0,0.0,3.0,5.0,0.0
1010664,0,高价值忠诚用户,1,24.0,3.0,0.0,5.0,2.0,8.0,0.0
1010690,2,活跃潜力用户,0,79.0,0.0,5.0,1.0,5.0,9.0,0.0
1010691,0,高价值忠诚用户,0,109.0,0.0,0.0,3.0,5.0,16.0,0.0
1010694,2,活跃潜力用户,0,13.0,8.0,0.0,0.0,3.0,4.0,0.0
1010697,2,活跃潜力用户,1,41.0,0.0,3.0,1.0,1.0,8.0,0.0
1010704,2,活跃潜力用户,0,73.0,0.0,6.0,2.0,5.0,15.0,1.0
1010706,2,活跃潜力用户,1,53.0,0.0,7.0,2.0,4.0,24.0,0.0
1010711,2,活跃潜力用户,1,52.0,0.0,17.0,3.0,6.0,21.0,0.0
1010713,2,活跃潜力用户,0,2.0,3.0,0.0,0.0,2.0,2.0,0.0
1010736,2,活跃潜力用户,1,163.0,2.0,0.0,2.0,6.0,33.0,0.0
1010754,2,活跃潜力用户,0,9.0,0.0,1.0,0.0,2.0,7.0,0.0
1010755,2,活跃潜力用户,0,83.0,3.0,0.0,2.0,6.0,37.0,0.0
1010765,2,活跃潜力用户,0,43.0,1.0,0.0,0.0,2.0,2.0,0.0
1010780,2,活跃潜力用户,0,17.0,2.0,0.0,1.0,3.0,5.0,2.0
1010783,1,早期沉睡用户,1,7.0,0.0,0.0,2.0,3.0,5.0,0.0
1010784,2,活跃潜力用户,0,35.0,0.0,0.0,3.0,5.0,14.0,0.0
1010785,0,高价值忠诚用户,0,175.0,24.0,13.0,5.0,6.0,99.0,0.0
1010806,2,活跃潜力用户,1,100.0,2.0,3.0,3.0,3.0,21.0,0.0
1010816,2,活跃潜力用户,1,194.0,4.0,1.0,3.0,6.0,32.0,0.0
1010817,2,活跃潜力用户,0,76.0,1.0,0.0,0.0,5.0,17.0,0.0
101082,0,高价值忠诚用户,0,142.0,5.0,8.0,6.0,6.0,28.0,0.0
1010836,1,早期沉睡用户,1,48.0,3.0,0.0,1.0,4.0,19.0,0.0
1010839,0,高价值忠诚用户,0,40.0,3.0,0.0,1.0,2.0,4.0,0.0
101084,1,早期沉睡用户,1,65.0,10.0,0.0,1.0,6.0,23.0,0.0
1010853,1,早期沉睡用户,1,33.0,6.0,0.0,3.0,6.0,12.0,0.0
1010857,2,活跃潜力用户,0,22.0,3.0,0.0,1.0,2.0,9.0,4.0
1010861,2,活跃潜力用户,0,90.0,8.0,0.0,1.0,5.0,14.0,1.0
1010864,0,高价值忠诚用户,0,84.0,0.0,1.0,5.0,5.0,28.0,0.0
1010869,0,高价值忠诚用户,0,46.0,0.0,3.0,1.0,6.0,12.0,0.0
1010870,0,高价值忠诚用户,0,26.0,3.0,0.0,6.0,3.0,11.0,0.0
1010874,2,活跃潜力用户,0,7.0,0.0,0.0,0.0,3.0,4.0,0.0
101088,2,活跃潜力用户,0,22.0,1.0,0.0,1.0,5.0,6.0,1.0
1010896,2,活跃潜力用户,0,143.0,5.0,0.0,3.0,6.0,33.0,0.0
1010899,0,高价值忠诚用户,0,22.0,0.0,0.0,3.0,4.0,10.0,2.0
1010912,2,活跃潜力用户,1,5.0,2.0,0.0,1.0,3.0,7.0,0.0
1010915,2,活跃潜力用户,0,25.0,3.0,0.0,3.0,5.0,14.0,1.0
1010919,2,活跃潜力用户,1,53.0,8.0,1.0,3.0,6.0,33.0,0.0
101092,0,高价值忠诚用户,0,5.0,1.0,1.0,3.0,4.0,10.0,0.0
1010944,2,活跃潜力用户,1,250.0,15.0,0.0,5.0,6.0,32.0,0.0
1010945,1,早期沉睡用户,1,52.0,8.0,0.0,3.0,6.0,19.0,0.0
1010947,0,高价值忠诚用户,1,100.0,19.0,1.0,5.0,6.0,18.0,0.0
1010953,2,活跃潜力用户,1,77.0,5.0,0.0,4.0,5.0,28.0,0.0
101096,0,高价值忠诚用户,0,78.0,10.0,0.0,5.0,4.0,26.0,0.0
1010978,0,高价值忠诚用户,0,149.0,10.0,2.0,6.0,6.0,36.0,0.0
1010981,1,早期沉睡用户,1,136.0,3.0,1.0,4.0,6.0,39.0,0.0
1010995,1,早期沉睡用户,1,97.0,1.0,0.0,1.0,4.0,37.0,2.0
1011004,2,活跃潜力用户,1,69.0,4.0,3.0,2.0,4.0,20.0,0.0
1011005,2,活跃潜力用户,0,78.0,10.0,1.0,0.0,6.0,22.0,0.0
101101,2,活跃潜力用户,1,12.0,3.0,1.0,1.0,4.0,6.0,0.0
1011017,2,活跃潜力用户,0,36.0,0.0,5.0,0.0,6.0,9.0,0.0
1011021,0,高价值忠诚用户,1,183.0,9.0,17.0,11.0,6.0,55.0,0.0
1011024,1,早期沉睡用户,1,81.0,9.0,0.0,1.0,4.0,14.0,0.0
1011030,2,活跃潜力用户,0,14.0,0.0,0.0,0.0,3.0,3.0,3.0
1011036,1,早期沉睡用户,1,17.0,6.0,1.0,2.0,3.0,7.0,0.0
101104,2,活跃潜力用户,1,14.0,0.0,3.0,2.0,5.0,6.0,0.0
1011050,2,活跃潜力用户,0,65.0,15.0,2.0,2.0,6.0,25.0,0.0
1011052,1,早期沉睡用户,1,206.0,2.0,0.0,1.0,6.0,14.0,0.0
1011062,1,早期沉睡用户,1,218.0,15.0,0.0,1.0,6.0,54.0,0.0
1011072,1,早期沉睡用户,1,52.0,3.0,0.0,1.0,3.0,21.0,0.0
1011079,2,活跃潜力用户,0,27.0,4.0,0.0,1.0,5.0,13.0,0.0
1011084,2,活跃潜力用户,1,36.0,0.0,0.0,3.0,5.0,18.0,0.0
1011086,1,早期沉睡用户,1,250.0,0.0,3.0,2.0,6.0,33.0,0.0
1011092,1,早期沉睡用户,1,38.0,4.0,1.0,1.0,4.0,17.0,0.0
1011096,1,早期沉睡用户,1,41.0,1.0,10.0,4.0,5.0,16.0,0.0
10111,1,早期沉睡用户,1,58.0,15.0,1.0,2.0,6.0,19.0,0.0
1011100,2,活跃潜力用户,0,54.0,0.0,1.0,0.0,2.0,18.0,0.0
1011108,2,活跃潜力用户,0,67.0,10.0,5.0,1.0,5.0,18.0,0.0
1011118,2,活跃潜力用户,1,32.0,2.0,0.0,2.0,4.0,14.0,0.0
101112,2,活跃潜力用户,1,99.0,2.0,0.0,2.0,5.0,28.0,0.0
1011120,1,早期沉睡用户,1,33.0,5.0,0.0,3.0,4.0,12.0,0.0
1011128,1,早期沉睡用户,1,208.0,30.0,0.0,2.0,5.0,25.0,1.0
101114,2,活跃潜力用户,0,21.0,0.0,0.0,1.0,6.0,13.0,0.0
1011169,2,活跃潜力用户,0,86.0,0.0,0.0,0.0,2.0,17.0,2.0
1011171,2,活跃潜力用户,0,205.0,40.0,1.0,2.0,6.0,57.0,0.0
1011172,2,活跃潜力用户,0,27.0,2.0,0.0,0.0,4.0,11.0,2.0
1011173,1,早期沉睡用户,1,38.0,9.0,0.0,4.0,6.0,22.0,0.0
1011181,0,高价值忠诚用户,0,48.0,4.0,0.0,4.0,6.0,37.0,0.0
1011202,1,早期沉睡用户,1,28.0,6.0,0.0,1.0,5.0,12.0,0.0
1011207,1,早期沉睡用户,1,22.0,0.0,3.0,4.0,6.0,16.0,0.0
1011214,1,早期沉睡用户,1,42.0,5.0,0.0,1.0,6.0,15.0,0.0
1011217,1,早期沉睡用户,1,26.0,3.0,0.0,3.0,4.0,6.0,2.0
1011219,2,活跃潜力用户,0,84.0,4.0,0.0,3.0,6.0,29.0,0.0
1011222,2,活跃潜力用户,1,275.0,2.0,18.0,1.0,6.0,47.0,0.0
1011227,1,早期沉睡用户,1,72.0,13.0,0.0,3.0,6.0,15.0,0.0
1011235,1,早期沉睡用户,1,89.0,3.0,0.0,3.0,6.0,34.0,0.0
1011248,2,活跃潜力用户,0,240.0,3.0,0.0,3.0,6.0,107.0,0.0
1011254,2,活跃潜力用户,0,62.0,15.0,0.0,1.0,6.0,24.0,0.0
1011258,1,早期沉睡用户,1,18.0,0.0,3.0,1.0,4.0,8.0,0.0
1011266,2,活跃潜力用户,0,127.0,0.0,31.0,1.0,5.0,23.0,0.0
1011272,2,活跃潜力用户,0,70.0,7.0,1.0,2.0,6.0,20.0,0.0
1011290,1,早期沉睡用户,1,35.0,2.0,0.0,1.0,4.0,7.0,1.0
1011293,2,活跃潜力用户,1,20.0,0.0,0.0,1.0,3.0,8.0,0.0
1011322,2,活跃潜力用户,0,52.0,11.0,4.0,0.0,4.0,22.0,0.0
1011326,2,活跃潜力用户,0,14.0,3.0,0.0,2.0,3.0,8.0,0.0
1011332,1,早期沉睡用户,1,139.0,7.0,1.0,2.0,6.0,38.0,0.0
1011340,1,早期沉睡用户,1,4.0,0.0,0.0,1.0,3.0,3.0,2.0
1011361,1,早期沉睡用户,1,8.0,0.0,0.0,2.0,3.0,5.0,1.0
1011365,2,活跃潜力用户,1,318.0,1.0,7.0,3.0,6.0,47.0,0.0
1011387,2,活跃潜力用户,0,13.0,1.0,1.0,1.0,5.0,10.0,0.0
1011388,2,活跃潜力用户,1,26.0,0.0,0.0,1.0,4.0,10.0,0.0
1011390,0,高价值忠诚用户,0,73.0,3.0,4.0,10.0,5.0,31.0,0.0
1011391,1,早期沉睡用户,1,48.0,3.0,0.0,3.0,4.0,22.0,1.0
1011397,2,活跃潜力用户,0,18.0,1.0,0.0,0.0,5.0,10.0,0.0
10114,2,活跃潜力用户,1,129.0,8.0,0.0,3.0,5.0,27.0,0.0
1011400,2,活跃潜力用户,1,81.0,4.0,0.0,2.0,4.0,11.0,0.0
1011402,1,早期沉睡用户,1,110.0,0.0,31.0,3.0,6.0,64.0,0.0
1011409,2,活跃潜力用户,0,64.0,0.0,13.0,1.0,6.0,17.0,0.0
1011415,1,早期沉睡用户,1,39.0,0.0,1.0,1.0,5.0,15.0,0.0
1011419,1,早期沉睡用户,1,22.0,0.0,0.0,2.0,4.0,6.0,0.0
1011420,2,活跃潜力用户,0,63.0,0.0,9.0,1.0,6.0,26.0,0.0
1011431,2,活跃潜力用户,1,81.0,2.0,4.0,1.0,4.0,16.0,0.0
101144,2,活跃潜力用户,0,7.0,2.0,2.0,0.0,2.0,2.0,0.0
1011470,2,活跃潜力用户,0,45.0,0.0,0.0,1.0,2.0,9.0,0.0
1011487,2,活跃潜力用户,0,111.0,1.0,0.0,1.0,6.0,16.0,0.0
1011490,1,早期沉睡用户,1,58.0,2.0,0.0,1.0,6.0,20.0,0.0
1011499,2,活跃潜力用户,0,8.0,2.0,0.0,3.0,2.0,6.0,0.0
101150,2,活跃潜力用户,0,93.0,5.0,0.0,0.0,2.0,21.0,0.0
1011521,0,高价值忠诚用户,1,40.0,10.0,0.0,6.0,5.0,21.0,0.0
1011527,2,活跃潜力用户,0,120.0,16.0,7.0,0.0,6.0,33.0,0.0
1011529,1,早期沉睡用户,1,41.0,1.0,0.0,1.0,4.0,15.0,1.0
1011565,2,活跃潜力用户,0,116.0,0.0,1.0,2.0,3.0,14.0,1.0
1011567,2,活跃潜力用户,0,3.0,0.0,0.0,1.0,2.0,4.0,2.0
101157,1,早期沉睡用户,1,25.0,1.0,0.0,1.0,4.0,8.0,0.0
1011574,1,早期沉睡用户,1,9.0,8.0,0.0,1.0,5.0,11.0,0.0
1011581,0,高价值忠诚用户,0,13.0,1.0,1.0,1.0,3.0,6.0,3.0
1011591,2,活跃潜力用户,0,11.0,2.0,0.0,3.0,6.0,9.0,0.0
1011624,1,早期沉睡用户,1,5.0,0.0,0.0,1.0,3.0,4.0,1.0
1011631,2,活跃潜力用户,1,130.0,9.0,0.0,2.0,6.0,23.0,0.0
1011633,2,活跃潜力用户,0,5.0,1.0,0.0,0.0,3.0,3.0,0.0
1011647,2,活跃潜力用户,0,50.0,2.0,0.0,0.0,6.0,14.0,0.0
1011648,2,活跃潜力用户,0,53.0,4.0,0.0,0.0,3.0,12.0,0.0
101165,2,活跃潜力用户,0,13.0,3.0,0.0,1.0,6.0,13.0,0.0
1011651,2,活跃潜力用户,0,16.0,0.0,0.0,0.0,4.0,10.0,0.0
1011652,0,高价值忠诚用户,0,23.0,1.0,0.0,1.0,4.0,8.0,0.0
1011655,0,高价值忠诚用户,0,122.0,11.0,6.0,7.0,6.0,31.0,0.0
1011656,1,早期沉睡用户,1,31.0,0.0,0.0,1.0,4.0,6.0,0.0
1011669,2,活跃潜力用户,1,9.0,0.0,0.0,1.0,4.0,7.0,0.0
1011676,1,早期沉睡用户,1,30.0,6.0,0.0,1.0,2.0,7.0,1.0
1011681,1,早期沉睡用户,1,16.0,0.0,0.0,1.0,4.0,8.0,1.0
1011685,1,早期沉睡用户,1,22.0,0.0,0.0,1.0,3.0,16.0,0.0
1011697,2,活跃潜力用户,1,52.0,2.0,0.0,2.0,5.0,12.0,0.0
1011698,1,早期沉睡用户,1,28.0,2.0,0.0,1.0,2.0,7.0,2.0
1011699,2,活跃潜力用户,0,65.0,0.0,7.0,2.0,5.0,16.0,0.0
1011703,1,早期沉睡用户,1,48.0,1.0,0.0,1.0,6.0,11.0,0.0
1011704,2,活跃潜力用户,0,47.0,4.0,0.0,1.0,6.0,15.0,0.0
1011705,1,早期沉睡用户,1,15.0,8.0,0.0,4.0,4.0,7.0,0.0
1011709,0,高价值忠诚用户,1,17.0,2.0,0.0,7.0,6.0,15.0,0.0
1011725,2,活跃潜力用户,0,112.0,5.0,0.0,2.0,2.0,20.0,3.0
1011729,2,活跃潜力用户,1,58.0,4.0,0.0,4.0,6.0,20.0,0.0
1011730,2,活跃潜力用户,0,35.0,2.0,0.0,0.0,4.0,14.0,0.0
1011745,1,早期沉睡用户,1,25.0,1.0,0.0,4.0,5.0,7.0,0.0
1011749,2,活跃潜力用户,0,156.0,23.0,0.0,1.0,5.0,31.0,0.0
1011752,2,活跃潜力用户,0,8.0,0.0,0.0,0.0,2.0,5.0,3.0
1011758,1,早期沉睡用户,1,130.0,8.0,0.0,1.0,4.0,6.0,0.0
1011760,2,活跃潜力用户,0,33.0,0.0,0.0,1.0,3.0,22.0,0.0
1011773,1,早期沉睡用户,1,10.0,0.0,0.0,1.0,2.0,6.0,3.0
1011789,2,活跃潜力用户,0,165.0,11.0,29.0,1.0,5.0,42.0,0.0
1011793,0,高价值忠诚用户,0,65.0,1.0,6.0,5.0,6.0,33.0,0.0
1011799,0,高价值忠诚用户,0,4.0,4.0,0.0,1.0,5.0,6.0,0.0
1011802,2,活跃潜力用户,0,30.0,4.0,1.0,1.0,4.0,25.0,0.0
1011816,1,早期沉睡用户,1,9.0,0.0,0.0,2.0,3.0,6.0,1.0
101182,2,活跃潜力用户,0,144.0,7.0,0.0,2.0,6.0,37.0,0.0
1011826,1,早期沉睡用户,1,30.0,5.0,6.0,1.0,2.0,19.0,2.0
1011828,2,活跃潜力用户,0,14.0,0.0,0.0,0.0,4.0,10.0,0.0
1011839,1,早期沉睡用户,1,60.0,3.0,0.0,2.0,6.0,18.0,0.0
1011841,1,早期沉睡用户,1,11.0,0.0,0.0,1.0,4.0,6.0,0.0
1011867,2,活跃潜力用户,0,4.0,1.0,0.0,2.0,3.0,3.0,0.0
1011868,2,活跃潜力用户,0,18.0,3.0,0.0,0.0,4.0,3.0,0.0
1011872,0,高价值忠诚用户,0,91.0,1.0,3.0,0.0,6.0,35.0,0.0
101188,0,高价值忠诚用户,0,81.0,2.0,0.0,7.0,5.0,12.0,0.0
1011880,2,活跃潜力用户,0,165.0,1.0,17.0,0.0,6.0,52.0,0.0
1011886,2,活跃潜力用户,1,106.0,1.0,3.0,2.0,6.0,55.0,0.0
101189,1,早期沉睡用户,1,91.0,4.0,11.0,2.0,6.0,28.0,0.0
1011891,1,早期沉睡用户,1,26.0,2.0,2.0,1.0,3.0,8.0,0.0
1011892,2,活跃潜力用户,0,64.0,3.0,0.0,0.0,4.0,46.0,1.0
101190,2,活跃潜力用户,0,61.0,4.0,0.0,0.0,5.0,16.0,0.0
1011911,1,早期沉睡用户,1,3.0,0.0,0.0,1.0,2.0,2.0,2.0
1011919,2,活跃潜力用户,0,5.0,0.0,0.0,0.0,2.0,2.0,3.0
1011921,1,早期沉睡用户,1,15.0,0.0,0.0,1.0,3.0,14.0,0.0
1011923,2,活跃潜力用户,0,34.0,0.0,0.0,0.0,4.0,10.0,1.0
1011937,0,高价值忠诚用户,0,124.0,6.0,0.0,4.0,6.0,30.0,0.0
1011943,0,高价值忠诚用户,0,271.0,9.0,4.0,5.0,6.0,51.0,0.0
1011960,2,活跃潜力用户,0,179.0,2.0,0.0,1.0,6.0,80.0,0.0
1011961,2,活跃潜力用户,0,67.0,0.0,8.0,1.0,5.0,22.0,0.0
1011981,2,活跃潜力用户,0,19.0,0.0,2.0,0.0,5.0,6.0,0.0
1011986,0,高价值忠诚用户,0,15.0,3.0,0.0,3.0,4.0,10.0,0.0
1011992,2,活跃潜力用户,0,35.0,1.0,2.0,2.0,6.0,16.0,0.0
1011996,0,高价值忠诚用户,0,83.0,5.0,0.0,4.0,6.0,27.0,0.0
1012000,2,活跃潜力用户,0,99.0,5.0,5.0,1.0,6.0,22.0,0.0
1012002,0,高价值忠诚用户,0,20.0,0.0,0.0,8.0,3.0,10.0,0.0
1012012,1,早期沉睡用户,1,46.0,1.0,5.0,1.0,2.0,7.0,1.0
1012017,2,活跃潜力用户,0,70.0,27.0,0.0,0.0,5.0,19.0,1.0
1012022,0,高价值忠诚用户,0,25.0,6.0,28.0,4.0,6.0,19.0,0.0
1012028,1,早期沉睡用户,1,44.0,1.0,0.0,1.0,4.0,21.0,1.0
1012031,1,早期沉睡用户,1,71.0,0.0,0.0,2.0,2.0,27.0,4.0
1012033,2,活跃潜力用户,0,71.0,14.0,0.0,0.0,5.0,20.0,0.0
101204,1,早期沉睡用户,1,13.0,0.0,0.0,2.0,5.0,6.0,0.0
1012040,2,活跃潜力用户,0,38.0,1.0,0.0,3.0,6.0,19.0,0.0
1012048,2,活跃潜力用户,1,163.0,41.0,0.0,3.0,6.0,59.0,0.0
1012050,2,活跃潜力用户,1,38.0,5.0,0.0,1.0,4.0,18.0,0.0
1012060,2,活跃潜力用户,0,19.0,0.0,2.0,1.0,2.0,7.0,0.0
1012062,2,活跃潜力用户,0,3.0,0.0,0.0,1.0,3.0,3.0,0.0
1012070,2,活跃潜力用户,0,16.0,2.0,0.0,0.0,1.0,6.0,0.0
1012075,2,活跃潜力用户,1,21.0,0.0,0.0,5.0,2.0,9.0,0.0
1012082,1,早期沉睡用户,1,14.0,0.0,2.0,1.0,4.0,9.0,0.0
1012086,2,活跃潜力用户,0,47.0,2.0,0.0,1.0,4.0,17.0,0.0
1012093,1,早期沉睡用户,1,112.0,4.0,3.0,4.0,6.0,30.0,0.0
101210,1,早期沉睡用户,1,12.0,2.0,0.0,1.0,2.0,6.0,2.0
1012102,2,活跃潜力用户,1,46.0,7.0,0.0,4.0,5.0,16.0,0.0
1012104,2,活跃潜力用户,0,86.0,23.0,0.0,1.0,5.0,15.0,1.0
1012105,0,高价值忠诚用户,1,185.0,8.0,3.0,9.0,6.0,61.0,0.0
1012110,2,活跃潜力用户,0,24.0,12.0,0.0,2.0,6.0,10.0,0.0
1012116,1,早期沉睡用户,1,66.0,0.0,0.0,1.0,6.0,29.0,0.0
101212,0,高价值忠诚用户,0,83.0,21.0,0.0,3.0,6.0,31.0,0.0
1012125,2,活跃潜力用户,0,22.0,0.0,0.0,0.0,4.0,10.0,0.0
1012133,2,活跃潜力用户,0,2.0,0.0,0.0,0.0,2.0,2.0,3.0
1012148,0,高价值忠诚用户,0,17.0,0.0,2.0,12.0,6.0,14.0,0.0
1012155,2,活跃潜力用户,0,18.0,0.0,0.0,0.0,2.0,7.0,2.0
1012164,2,活跃潜力用户,0,9.0,0.0,0.0,0.0,2.0,5.0,0.0
101217,2,活跃潜力用户,0,10.0,0.0,0.0,0.0,2.0,5.0,2.0
1012191,2,活跃潜力用户,1,2.0,1.0,0.0,3.0,4.0,6.0,0.0
1012198,2,活跃潜力用户,0,16.0,1.0,1.0,0.0,5.0,5.0,1.0
1012208,2,活跃潜力用户,0,59.0,9.0,0.0,0.0,3.0,9.0,1.0
1012222,2,活跃潜力用户,0,1.0,1.0,0.0,0.0,2.0,2.0,0.0
1012232,0,高价值忠诚用户,0,46.0,1.0,0.0,5.0,4.0,23.0,0.0
1012237,2,活跃潜力用户,0,2.0,0.0,0.0,0.0,1.0,1.0,0.0
1012252,1,早期沉睡用户,1,5.0,0.0,0.0,2.0,1.0,1.0,4.0
1012257,1,早期沉睡用户,1,18.0,2.0,0.0,2.0,6.0,10.0,0.0
1012275,0,高价值忠诚用户,0,314.0,32.0,0.0,6.0,6.0,46.0,0.0
1012277,2,活跃潜力用户,1,125.0,14.0,0.0,4.0,5.0,34.0,0.0
1012284,1,早期沉睡用户,1,303.0,6.0,10.0,3.0,6.0,34.0,0.0
1012287,2,活跃潜力用户,0,13.0,0.0,5.0,0.0,1.0,6.0,0.0
1012290,2,活跃潜力用户,1,258.0,4.0,0.0,4.0,6.0,53.0,0.0
1012293,1,早期沉睡用户,1,77.0,7.0,0.0,4.0,6.0,20.0,0.0
1012296,2,活跃潜力用户,0,68.0,3.0,0.0,0.0,6.0,27.0,0.0
1012298,2,活跃潜力用户,0,129.0,5.0,20.0,2.0,6.0,29.0,0.0
1012299,2,活跃潜力用户,1,117.0,1.0,3.0,1.0,5.0,16.0,0.0
101230,2,活跃潜力用户,0,268.0,23.0,1.0,1.0,5.0,66.0,1.0
101231,1,早期沉睡用户,1,83.0,14.0,1.0,2.0,6.0,27.0,0.0
1012313,1,早期沉睡用户,1,109.0,8.0,2.0,1.0,6.0,15.0,0.0
1012333,2,活跃潜力用户,0,60.0,27.0,0.0,2.0,6.0,25.0,0.0
1012338,0,高价值忠诚用户,1,75.0,1.0,5.0,6.0,6.0,31.0,0.0
1012344,2,活跃潜力用户,0,5.0,0.0,0.0,0.0,2.0,3.0,2.0
1012352,1,早期沉睡用户,1,32.0,5.0,0.0,1.0,4.0,10.0,1.0
1012358,0,高价值忠诚用户,0,21.0,3.0,0.0,2.0,6.0,17.0,0.0
1012373,0,高价值忠诚用户,0,169.0,13.0,10.0,1.0,6.0,35.0,0.0
1012380,2,活跃潜力用户,0,29.0,9.0,0.0,1.0,2.0,6.0,0.0
101239,2,活跃潜力用户,0,102.0,14.0,1.0,2.0,6.0,19.0,0.0
1012395,0,高价值忠诚用户,1,195.0,6.0,12.0,7.0,6.0,59.0,0.0
1012403,2,活跃潜力用户,0,59.0,5.0,0.0,0.0,5.0,13.0,0.0
1012411,2,活跃潜力用户,1,172.0,17.0,0.0,4.0,5.0,40.0,0.0
1012415,2,活跃潜力用户,0,15.0,1.0,0.0,2.0,3.0,9.0,1.0
1012420,2,活跃潜力用户,0,36.0,1.0,2.0,2.0,6.0,14.0,0.0
1012426,0,高价值忠诚用户,0,44.0,1.0,0.0,5.0,6.0,18.0,0.0
1012445,1,早期沉睡用户,1,27.0,2.0,0.0,1.0,5.0,17.0,0.0
101245,2,活跃潜力用户,1,56.0,2.0,0.0,3.0,6.0,23.0,0.0
1012459,2,活跃潜力用户,0,187.0,1.0,0.0,2.0,6.0,19.0,0.0
1012467,1,早期沉睡用户,1,7.0,0.0,0.0,1.0,4.0,5.0,0.0
1012469,2,活跃潜力用户,0,37.0,0.0,0.0,3.0,5.0,9.0,0.0
1012472,2,活跃潜力用户,0,51.0,0.0,5.0,0.0,6.0,30.0,0.0
1012474,2,活跃潜力用户,0,33.0,2.0,0.0,0.0,5.0,15.0,0.0
1012478,1,早期沉睡用户,1,13.0,3.0,1.0,1.0,4.0,8.0,0.0
1012489,1,早期沉睡用户,1,37.0,5.0,0.0,1.0,4.0,18.0,0.0
101249,0,高价值忠诚用户,0,489.0,10.0,1.0,4.0,6.0,30.0,0.0
1012498,2,活跃潜力用户,0,3.0,1.0,1.0,0.0,3.0,3.0,0.0
1012501,2,活跃潜力用户,0,27.0,3.0,1.0,3.0,4.0,9.0,0.0
1012512,1,早期沉睡用户,1,27.0,0.0,0.0,1.0,4.0,12.0,0.0
1012516,2,活跃潜力用户,1,73.0,7.0,0.0,2.0,6.0,21.0,0.0
1012524,1,早期沉睡用户,1,149.0,6.0,0.0,2.0,6.0,22.0,0.0
1012525,0,高价值忠诚用户,0,69.0,8.0,5.0,1.0,6.0,24.0,0.0
1012528,1,早期沉睡用户,1,43.0,3.0,10.0,1.0,4.0,20.0,2.0
1012534,1,早期沉睡用户,1,20.0,6.0,0.0,4.0,6.0,11.0,0.0
1012535,2,活跃潜力用户,0,44.0,0.0,9.0,1.0,4.0,19.0,0.0
1012536,2,活跃潜力用户,0,104.0,0.0,0.0,1.0,6.0,40.0,0.0
1012541,2,活跃潜力用户,0,16.0,0.0,0.0,0.0,3.0,9.0,0.0
1012550,2,活跃潜力用户,1,33.0,4.0,0.0,2.0,6.0,11.0,0.0
1012553,2,活跃潜力用户,0,14.0,3.0,0.0,0.0,3.0,6.0,1.0
1012578,1,早期沉睡用户,1,34.0,0.0,1.0,1.0,4.0,16.0,1.0
1012579,2,活跃潜力用户,1,35.0,3.0,0.0,2.0,6.0,14.0,0.0
1012597,1,早期沉睡用户,1,23.0,4.0,0.0,1.0,5.0,17.0,0.0
101260,1,早期沉睡用户,1,25.0,6.0,0.0,2.0,4.0,18.0,0.0
1012611,2,活跃潜力用户,1,39.0,3.0,0.0,2.0,5.0,17.0,0.0
1012621,2,活跃潜力用户,0,12.0,1.0,0.0,0.0,2.0,8.0,1.0
1012626,1,早期沉睡用户,1,16.0,0.0,0.0,1.0,4.0,10.0,0.0
1012638,1,早期沉睡用户,1,62.0,16.0,1.0,3.0,5.0,22.0,0.0
1012639,1,早期沉睡用户,1,66.0,2.0,4.0,2.0,6.0,18.0,0.0
1012645,0,高价值忠诚用户,0,158.0,0.0,1.0,4.0,6.0,60.0,0.0
1012647,1,早期沉睡用户,1,67.0,0.0,0.0,1.0,5.0,22.0,0.0
1012651,2,活跃潜力用户,0,27.0,3.0,1.0,1.0,5.0,12.0,0.0
1012661,0,高价值忠诚用户,0,46.0,2.0,0.0,5.0,6.0,16.0,0.0
1012664,2,活跃潜力用户,0,20.0,1.0,0.0,2.0,5.0,12.0,0.0
1012665,1,早期沉睡用户,1,57.0,9.0,0.0,1.0,6.0,24.0,0.0
1012667,2,活跃潜力用户,0,70.0,3.0,2.0,0.0,6.0,23.0,0.0
1012670,2,活跃潜力用户,0,62.0,4.0,0.0,2.0,5.0,33.0,0.0
1012673,1,早期沉睡用户,1,49.0,13.0,0.0,1.0,5.0,12.0,0.0
1012677,1,早期沉睡用户,1,49.0,1.0,18.0,2.0,6.0,28.0,0.0
1012682,0,高价值忠诚用户,0,28.0,4.0,1.0,5.0,5.0,16.0,0.0
101269,2,活跃潜力用户,0,7.0,0.0,1.0,0.0,2.0,4.0,0.0
1012693,2,活跃潜力用户,0,27.0,5.0,0.0,2.0,3.0,16.0,0.0
1012727,1,早期沉睡用户,1,31.0,8.0,2.0,1.0,5.0,22.0,0.0
1012731,2,活跃潜力用户,0,50.0,11.0,0.0,1.0,5.0,22.0,0.0
1012736,2,活跃潜力用户,0,80.0,7.0,0.0,2.0,6.0,19.0,0.0
1012737,1,早期沉睡用户,1,173.0,6.0,0.0,1.0,6.0,50.0,0.0
1012741,0,高价值忠诚用户,1,104.0,2.0,0.0,5.0,6.0,36.0,0.0
1012743,2,活跃潜力用户,0,23.0,0.0,0.0,0.0,1.0,3.0,3.0
1012745,2,活跃潜力用户,0,105.0,7.0,0.0,2.0,5.0,19.0,0.0
1012774,1,早期沉睡用户,1,29.0,0.0,0.0,2.0,6.0,10.0,0.0
1012784,1,早期沉睡用户,1,42.0,0.0,3.0,2.0,5.0,17.0,1.0
1012793,2,活跃潜力用户,0,56.0,3.0,1.0,0.0,4.0,10.0,0.0
1012795,2,活跃潜力用户,0,60.0,0.0,3.0,2.0,6.0,24.0,0.0
10128,1,早期沉睡用户,1,51.0,5.0,1.0,1.0,6.0,21.0,0.0
1012804,2,活跃潜力用户,0,14.0,0.0,10.0,2.0,4.0,8.0,0.0
1012806,0,高价值忠诚用户,0,53.0,14.0,13.0,2.0,6.0,35.0,0.0
1012808,2,活跃潜力用户,0,9.0,3.0,0.0,1.0,4.0,12.0,0.0
1012819,2,活跃潜力用户,1,50.0,0.0,7.0,2.0,5.0,7.0,0.0
1012826,2,活跃潜力用户,1,26.0,0.0,5.0,2.0,3.0,10.0,0.0
1012830,2,活跃潜力用户,1,52.0,7.0,0.0,2.0,6.0,21.0,0.0
1012841,0,高价值忠诚用户,1,165.0,10.0,0.0,5.0,6.0,53.0,0.0
1012849,1,早期沉睡用户,1,185.0,6.0,5.0,1.0,6.0,61.0,0.0
1012851,0,高价值忠诚用户,1,36.0,2.0,1.0,6.0,6.0,14.0,0.0
1012881,0,高价值忠诚用户,0,140.0,3.0,0.0,5.0,2.0,31.0,0.0
1012883,1,早期沉睡用户,1,6.0,0.0,0.0,1.0,5.0,5.0,0.0
1012894,2,活跃潜力用户,0,2.0,0.0,0.0,0.0,1.0,1.0,3.0
1012895,0,高价值忠诚用户,0,13.0,0.0,0.0,0.0,4.0,8.0,0.0
1012896,1,早期沉睡用户,1,198.0,8.0,0.0,1.0,6.0,22.0,0.0
1012904,2,活跃潜力用户,0,105.0,0.0,3.0,0.0,4.0,13.0,1.0
1012911,2,活跃潜力用户,0,32.0,1.0,6.0,0.0,3.0,14.0,1.0
1012915,1,早期沉睡用户,1,28.0,2.0,0.0,1.0,4.0,17.0,0.0
1012919,2,活跃潜力用户,0,65.0,2.0,3.0,0.0,3.0,9.0,1.0
1012925,2,活跃潜力用户,0,70.0,5.0,0.0,2.0,5.0,26.0,0.0
1012927,2,活跃潜力用户,0,4.0,0.0,0.0,0.0,1.0,2.0,0.0
1012945,2,活跃潜力用户,0,45.0,3.0,0.0,1.0,5.0,21.0,0.0
1012947,2,活跃潜力用户,0,30.0,12.0,0.0,0.0,2.0,18.0,3.0
1012950,2,活跃潜力用户,1,113.0,1.0,15.0,2.0,2.0,14.0,0.0
101296,1,早期沉睡用户,1,10.0,0.0,0.0,1.0,3.0,8.0,3.0
1012967,1,早期沉睡用户,1,49.0,2.0,0.0,2.0,6.0,15.0,0.0
1012985,2,活跃潜力用户,1,23.0,0.0,0.0,2.0,4.0,7.0,0.0
1012989,2,活跃潜力用户,1,59.0,5.0,0.0,2.0,6.0,33.0,0.0
101300,1,早期沉睡用户,1,15.0,4.0,0.0,2.0,4.0,11.0,0.0
1013004,0,高价值忠诚用户,0,38.0,1.0,0.0,3.0,5.0,9.0,0.0
1013013,0,高价值忠诚用户,0,4.0,0.0,0.0,12.0,5.0,5.0,0.0
1013015,2,活跃潜力用户,0,19.0,0.0,0.0,0.0,2.0,11.0,1.0
1013021,2,活跃潜力用户,1,52.0,0.0,0.0,1.0,4.0,15.0,0.0
1013023,1,早期沉睡用户,1,74.0,5.0,0.0,3.0,4.0,26.0,0.0
1013026,2,活跃潜力用户,0,17.0,8.0,1.0,0.0,4.0,16.0,0.0
1013027,2,活跃潜力用户,0,17.0,0.0,0.0,1.0,5.0,10.0,0.0
101303,2,活跃潜力用户,0,0.0,0.0,0.0,1.0,1.0,1.0,3.0
1013030,2,活跃潜力用户,0,71.0,11.0,4.0,1.0,6.0,31.0,0.0
1013033,1,早期沉睡用户,1,18.0,2.0,0.0,1.0,3.0,6.0,1.0
101305,0,高价值忠诚用户,0,13.0,0.0,0.0,5.0,5.0,5.0,0.0
101306,2,活跃潜力用户,0,48.0,6.0,1.0,2.0,5.0,18.0,0.0
1013063,2,活跃潜力用户,0,3.0,1.0,0.0,0.0,2.0,4.0,1.0
1013086,1,早期沉睡用户,1,59.0,0.0,0.0,5.0,4.0,12.0,1.0
1013088,2,活跃潜力用户,1,28.0,1.0,0.0,1.0,4.0,9.0,0.0
1013089,2,活跃潜力用户,0,133.0,23.0,6.0,3.0,6.0,47.0,0.0
1013097,1,早期沉睡用户,1,38.0,0.0,0.0,1.0,6.0,21.0,0.0
1013118,2,活跃潜力用户,0,62.0,8.0,0.0,2.0,6.0,20.0,0.0
101312,2,活跃潜力用户,0,15.0,2.0,0.0,0.0,2.0,6.0,3.0
1013124,2,活跃潜力用户,0,33.0,2.0,1.0,0.0,6.0,21.0,0.0
101313,1,早期沉睡用户,1,76.0,0.0,0.0,1.0,5.0,17.0,1.0
1013131,2,活跃潜力用户,0,56.0,5.0,0.0,1.0,5.0,19.0,0.0
1013133,1,早期沉睡用户,1,99.0,15.0,0.0,3.0,5.0,19.0,0.0
1013136,2,活跃潜力用户,0,11.0,0.0,0.0,1.0,5.0,9.0,1.0
1013150,1,早期沉睡用户,1,27.0,3.0,0.0,1.0,3.0,12.0,2.0
1013160,1,早期沉睡用户,1,54.0,4.0,0.0,1.0,4.0,13.0,0.0
1013162,2,活跃潜力用户,1,18.0,3.0,0.0,1.0,4.0,5.0,0.0
1013169,2,活跃潜力用户,0,117.0,8.0,0.0,1.0,6.0,37.0,0.0
1013171,2,活跃潜力用户,1,13.0,0.0,0.0,1.0,2.0,9.0,0.0
1013180,2,活跃潜力用户,0,14.0,0.0,1.0,0.0,3.0,11.0,1.0
1013183,2,活跃潜力用户,0,1.0,0.0,0.0,0.0,1.0,1.0,1.0
101319,2,活跃潜力用户,1,188.0,5.0,0.0,1.0,6.0,45.0,0.0
1013194,1,早期沉睡用户,1,50.0,1.0,0.0,1.0,6.0,21.0,0.0
101320,1,早期沉睡用户,1,76.0,0.0,2.0,1.0,6.0,29.0,0.0
1013202,0,高价值忠诚用户,0,373.0,1.0,12.0,3.0,6.0,106.0,0.0
1013209,0,高价值忠诚用户,0,7.0,1.0,1.0,2.0,4.0,6.0,1.0
101321,2,活跃潜力用户,0,10.0,2.0,0.0,0.0,3.0,8.0,0.0
1013232,1,早期沉睡用户,1,32.0,4.0,0.0,2.0,5.0,8.0,1.0
1013238,2,活跃潜力用户,0,132.0,18.0,8.0,1.0,6.0,42.0,0.0
1013240,2,活跃潜力用户,0,82.0,14.0,6.0,1.0,5.0,34.0,0.0
1013254,2,活跃潜力用户,1,44.0,2.0,0.0,1.0,6.0,18.0,0.0
101326,1,早期沉睡用户,1,9.0,1.0,5.0,1.0,4.0,9.0,1.0
1013265,2,活跃潜力用户,0,14.0,3.0,0.0,1.0,3.0,10.0,1.0
1013276,2,活跃潜力用户,0,33.0,1.0,0.0,0.0,3.0,15.0,1.0
1013277,2,活跃潜力用户,0,14.0,1.0,0.0,0.0,2.0,3.0,0.0
1013291,2,活跃潜力用户,0,160.0,6.0,0.0,2.0,5.0,21.0,0.0
1013305,2,活跃潜力用户,0,91.0,8.0,12.0,1.0,5.0,19.0,0.0
1013311,1,早期沉睡用户,1,24.0,3.0,0.0,3.0,4.0,13.0,0.0
1013313,1,早期沉睡用户,1,2.0,0.0,0.0,1.0,3.0,3.0,0.0
1013317,2,活跃潜力用户,0,168.0,53.0,0.0,2.0,6.0,45.0,0.0
1013323,2,活跃潜力用户,0,20.0,0.0,1.0,1.0,3.0,6.0,0.0
1013336,2,活跃潜力用户,0,4.0,1.0,0.0,0.0,3.0,5.0,1.0
1013338,0,高价值忠诚用户,0,90.0,8.0,0.0,6.0,6.0,45.0,0.0
1013343,2,活跃潜力用户,1,99.0,10.0,0.0,4.0,6.0,40.0,0.0
101335,2,活跃潜力用户,0,121.0,9.0,0.0,1.0,6.0,38.0,0.0
1013355,1,早期沉睡用户,1,49.0,0.0,1.0,1.0,6.0,17.0,0.0
1013359,2,活跃潜力用户,0,104.0,1.0,0.0,0.0,6.0,38.0,0.0
1013362,1,早期沉睡用户,1,5.0,0.0,0.0,1.0,3.0,5.0,0.0
1013364,2,活跃潜力用户,0,113.0,9.0,5.0,1.0,6.0,22.0,0.0
1013365,2,活跃潜力用户,0,34.0,0.0,11.0,1.0,4.0,20.0,0.0
1013366,1,早期沉睡用户,1,40.0,0.0,3.0,1.0,3.0,7.0,1.0
1013370,1,早期沉睡用户,1,72.0,12.0,0.0,2.0,6.0,21.0,0.0
1013376,2,活跃潜力用户,0,72.0,2.0,0.0,1.0,4.0,47.0,2.0
1013381,0,高价值忠诚用户,0,152.0,3.0,0.0,0.0,6.0,23.0,0.0
101339,2,活跃潜力用户,0,161.0,0.0,2.0,0.0,6.0,35.0,0.0
1013396,2,活跃潜力用户,0,4.0,0.0,0.0,0.0,1.0,3.0,1.0
101340,1,早期沉睡用户,1,35.0,5.0,0.0,1.0,5.0,11.0,0.0
1013423,1,早期沉睡用户,1,22.0,0.0,1.0,1.0,3.0,7.0,0.0
101343,1,早期沉睡用户,1,30.0,0.0,1.0,2.0,6.0,15.0,0.0
1013445,2,活跃潜力用户,1,90.0,18.0,0.0,2.0,6.0,29.0,0.0
101345,1,早期沉睡用户,1,39.0,0.0,7.0,1.0,6.0,14.0,0.0
1013456,1,早期沉睡用户,1,37.0,5.0,0.0,1.0,6.0,21.0,0.0
1013492,2,活跃潜力用户,0,48.0,4.0,0.0,1.0,5.0,8.0,0.0
1013494,2,活跃潜力用户,0,14.0,4.0,1.0,0.0,5.0,9.0,0.0
1013497,2,活跃潜力用户,0,55.0,10.0,1.0,1.0,4.0,18.0,1.0
10135,2,活跃潜力用户,0,28.0,20.0,1.0,0.0,5.0,23.0,0.0
1013501,2,活跃潜力用户,0,119.0,1.0,18.0,0.0,6.0,37.0,0.0
1013511,1,早期沉睡用户,1,33.0,8.0,0.0,1.0,6.0,22.0,0.0
101352,1,早期沉睡用户,1,96.0,2.0,0.0,1.0,4.0,15.0,0.0
1013525,0,高价值忠诚用户,0,100.0,5.0,0.0,4.0,6.0,31.0,0.0
1013526,2,活跃潜力用户,0,36.0,0.0,0.0,1.0,6.0,14.0,0.0
1013531,1,早期沉睡用户,1,135.0,2.0,0.0,3.0,5.0,18.0,0.0
1013559,1,早期沉睡用户,1,66.0,0.0,0.0,1.0,5.0,16.0,0.0
1013563,2,活跃潜力用户,0,1.0,0.0,0.0,0.0,1.0,1.0,1.0
1013574,1,早期沉睡用户,1,67.0,4.0,0.0,2.0,6.0,13.0,0.0
1013579,2,活跃潜力用户,0,29.0,6.0,0.0,1.0,6.0,15.0,0.0
1013581,2,活跃潜力用户,1,20.0,3.0,0.0,2.0,5.0,11.0,0.0
1013582,1,早期沉睡用户,1,27.0,11.0,0.0,2.0,5.0,17.0,1.0
1013585,1,早期沉睡用户,1,18.0,0.0,0.0,2.0,2.0,6.0,2.0
1013586,0,高价值忠诚用户,0,35.0,6.0,2.0,6.0,6.0,13.0,0.0
1013593,0,高价值忠诚用户,0,68.0,5.0,0.0,3.0,4.0,26.0,2.0
1013600,2,活跃潜力用户,0,30.0,6.0,0.0,0.0,3.0,7.0,2.0
1013606,2,活跃潜力用户,0,7.0,4.0,0.0,0.0,2.0,5.0,1.0
1013611,2,活跃潜力用户,0,95.0,1.0,0.0,0.0,6.0,30.0,0.0
1013615,1,早期沉睡用户,1,60.0,0.0,0.0,1.0,5.0,27.0,0.0
1013619,2,活跃潜力用户,0,21.0,0.0,0.0,0.0,4.0,9.0,1.0
1013635,1,早期沉睡用户,1,14.0,1.0,0.0,1.0,3.0,5.0,0.0
1013649,2,活跃潜力用户,0,18.0,1.0,0.0,0.0,2.0,3.0,3.0
1013652,2,活跃潜力用户,0,34.0,0.0,3.0,0.0,6.0,11.0,0.0
1013655,1,早期沉睡用户,1,362.0,9.0,0.0,2.0,6.0,63.0,0.0
1013678,2,活跃潜力用户,0,14.0,1.0,0.0,1.0,4.0,8.0,2.0
1013687,2,活跃潜力用户,0,10.0,0.0,0.0,1.0,3.0,4.0,0.0
1013690,2,活跃潜力用户,1,230.0,4.0,0.0,4.0,5.0,54.0,0.0
1013691,2,活跃潜力用户,0,146.0,2.0,5.0,2.0,6.0,21.0,0.0
1013697,2,活跃潜力用户,0,205.0,12.0,0.0,3.0,5.0,15.0,0.0
1013702,2,活跃潜力用户,0,6.0,0.0,0.0,1.0,1.0,1.0,0.0
1013706,1,早期沉睡用户,1,29.0,1.0,0.0,3.0,4.0,5.0,0.0
1013709,0,高价值忠诚用户,1,49.0,2.0,6.0,5.0,5.0,19.0,0.0
1013711,1,早期沉睡用户,1,31.0,5.0,0.0,2.0,4.0,12.0,2.0
1013712,1,早期沉睡用户,1,99.0,2.0,0.0,1.0,6.0,11.0,0.0
1013728,0,高价值忠诚用户,0,8.0,3.0,0.0,1.0,1.0,4.0,3.0
1013742,1,早期沉睡用户,1,71.0,2.0,2.0,3.0,6.0,28.0,0.0
1013747,0,高价值忠诚用户,1,66.0,2.0,0.0,8.0,5.0,18.0,0.0
1013754,1,早期沉睡用户,1,1.0,0.0,0.0,1.0,2.0,1.0,4.0
1013765,2,活跃潜力用户,0,49.0,3.0,0.0,1.0,4.0,2.0,0.0
1013773,1,早期沉睡用户,1,72.0,7.0,0.0,1.0,6.0,24.0,0.0
1013774,1,早期沉睡用户,1,12.0,0.0,1.0,1.0,3.0,10.0,2.0
1013775,1,早期沉睡用户,1,44.0,0.0,0.0,2.0,5.0,18.0,0.0
1013785,1,早期沉睡用户,1,135.0,8.0,0.0,2.0,6.0,22.0,0.0
1013787,2,活跃潜力用户,0,108.0,1.0,3.0,2.0,6.0,30.0,0.0
101381,0,高价值忠诚用户,0,68.0,4.0,0.0,12.0,6.0,34.0,0.0
1013822,2,活跃潜力用户,0,5.0,0.0,3.0,0.0,4.0,5.0,0.0
1013829,2,活跃潜力用户,1,47.0,1.0,0.0,2.0,5.0,27.0,0.0
1013830,2,活跃潜力用户,1,390.0,22.0,0.0,3.0,6.0,64.0,0.0
1013835,1,早期沉睡用户,1,13.0,0.0,0.0,1.0,3.0,4.0,3.0
1013844,1,早期沉睡用户,1,137.0,14.0,0.0,1.0,6.0,21.0,0.0
1013847,1,早期沉睡用户,1,163.0,0.0,3.0,5.0,6.0,23.0,0.0
1013875,2,活跃潜力用户,0,32.0,0.0,2.0,1.0,6.0,23.0,0.0
1013877,2,活跃潜力用户,0,17.0,0.0,0.0,0.0,2.0,1.0,3.0
1013889,0,高价值忠诚用户,0,42.0,1.0,0.0,10.0,6.0,26.0,0.0
1013893,2,活跃潜力用户,0,0.0,0.0,1.0,0.0,1.0,1.0,1.0
1013898,1,早期沉睡用户,1,37.0,2.0,0.0,1.0,5.0,24.0,0.0
10139,1,早期沉睡用户,1,139.0,10.0,1.0,1.0,6.0,18.0,0.0
1013907,1,早期沉睡用户,1,98.0,14.0,3.0,1.0,5.0,27.0,0.0
101391,1,早期沉睡用户,1,105.0,1.0,5.0,2.0,6.0,22.0,0.0
1013911,1,早期沉睡用户,1,56.0,1.0,7.0,3.0,6.0,15.0,0.0
101392,2,活跃潜力用户,0,13.0,0.0,0.0,1.0,3.0,7.0,1.0
1013920,2,活跃潜力用户,0,30.0,10.0,0.0,0.0,1.0,10.0,5.0
1013929,1,早期沉睡用户,1,76.0,14.0,0.0,5.0,6.0,31.0,0.0
101393,2,活跃潜力用户,0,8.0,2.0,0.0,0.0,2.0,6.0,0.0
1013933,0,高价值忠诚用户,0,91.0,2.0,0.0,5.0,6.0,31.0,0.0
1013934,1,早期沉睡用户,1,15.0,4.0,0.0,1.0,4.0,8.0,1.0
1013938,2,活跃潜力用户,1,82.0,0.0,9.0,1.0,6.0,19.0,0.0
101394,2,活跃潜力用户,0,116.0,3.0,0.0,1.0,6.0,35.0,0.0
1013942,2,活跃潜力用户,1,36.0,6.0,0.0,2.0,5.0,13.0,0.0
1013943,0,高价值忠诚用户,0,165.0,28.0,0.0,4.0,6.0,64.0,0.0
1013955,1,早期沉睡用户,1,49.0,0.0,2.0,1.0,3.0,20.0,0.0
1013961,2,活跃潜力用户,0,81.0,0.0,4.0,0.0,5.0,25.0,0.0
1013967,2,活跃潜力用户,0,18.0,5.0,4.0,0.0,4.0,13.0,0.0
1013980,1,早期沉睡用户,1,37.0,4.0,0.0,3.0,5.0,21.0,0.0
1013991,2,活跃潜力用户,0,34.0,2.0,0.0,0.0,5.0,9.0,0.0
101402,2,活跃潜力用户,1,22.0,0.0,5.0,1.0,4.0,15.0,0.0
1014022,0,高价值忠诚用户,0,38.0,0.0,1.0,5.0,6.0,24.0,0.0
1014025,1,早期沉睡用户,1,120.0,0.0,0.0,1.0,4.0,12.0,1.0
1014032,2,活跃潜力用户,0,6.0,0.0,0.0,1.0,3.0,4.0,0.0
1014034,2,活跃潜力用户,0,18.0,0.0,5.0,0.0,4.0,16.0,0.0
1014035,0,高价值忠诚用户,0,68.0,4.0,2.0,5.0,4.0,32.0,0.0
1014043,1,早期沉睡用户,1,53.0,2.0,2.0,1.0,6.0,20.0,0.0
1014045,2,活跃潜力用户,0,57.0,10.0,0.0,2.0,3.0,6.0,3.0
1014046,2,活跃潜力用户,0,144.0,1.0,6.0,0.0,6.0,39.0,0.0
1014048,0,高价值忠诚用户,0,149.0,13.0,5.0,4.0,5.0,17.0,0.0
1014055,0,高价值忠诚用户,0,2.0,0.0,0.0,4.0,4.0,5.0,1.0
1014059,2,活跃潜力用户,0,11.0,1.0,0.0,1.0,2.0,5.0,2.0
1014064,1,早期沉睡用户,1,71.0,11.0,2.0,3.0,5.0,14.0,1.0
1014069,2,活跃潜力用户,0,22.0,5.0,6.0,0.0,5.0,14.0,0.0
1014072,2,活跃潜力用户,0,99.0,2.0,0.0,3.0,6.0,20.0,0.0
1014088,1,早期沉睡用户,1,17.0,0.0,1.0,1.0,3.0,8.0,2.0
1014096,1,早期沉睡用户,1,75.0,8.0,4.0,1.0,6.0,25.0,0.0
1014108,1,早期沉睡用户,1,50.0,2.0,0.0,3.0,5.0,11.0,0.0
1014114,2,活跃潜力用户,0,15.0,2.0,0.0,1.0,4.0,10.0,0.0
101413,2,活跃潜力用户,0,27.0,2.0,0.0,0.0,3.0,9.0,0.0
1014150,1,早期沉睡用户,1,24.0,0.0,1.0,2.0,3.0,8.0,2.0
1014152,2,活跃潜力用户,0,6.0,0.0,1.0,0.0,4.0,5.0,0.0
1014153,1,早期沉睡用户,1,11.0,3.0,0.0,1.0,4.0,11.0,0.0
1014154,0,高价值忠诚用户,1,83.0,2.0,20.0,6.0,6.0,25.0,0.0
1014156,2,活跃潜力用户,0,87.0,2.0,19.0,0.0,6.0,24.0,0.0
1014166,1,早期沉睡用户,1,26.0,3.0,1.0,4.0,5.0,17.0,0.0
101417,2,活跃潜力用户,0,88.0,0.0,2.0,1.0,3.0,16.0,0.0
1014171,2,活跃潜力用户,1,4.0,1.0,0.0,1.0,3.0,4.0,0.0
1014176,1,早期沉睡用户,1,24.0,0.0,0.0,1.0,6.0,18.0,0.0
101418,1,早期沉睡用户,1,6.0,3.0,0.0,1.0,3.0,3.0,0.0
1014180,1,早期沉睡用户,1,13.0,0.0,2.0,2.0,2.0,5.0,4.0
1014192,2,活跃潜力用户,0,24.0,0.0,0.0,1.0,4.0,10.0,0.0
1014197,2,活跃潜力用户,0,45.0,7.0,0.0,1.0,4.0,19.0,0.0
1014199,2,活跃潜力用户,0,12.0,0.0,0.0,0.0,4.0,11.0,0.0
101420,0,高价值忠诚用户,0,111.0,1.0,0.0,5.0,5.0,36.0,0.0
1014207,1,早期沉睡用户,1,51.0,0.0,16.0,2.0,2.0,26.0,4.0
1014215,2,活跃潜力用户,1,0.0,0.0,0.0,1.0,1.0,1.0,0.0
101422,2,活跃潜力用户,0,10.0,0.0,0.0,0.0,3.0,3.0,1.0
1014237,2,活跃潜力用户,0,132.0,0.0,5.0,2.0,6.0,25.0,0.0
1014243,2,活跃潜力用户,0,22.0,0.0,0.0,0.0,5.0,10.0,0.0
1014245,2,活跃潜力用户,1,34.0,0.0,4.0,3.0,6.0,9.0,0.0
1014248,0,高价值忠诚用户,0,101.0,10.0,0.0,4.0,5.0,39.0,1.0
1014265,0,高价值忠诚用户,0,64.0,0.0,5.0,5.0,4.0,21.0,0.0
1014275,2,活跃潜力用户,0,5.0,1.0,0.0,0.0,1.0,5.0,4.0
1014279,2,活跃潜力用户,0,120.0,6.0,1.0,1.0,6.0,16.0,0.0
1014281,0,高价值忠诚用户,0,344.0,21.0,0.0,4.0,6.0,40.0,0.0
1014286,1,早期沉睡用户,1,129.0,5.0,0.0,3.0,6.0,29.0,0.0
1014290,2,活跃潜力用户,0,86.0,8.0,0.0,0.0,4.0,12.0,1.0
1014291,2,活跃潜力用户,0,54.0,12.0,0.0,1.0,5.0,17.0,0.0
1014303,2,活跃潜力用户,0,16.0,0.0,0.0,0.0,3.0,11.0,0.0
1014309,1,早期沉睡用户,1,70.0,2.0,1.0,4.0,6.0,18.0,0.0
101431,2,活跃潜力用户,1,12.0,5.0,0.0,1.0,3.0,3.0,0.0
1014313,2,活跃潜力用户,0,207.0,0.0,19.0,2.0,6.0,41.0,0.0
1014321,1,早期沉睡用户,1,187.0,21.0,5.0,5.0,6.0,47.0,0.0
1014326,1,早期沉睡用户,1,44.0,0.0,0.0,1.0,4.0,19.0,1.0
101433,2,活跃潜力用户,1,71.0,6.0,0.0,2.0,6.0,17.0,0.0
1014332,2,活跃潜力用户,1,39.0,0.0,3.0,1.0,4.0,14.0,0.0
101434,2,活跃潜力用户,0,44.0,0.0,0.0,0.0,3.0,14.0,1.0
1014341,0,高价值忠诚用户,0,157.0,1.0,2.0,3.0,6.0,31.0,0.0
1014344,2,活跃潜力用户,0,30.0,4.0,0.0,1.0,4.0,7.0,0.0
1014350,2,活跃潜力用户,0,3.0,0.0,0.0,0.0,1.0,1.0,1.0
1014352,2,活跃潜力用户,1,29.0,3.0,0.0,2.0,5.0,13.0,0.0
1014357,2,活跃潜力用户,0,49.0,3.0,0.0,1.0,5.0,9.0,0.0
1014358,2,活跃潜力用户,0,22.0,1.0,0.0,2.0,5.0,9.0,0.0
1014362,1,早期沉睡用户,1,9.0,1.0,0.0,1.0,3.0,4.0,3.0
1014366,1,早期沉睡用户,1,58.0,5.0,0.0,1.0,6.0,29.0,0.0
1014391,1,早期沉睡用户,1,131.0,8.0,0.0,1.0,4.0,33.0,2.0
1014418,0,高价值忠诚用户,1,101.0,17.0,2.0,13.0,6.0,27.0,0.0
1014427,0,高价值忠诚用户,0,119.0,7.0,43.0,3.0,4.0,33.0,0.0
1014431,2,活跃潜力用户,0,22.0,0.0,2.0,2.0,3.0,13.0,0.0
1014434,1,早期沉睡用户,1,46.0,5.0,0.0,1.0,3.0,14.0,0.0
1014436,2,活跃潜力用户,0,18.0,3.0,0.0,0.0,3.0,12.0,0.0
1014446,1,早期沉睡用户,1,70.0,10.0,0.0,6.0,5.0,10.0,0.0
1014449,2,活跃潜力用户,1,6.0,0.0,0.0,2.0,2.0,3.0,0.0
1014458,2,活跃潜力用户,0,3.0,1.0,0.0,1.0,2.0,3.0,0.0
1014460,2,活跃潜力用户,0,86.0,0.0,3.0,0.0,3.0,26.0,3.0
1014467,1,早期沉睡用户,1,44.0,5.0,0.0,2.0,6.0,16.0,0.0
1014472,1,早期沉睡用户,1,168.0,5.0,0.0,1.0,6.0,23.0,0.0
1014475,1,早期沉睡用户,1,90.0,1.0,10.0,4.0,6.0,9.0,0.0
1014477,2,活跃潜力用户,1,68.0,18.0,1.0,4.0,6.0,15.0,0.0
101448,1,早期沉睡用户,1,56.0,0.0,7.0,1.0,5.0,19.0,0.0
1014508,1,早期沉睡用户,1,22.0,0.0,10.0,1.0,2.0,8.0,1.0
1014517,2,活跃潜力用户,0,13.0,0.0,1.0,0.0,2.0,7.0,0.0
1014519,1,早期沉睡用户,1,65.0,8.0,0.0,2.0,6.0,13.0,0.0
1014544,0,高价值忠诚用户,0,51.0,4.0,5.0,5.0,5.0,20.0,0.0
1014550,0,高价值忠诚用户,0,138.0,10.0,0.0,5.0,6.0,29.0,0.0
1014557,0,高价值忠诚用户,0,64.0,5.0,0.0,3.0,5.0,25.0,0.0
101457,2,活跃潜力用户,0,44.0,8.0,6.0,1.0,6.0,28.0,0.0
1014570,2,活跃潜力用户,1,10.0,1.0,0.0,1.0,3.0,7.0,0.0
1014577,0,高价值忠诚用户,0,50.0,4.0,0.0,2.0,5.0,16.0,0.0
1014597,2,活跃潜力用户,0,52.0,4.0,0.0,1.0,6.0,23.0,0.0
10146,2,活跃潜力用户,0,49.0,0.0,0.0,1.0,2.0,17.0,4.0
1014605,1,早期沉睡用户,1,164.0,4.0,26.0,3.0,6.0,46.0,0.0
1014609,2,活跃潜力用户,0,44.0,4.0,0.0,0.0,4.0,14.0,0.0
1014610,0,高价值忠诚用户,0,112.0,13.0,0.0,19.0,6.0,40.0,0.0
1014614,2,活跃潜力用户,0,27.0,0.0,0.0,0.0,2.0,12.0,1.0
1014617,2,活跃潜力用户,0,4.0,0.0,0.0,0.0,2.0,4.0,3.0
1014626,2,活跃潜力用户,0,3.0,0.0,0.0,0.0,2.0,3.0,1.0
1014629,2,活跃潜力用户,0,10.0,4.0,0.0,1.0,6.0,9.0,0.0
1014633,1,早期沉睡用户,1,23.0,4.0,1.0,3.0,4.0,9.0,1.0
1014637,1,早期沉睡用户,1,310.0,18.0,1.0,3.0,6.0,49.0,0.0
1014642,1,早期沉睡用户,1,49.0,6.0,0.0,2.0,6.0,26.0,0.0
1014647,2,活跃潜力用户,0,7.0,0.0,0.0,0.0,2.0,3.0,0.0
1014652,2,活跃潜力用户,0,90.0,15.0,0.0,1.0,5.0,19.0,0.0
1014667,2,活跃潜力用户,0,52.0,6.0,0.0,0.0,6.0,17.0,0.0
1014679,2,活跃潜力用户,1,17.0,0.0,0.0,2.0,5.0,10.0,0.0
1014688,1,早期沉睡用户,1,40.0,5.0,8.0,1.0,6.0,23.0,0.0
1014694,0,高价值忠诚用户,1,44.0,1.0,1.0,6.0,6.0,13.0,0.0
1014695,2,活跃潜力用户,0,22.0,0.0,0.0,1.0,2.0,6.0,2.0
1014696,2,活跃潜力用户,0,18.0,0.0,1.0,1.0,5.0,10.0,0.0
1014704,1,早期沉睡用户,1,27.0,6.0,0.0,2.0,5.0,20.0,0.0
1014708,2,活跃潜力用户,1,26.0,0.0,2.0,2.0,4.0,9.0,0.0
1014715,1,早期沉睡用户,1,210.0,9.0,1.0,3.0,6.0,32.0,0.0
1014716,0,高价值忠诚用户,0,74.0,13.0,0.0,6.0,6.0,30.0,0.0
101473,2,活跃潜力用户,0,147.0,0.0,7.0,2.0,6.0,24.0,0.0
1014732,0,高价值忠诚用户,1,155.0,16.0,0.0,6.0,6.0,71.0,0.0
1014736,1,早期沉睡用户,1,15.0,0.0,0.0,3.0,4.0,12.0,0.0
101474,2,活跃潜力用户,0,41.0,1.0,0.0,1.0,6.0,22.0,0.0
1014742,1,早期沉睡用户,1,80.0,6.0,0.0,1.0,6.0,30.0,0.0
1014755,2,活跃潜力用户,1,45.0,2.0,0.0,1.0,3.0,9.0,0.0
1014758,2,活跃潜力用户,1,137.0,19.0,0.0,2.0,5.0,28.0,0.0
1014778,1,早期沉睡用户,1,32.0,2.0,0.0,2.0,4.0,15.0,2.0
1014782,2,活跃潜力用户,1,40.0,1.0,3.0,3.0,4.0,10.0,0.0
1014786,2,活跃潜力用户,0,14.0,1.0,0.0,0.0,4.0,3.0,0.0
1014789,0,高价值忠诚用户,0,24.0,1.0,1.0,3.0,6.0,22.0,0.0
1014805,1,早期沉睡用户,1,17.0,3.0,0.0,1.0,5.0,4.0,0.0
1014817,2,活跃潜力用户,0,56.0,6.0,0.0,1.0,6.0,38.0,0.0
1014838,2,活跃潜力用户,0,16.0,3.0,0.0,1.0,3.0,4.0,0.0
1014840,2,活跃潜力用户,1,12.0,0.0,0.0,4.0,4.0,8.0,0.0
1014846,2,活跃潜力用户,0,32.0,4.0,0.0,2.0,6.0,16.0,0.0
1014858,1,早期沉睡用户,1,20.0,0.0,0.0,2.0,4.0,7.0,0.0
1014870,2,活跃潜力用户,1,40.0,3.0,1.0,1.0,5.0,14.0,0.0
1014880,2,活跃潜力用户,0,27.0,7.0,0.0,0.0,3.0,15.0,0.0
101489,2,活跃潜力用户,0,40.0,0.0,1.0,0.0,4.0,18.0,0.0
1014896,2,活跃潜力用户,0,50.0,24.0,1.0,0.0,5.0,28.0,0.0
1014907,0,高价值忠诚用户,0,73.0,1.0,10.0,4.0,5.0,26.0,0.0
1014909,1,早期沉睡用户,1,212.0,25.0,0.0,2.0,6.0,27.0,0.0
1014912,2,活跃潜力用户,0,190.0,5.0,6.0,0.0,6.0,60.0,0.0
1014917,0,高价值忠诚用户,1,51.0,8.0,0.0,6.0,5.0,31.0,0.0
1014932,2,活跃潜力用户,0,5.0,1.0,0.0,0.0,3.0,4.0,3.0
1014933,2,活跃潜力用户,0,19.0,1.0,0.0,0.0,3.0,10.0,0.0
1014935,2,活跃潜力用户,0,15.0,0.0,0.0,1.0,3.0,7.0,0.0
1014939,2,活跃潜力用户,0,61.0,5.0,0.0,2.0,6.0,19.0,0.0
1014955,2,活跃潜力用户,0,68.0,1.0,0.0,0.0,4.0,15.0,0.0
1014959,2,活跃潜力用户,1,73.0,8.0,0.0,4.0,5.0,24.0,0.0
1014977,2,活跃潜力用户,1,8.0,1.0,0.0,1.0,4.0,4.0,0.0
1014988,1,早期沉睡用户,1,86.0,10.0,0.0,1.0,5.0,19.0,0.0
1014989,2,活跃潜力用户,1,26.0,5.0,0.0,3.0,4.0,8.0,0.0
10150,2,活跃潜力用户,0,8.0,0.0,1.0,0.0,2.0,5.0,4.0
1015007,1,早期沉睡用户,1,34.0,4.0,1.0,2.0,6.0,14.0,0.0
1015014,1,早期沉睡用户,1,56.0,1.0,0.0,1.0,3.0,24.0,2.0
101502,1,早期沉睡用户,1,31.0,1.0,0.0,2.0,6.0,14.0,0.0
1015027,2,活跃潜力用户,0,77.0,4.0,0.0,1.0,6.0,22.0,0.0
1015031,1,早期沉睡用户,1,153.0,5.0,0.0,2.0,6.0,68.0,0.0
1015032,2,活跃潜力用户,0,43.0,0.0,0.0,0.0,5.0,11.0,0.0
1015045,2,活跃潜力用户,0,39.0,7.0,4.0,1.0,5.0,19.0,0.0
1015047,2,活跃潜力用户,0,50.0,2.0,5.0,1.0,5.0,16.0,0.0
1015055,0,高价值忠诚用户,0,46.0,6.0,0.0,1.0,6.0,14.0,0.0
1015060,2,活跃潜力用户,0,74.0,6.0,0.0,1.0,3.0,12.0,0.0
1015065,0,高价值忠诚用户,0,20.0,0.0,0.0,2.0,4.0,9.0,0.0
1015075,2,活跃潜力用户,0,130.0,3.0,3.0,0.0,6.0,41.0,0.0
1015076,2,活跃潜力用户,1,5.0,0.0,0.0,1.0,2.0,2.0,0.0
1015077,1,早期沉睡用户,1,56.0,7.0,0.0,4.0,6.0,18.0,0.0
1015090,2,活跃潜力用户,0,10.0,1.0,0.0,1.0,4.0,9.0,0.0
1015099,0,高价值忠诚用户,0,51.0,8.0,0.0,4.0,6.0,26.0,0.0
1015103,2,活跃潜力用户,0,152.0,20.0,0.0,1.0,6.0,51.0,0.0
1015112,2,活跃潜力用户,0,164.0,1.0,14.0,3.0,6.0,21.0,0.0
1015115,2,活跃潜力用户,1,50.0,2.0,0.0,2.0,5.0,21.0,0.0
1015117,2,活跃潜力用户,0,32.0,0.0,2.0,2.0,4.0,7.0,0.0
1015126,1,早期沉睡用户,1,25.0,0.0,0.0,1.0,5.0,9.0,1.0
1015130,2,活跃潜力用户,0,54.0,9.0,0.0,2.0,5.0,23.0,0.0
1015143,1,早期沉睡用户,1,80.0,4.0,0.0,1.0,5.0,8.0,0.0
101515,2,活跃潜力用户,0,225.0,15.0,0.0,2.0,6.0,58.0,0.0
101516,2,活跃潜力用户,1,25.0,3.0,7.0,1.0,4.0,12.0,0.0
1015171,2,活跃潜力用户,1,36.0,10.0,0.0,1.0,4.0,25.0,0.0
1015181,2,活跃潜力用户,0,6.0,0.0,0.0,0.0,3.0,4.0,0.0
1015184,2,活跃潜力用户,0,81.0,0.0,0.0,0.0,6.0,16.0,0.0
1015186,2,活跃潜力用户,0,64.0,0.0,0.0,1.0,6.0,33.0,0.0
1015193,2,活跃潜力用户,0,27.0,2.0,0.0,2.0,3.0,4.0,0.0
1015219,0,高价值忠诚用户,1,243.0,12.0,0.0,11.0,6.0,72.0,0.0
1015228,1,早期沉睡用户,1,13.0,1.0,8.0,3.0,4.0,12.0,1.0
1015229,2,活跃潜力用户,0,123.0,11.0,0.0,2.0,4.0,36.0,0.0
1015234,2,活跃潜力用户,0,34.0,0.0,1.0,2.0,6.0,16.0,0.0
1015237,2,活跃潜力用户,0,69.0,1.0,6.0,1.0,6.0,27.0,0.0
1015250,0,高价值忠诚用户,0,119.0,11.0,0.0,2.0,5.0,48.0,0.0
1015253,2,活跃潜力用户,0,40.0,3.0,0.0,2.0,5.0,17.0,0.0
1015255,0,高价值忠诚用户,0,100.0,0.0,0.0,16.0,6.0,28.0,0.0
101526,0,高价值忠诚用户,0,82.0,2.0,0.0,10.0,5.0,22.0,0.0
101527,2,活跃潜力用户,0,9.0,0.0,0.0,2.0,2.0,6.0,0.0
1015272,2,活跃潜力用户,0,201.0,6.0,0.0,1.0,6.0,34.0,0.0
1015278,0,高价值忠诚用户,0,23.0,1.0,2.0,2.0,3.0,14.0,1.0
1015279,2,活跃潜力用户,0,49.0,5.0,0.0,3.0,6.0,18.0,0.0
101528,0,高价值忠诚用户,0,68.0,2.0,0.0,4.0,5.0,13.0,0.0
1015280,2,活跃潜力用户,0,80.0,7.0,0.0,0.0,6.0,19.0,0.0
1015283,1,早期沉睡用户,1,5.0,0.0,0.0,2.0,2.0,3.0,1.0
1015299,2,活跃潜力用户,0,4.0,0.0,0.0,0.0,2.0,2.0,0.0
1015305,0,高价值忠诚用户,0,24.0,5.0,0.0,3.0,5.0,7.0,0.0
1015328,1,早期沉睡用户,1,147.0,28.0,0.0,4.0,6.0,49.0,0.0
1015330,0,高价值忠诚用户,0,105.0,4.0,9.0,3.0,6.0,18.0,0.0
1015342,0,高价值忠诚用户,0,14.0,0.0,0.0,3.0,5.0,13.0,1.0
1015344,2,活跃潜力用户,0,11.0,5.0,0.0,0.0,5.0,10.0,0.0
1015357,2,活跃潜力用户,0,22.0,5.0,0.0,1.0,5.0,7.0,0.0
1015360,2,活跃潜力用户,1,48.0,3.0,1.0,3.0,5.0,17.0,0.0
1015375,2,活跃潜力用户,1,70.0,0.0,6.0,1.0,4.0,22.0,0.0
1015386,2,活跃潜力用户,0,1.0,0.0,1.0,0.0,2.0,2.0,3.0
1015394,2,活跃潜力用户,1,99.0,11.0,0.0,2.0,6.0,42.0,0.0
1015399,1,早期沉睡用户,1,62.0,1.0,0.0,1.0,6.0,21.0,0.0
10154,1,早期沉睡用户,1,164.0,0.0,5.0,1.0,6.0,21.0,0.0
1015403,2,活跃潜力用户,0,25.0,0.0,3.0,0.0,5.0,10.0,0.0
1015408,2,活跃潜力用户,0,10.0,1.0,0.0,1.0,4.0,9.0,1.0
1015421,0,高价值忠诚用户,0,53.0,0.0,6.0,6.0,5.0,32.0,0.0
1015430,1,早期沉睡用户,1,81.0,11.0,0.0,2.0,6.0,27.0,0.0
1015449,2,活跃潜力用户,0,8.0,0.0,1.0,0.0,4.0,9.0,0.0
1015454,0,高价值忠诚用户,0,58.0,4.0,0.0,3.0,5.0,17.0,0.0
1015458,2,活跃潜力用户,0,83.0,7.0,0.0,0.0,6.0,36.0,0.0
1015460,2,活跃潜力用户,0,11.0,0.0,0.0,1.0,3.0,3.0,2.0
1015469,2,活跃潜力用户,0,158.0,0.0,0.0,1.0,6.0,48.0,0.0
1015471,0,高价值忠诚用户,1,191.0,8.0,0.0,6.0,5.0,46.0,0.0
1015472,2,活跃潜力用户,0,41.0,0.0,5.0,1.0,4.0,13.0,0.0
1015502,2,活跃潜力用户,0,10.0,1.0,0.0,0.0,3.0,3.0,0.0
1015531,1,早期沉睡用户,1,79.0,8.0,0.0,1.0,6.0,28.0,0.0
1015539,2,活跃潜力用户,1,188.0,19.0,0.0,2.0,5.0,16.0,0.0
1015545,0,高价值忠诚用户,0,67.0,3.0,0.0,9.0,5.0,24.0,0.0
1015548,1,早期沉睡用户,1,223.0,2.0,2.0,4.0,6.0,56.0,0.0
1015551,2,活跃潜力用户,0,28.0,0.0,0.0,1.0,3.0,7.0,2.0
1015554,2,活跃潜力用户,0,28.0,9.0,0.0,1.0,5.0,11.0,0.0
101556,2,活跃潜力用户,0,31.0,3.0,1.0,2.0,4.0,15.0,2.0
1015568,1,早期沉睡用户,1,55.0,1.0,0.0,2.0,6.0,19.0,0.0
1015571,1,早期沉睡用户,1,81.0,0.0,1.0,1.0,6.0,22.0,0.0
1015572,0,高价值忠诚用户,0,231.0,2.0,28.0,6.0,6.0,52.0,0.0
1015573,2,活跃潜力用户,0,109.0,16.0,1.0,2.0,6.0,19.0,0.0
1015574,2,活跃潜力用户,0,36.0,0.0,6.0,1.0,6.0,14.0,0.0
1015578,2,活跃潜力用户,0,99.0,8.0,0.0,2.0,6.0,17.0,0.0
1015582,2,活跃潜力用户,0,10.0,3.0,0.0,0.0,3.0,4.0,0.0
1015588,1,早期沉睡用户,1,4.0,0.0,0.0,1.0,3.0,3.0,0.0
1015591,0,高价值忠诚用户,1,47.0,1.0,0.0,8.0,5.0,12.0,0.0
1015592,2,活跃潜力用户,0,3.0,0.0,0.0,0.0,1.0,2.0,3.0
10156,2,活跃潜力用户,0,30.0,0.0,0.0,0.0,5.0,15.0,0.0
1015600,2,活跃潜力用户,0,309.0,5.0,9.0,1.0,6.0,55.0,0.0
1015602,2,活跃潜力用户,0,5.0,1.0,0.0,1.0,2.0,3.0,1.0
1015621,1,早期沉睡用户,1,27.0,0.0,0.0,2.0,4.0,7.0,0.0
1015628,1,早期沉睡用户,1,34.0,4.0,1.0,1.0,5.0,25.0,0.0
1015645,1,早期沉睡用户,1,208.0,2.0,2.0,3.0,6.0,24.0,0.0
1015656,2,活跃潜力用户,0,31.0,1.0,1.0,1.0,3.0,6.0,2.0
1015659,1,早期沉睡用户,1,26.0,5.0,0.0,1.0,4.0,12.0,1.0
1015673,0,高价值忠诚用户,0,29.0,0.0,0.0,6.0,6.0,12.0,0.0
1015678,0,高价值忠诚用户,1,201.0,16.0,0.0,9.0,6.0,56.0,0.0
1015693,1,早期沉睡用户,1,21.0,3.0,0.0,2.0,6.0,8.0,0.0
1015695,2,活跃潜力用户,0,62.0,1.0,0.0,0.0,6.0,24.0,0.0
1015702,2,活跃潜力用户,0,112.0,11.0,1.0,2.0,5.0,49.0,0.0
1015706,2,活跃潜力用户,0,131.0,14.0,0.0,2.0,6.0,16.0,0.0
1015718,1,早期沉睡用户,1,27.0,0.0,0.0,4.0,6.0,17.0,0.0
1015719,2,活跃潜力用户,1,215.0,6.0,2.0,2.0,6.0,27.0,0.0
1015720,1,早期沉睡用户,1,78.0,1.0,0.0,1.0,6.0,38.0,0.0
1015740,2,活跃潜力用户,0,4.0,2.0,0.0,0.0,4.0,4.0,2.0
1015742,2,活跃潜力用户,0,17.0,9.0,0.0,0.0,3.0,9.0,0.0
1015745,1,早期沉睡用户,1,77.0,3.0,0.0,2.0,6.0,19.0,0.0
101575,1,早期沉睡用户,1,73.0,0.0,2.0,1.0,6.0,15.0,0.0
1015754,0,高价值忠诚用户,0,51.0,1.0,5.0,18.0,5.0,23.0,0.0
1015756,0,高价值忠诚用户,1,153.0,6.0,10.0,9.0,6.0,37.0,0.0
1015760,0,高价值忠诚用户,0,57.0,4.0,0.0,6.0,6.0,21.0,0.0
1015763,2,活跃潜力用户,1,22.0,0.0,2.0,3.0,4.0,11.0,0.0
1015770,1,早期沉睡用户,1,174.0,2.0,7.0,1.0,6.0,36.0,0.0
1015772,0,高价值忠诚用户,0,209.0,4.0,0.0,3.0,6.0,36.0,0.0
1015779,1,早期沉睡用户,1,17.0,0.0,0.0,1.0,2.0,9.0,1.0
1015780,2,活跃潜力用户,0,37.0,0.0,0.0,0.0,3.0,15.0,2.0
1015784,2,活跃潜力用户,0,13.0,1.0,1.0,0.0,4.0,5.0,0.0
1015787,2,活跃潜力用户,0,19.0,1.0,0.0,0.0,6.0,15.0,0.0
1015794,2,活跃潜力用户,0,23.0,3.0,0.0,3.0,5.0,8.0,0.0
1015809,1,早期沉睡用户,1,78.0,6.0,0.0,3.0,6.0,26.0,0.0
1015811,1,早期沉睡用户,1,61.0,0.0,2.0,2.0,4.0,18.0,1.0
1015814,1,早期沉睡用户,1,142.0,5.0,1.0,3.0,6.0,53.0,0.0
101583,0,高价值忠诚用户,0,13.0,1.0,0.0,2.0,5.0,7.0,0.0
1015831,2,活跃潜力用户,0,63.0,0.0,2.0,2.0,6.0,20.0,0.0
1015840,1,早期沉睡用户,1,144.0,1.0,15.0,1.0,6.0,31.0,0.0
1015846,0,高价值忠诚用户,0,120.0,3.0,13.0,3.0,6.0,32.0,0.0
1015852,2,活跃潜力用户,1,28.0,1.0,10.0,3.0,3.0,7.0,0.0
1015856,2,活跃潜力用户,0,110.0,20.0,0.0,0.0,6.0,23.0,0.0
1015870,2,活跃潜力用户,0,16.0,1.0,1.0,1.0,3.0,3.0,1.0
1015875,2,活跃潜力用户,0,15.0,3.0,0.0,1.0,4.0,7.0,0.0
1015886,0,高价值忠诚用户,0,165.0,16.0,0.0,5.0,5.0,46.0,0.0
1015887,2,活跃潜力用户,1,102.0,0.0,1.0,4.0,6.0,36.0,0.0
1015888,2,活跃潜力用户,0,14.0,0.0,1.0,0.0,4.0,9.0,0.0
101589,2,活跃潜力用户,0,16.0,0.0,0.0,1.0,4.0,7.0,0.0
1015890,2,活跃潜力用户,0,40.0,4.0,0.0,3.0,5.0,11.0,0.0
1015903,1,早期沉睡用户,1,81.0,0.0,0.0,3.0,5.0,19.0,0.0
1015907,2,活跃潜力用户,0,42.0,8.0,0.0,0.0,2.0,5.0,1.0
1015910,2,活跃潜力用户,0,5.0,0.0,0.0,1.0,3.0,6.0,1.0
1015962,2,活跃潜力用户,0,34.0,0.0,0.0,0.0,5.0,13.0,0.0
1015966,2,活跃潜力用户,0,126.0,12.0,0.0,0.0,4.0,11.0,1.0
1015974,2,活跃潜力用户,1,57.0,0.0,9.0,1.0,6.0,13.0,0.0
1015981,1,早期沉睡用户,1,127.0,5.0,0.0,1.0,5.0,31.0,0.0
1015982,2,活跃潜力用户,0,41.0,7.0,0.0,1.0,6.0,12.0,0.0
1015986,2,活跃潜力用户,0,39.0,8.0,2.0,0.0,5.0,13.0,1.0
1015988,0,高价值忠诚用户,0,248.0,23.0,9.0,1.0,6.0,60.0,0.0
101599,2,活跃潜力用户,0,55.0,0.0,0.0,0.0,6.0,14.0,0.0
1016016,2,活跃潜力用户,0,47.0,1.0,0.0,2.0,4.0,21.0,1.0
1016018,1,早期沉睡用户,1,25.0,5.0,0.0,1.0,5.0,9.0,0.0
1016020,2,活跃潜力用户,0,44.0,0.0,7.0,1.0,5.0,23.0,0.0
1016024,0,高价值忠诚用户,0,56.0,3.0,2.0,3.0,6.0,28.0,0.0
1016026,2,活跃潜力用户,0,18.0,0.0,0.0,0.0,4.0,11.0,0.0
1016054,2,活跃潜力用户,0,219.0,8.0,1.0,3.0,6.0,32.0,0.0
101606,2,活跃潜力用户,1,39.0,7.0,0.0,2.0,5.0,13.0,0.0
1016068,1,早期沉睡用户,1,181.0,23.0,0.0,1.0,6.0,39.0,0.0
1016078,1,早期沉睡用户,1,16.0,2.0,0.0,2.0,3.0,5.0,0.0
1016079,1,早期沉睡用户,1,90.0,7.0,0.0,1.0,6.0,29.0,0.0
1016083,1,早期沉睡用户,1,58.0,2.0,0.0,2.0,6.0,34.0,0.0
1016093,2,活跃潜力用户,0,261.0,57.0,0.0,1.0,6.0,37.0,0.0
1016129,2,活跃潜力用户,0,77.0,3.0,0.0,0.0,6.0,33.0,0.0
101613,2,活跃潜力用户,1,36.0,0.0,0.0,4.0,5.0,23.0,0.0
1016137,2,活跃潜力用户,0,52.0,5.0,0.0,1.0,4.0,14.0,2.0
1016154,1,早期沉睡用户,1,15.0,0.0,1.0,1.0,4.0,9.0,0.0
1016156,0,高价值忠诚用户,0,53.0,7.0,0.0,4.0,5.0,14.0,0.0
1016185,2,活跃潜力用户,0,19.0,2.0,0.0,1.0,4.0,12.0,0.0
1016191,0,高价值忠诚用户,1,86.0,20.0,0.0,5.0,6.0,29.0,0.0
1016193,2,活跃潜力用户,1,141.0,3.0,5.0,5.0,6.0,23.0,0.0
1016201,1,早期沉睡用户,1,26.0,0.0,0.0,3.0,5.0,12.0,0.0
1016203,2,活跃潜力用户,0,40.0,2.0,0.0,2.0,4.0,13.0,0.0
1016219,1,早期沉睡用户,1,74.0,1.0,15.0,2.0,3.0,41.0,1.0
1016228,1,早期沉睡用户,1,71.0,1.0,1.0,1.0,6.0,36.0,0.0
1016234,2,活跃潜力用户,0,11.0,2.0,0.0,2.0,4.0,7.0,2.0
1016237,2,活跃潜力用户,0,37.0,1.0,0.0,2.0,2.0,6.0,1.0
1016247,2,活跃潜力用户,0,18.0,1.0,2.0,1.0,5.0,13.0,0.0
1016254,2,活跃潜力用户,0,41.0,2.0,0.0,0.0,5.0,12.0,0.0
1016260,1,早期沉睡用户,1,98.0,1.0,0.0,1.0,3.0,21.0,1.0
1016265,2,活跃潜力用户,0,5.0,1.0,0.0,0.0,2.0,1.0,2.0
1016277,2,活跃潜力用户,0,33.0,2.0,3.0,0.0,5.0,10.0,0.0
1016284,2,活跃潜力用户,0,35.0,0.0,3.0,0.0,6.0,21.0,0.0
1016289,2,活跃潜力用户,1,80.0,3.0,4.0,2.0,6.0,25.0,0.0
1016293,2,活跃潜力用户,0,221.0,17.0,0.0,3.0,6.0,33.0,0.0
1016298,2,活跃潜力用户,0,38.0,4.0,0.0,0.0,3.0,9.0,0.0
1016299,1,早期沉睡用户,1,127.0,0.0,24.0,3.0,6.0,14.0,0.0
1016302,2,活跃潜力用户,0,9.0,0.0,0.0,0.0,3.0,3.0,2.0
1016304,0,高价值忠诚用户,0,46.0,2.0,0.0,3.0,6.0,14.0,0.0
1016318,1,早期沉睡用户,1,61.0,0.0,12.0,2.0,5.0,21.0,0.0
1016326,0,高价值忠诚用户,0,140.0,1.0,16.0,3.0,6.0,42.0,0.0
1016334,0,高价值忠诚用户,1,321.0,40.0,8.0,6.0,6.0,90.0,0.0
1016342,2,活跃潜力用户,0,77.0,2.0,0.0,1.0,6.0,18.0,0.0
1016350,2,活跃潜力用户,0,7.0,0.0,0.0,0.0,4.0,5.0,0.0
1016357,0,高价值忠诚用户,0,128.0,8.0,0.0,5.0,6.0,31.0,0.0
1016372,2,活跃潜力用户,0,7.0,0.0,1.0,0.0,3.0,5.0,1.0
101638,1,早期沉睡用户,1,44.0,0.0,0.0,1.0,5.0,11.0,0.0
1016384,2,活跃潜力用户,0,10.0,0.0,2.0,1.0,4.0,3.0,0.0
1016385,2,活跃潜力用户,0,49.0,10.0,0.0,0.0,6.0,21.0,0.0
1016393,1,早期沉睡用户,1,84.0,0.0,5.0,2.0,6.0,51.0,0.0
1016394,2,活跃潜力用户,1,13.0,2.0,0.0,2.0,4.0,7.0,0.0
101640,2,活跃潜力用户,0,203.0,28.0,0.0,2.0,5.0,37.0,0.0
1016415,2,活跃潜力用户,1,101.0,3.0,2.0,3.0,6.0,29.0,0.0
1016418,2,活跃潜力用户,0,5.0,0.0,0.0,0.0,1.0,2.0,1.0
1016421,1,早期沉睡用户,1,5.0,0.0,0.0,1.0,3.0,4.0,3.0
1016424,2,活跃潜力用户,0,12.0,0.0,0.0,1.0,5.0,5.0,0.0
1016430,2,活跃潜力用户,0,15.0,0.0,0.0,0.0,3.0,12.0,0.0
1016451,2,活跃潜力用户,0,68.0,0.0,1.0,0.0,6.0,17.0,0.0
1016457,2,活跃潜力用户,0,195.0,10.0,2.0,1.0,6.0,65.0,0.0
1016465,2,活跃潜力用户,0,114.0,1.0,0.0,3.0,6.0,22.0,0.0
1016467,0,高价值忠诚用户,1,44.0,4.0,0.0,7.0,5.0,19.0,0.0
1016472,2,活跃潜力用户,0,32.0,0.0,1.0,1.0,4.0,10.0,0.0
1016474,1,早期沉睡用户,1,178.0,6.0,2.0,2.0,6.0,36.0,0.0
1016479,2,活跃潜力用户,0,32.0,13.0,1.0,1.0,5.0,9.0,0.0
1016481,1,早期沉睡用户,1,9.0,0.0,0.0,2.0,3.0,6.0,3.0
1016498,0,高价值忠诚用户,0,121.0,0.0,1.0,4.0,6.0,27.0,0.0
1016501,2,活跃潜力用户,0,28.0,0.0,1.0,0.0,6.0,9.0,0.0
1016502,1,早期沉睡用户,1,33.0,2.0,0.0,2.0,3.0,8.0,0.0
1016503,2,活跃潜力用户,0,77.0,8.0,0.0,0.0,5.0,23.0,1.0
1016512,2,活跃潜力用户,0,11.0,1.0,0.0,0.0,2.0,9.0,0.0
101653,2,活跃潜力用户,0,30.0,0.0,3.0,1.0,6.0,16.0,0.0
1016542,1,早期沉睡用户,1,16.0,0.0,0.0,2.0,4.0,8.0,1.0
1016554,1,早期沉睡用户,1,174.0,15.0,2.0,3.0,6.0,49.0,0.0
1016559,2,活跃潜力用户,0,116.0,4.0,0.0,1.0,5.0,28.0,0.0
1016560,2,活跃潜力用户,0,21.0,5.0,0.0,0.0,3.0,9.0,0.0
1016562,2,活跃潜力用户,1,165.0,2.0,14.0,2.0,6.0,22.0,0.0
1016568,1,早期沉睡用户,1,135.0,0.0,0.0,1.0,6.0,35.0,0.0
1016572,1,早期沉睡用户,1,19.0,7.0,0.0,1.0,4.0,6.0,0.0
1016576,2,活跃潜力用户,0,4.0,0.0,0.0,1.0,2.0,2.0,0.0
1016579,2,活跃潜力用户,0,63.0,13.0,0.0,0.0,5.0,16.0,0.0
1016582,0,高价值忠诚用户,0,69.0,6.0,0.0,4.0,4.0,23.0,2.0
101660,0,高价值忠诚用户,0,35.0,0.0,0.0,6.0,6.0,19.0,0.0
1016605,1,早期沉睡用户,1,92.0,0.0,6.0,2.0,6.0,42.0,0.0
1016606,1,早期沉睡用户,1,25.0,3.0,2.0,1.0,4.0,15.0,0.0
101661,2,活跃潜力用户,0,31.0,0.0,1.0,0.0,4.0,10.0,0.0
1016622,0,高价值忠诚用户,0,239.0,9.0,9.0,4.0,6.0,91.0,0.0
1016639,0,高价值忠诚用户,0,129.0,0.0,3.0,3.0,6.0,31.0,0.0
1016645,1,早期沉睡用户,1,59.0,4.0,0.0,1.0,6.0,29.0,0.0
1016651,2,活跃潜力用户,0,1.0,1.0,0.0,0.0,2.0,2.0,0.0
1016653,2,活跃潜力用户,0,9.0,0.0,0.0,0.0,5.0,6.0,0.0
1016659,1,早期沉睡用户,1,8.0,0.0,2.0,2.0,2.0,5.0,2.0
101666,2,活跃潜力用户,0,10.0,2.0,0.0,0.0,4.0,6.0,0.0
1016670,2,活跃潜力用户,0,70.0,20.0,0.0,1.0,6.0,15.0,0.0
1016682,0,高价值忠诚用户,0,152.0,28.0,0.0,4.0,6.0,50.0,0.0
1016689,1,早期沉睡用户,1,29.0,0.0,0.0,2.0,5.0,3.0,0.0
1016696,2,活跃潜力用户,0,77.0,9.0,0.0,1.0,5.0,17.0,0.0
1016700,2,活跃潜力用户,0,61.0,5.0,0.0,0.0,6.0,15.0,0.0
1016710,1,早期沉睡用户,1,78.0,3.0,1.0,3.0,5.0,25.0,1.0
1016711,2,活跃潜力用户,0,75.0,5.0,0.0,2.0,6.0,25.0,0.0
1016716,2,活跃潜力用户,0,6.0,0.0,0.0,1.0,3.0,6.0,3.0
1016717,1,早期沉睡用户,1,109.0,12.0,1.0,1.0,6.0,4.0,0.0
1016721,2,活跃潜力用户,0,170.0,0.0,21.0,0.0,4.0,24.0,0.0
101673,2,活跃潜力用户,0,25.0,0.0,1.0,1.0,4.0,10.0,0.0
1016731,1,早期沉睡用户,1,56.0,0.0,2.0,1.0,6.0,22.0,0.0
1016732,2,活跃潜力用户,0,8.0,2.0,0.0,0.0,3.0,7.0,0.0
1016733,1,早期沉睡用户,1,62.0,4.0,3.0,1.0,6.0,24.0,0.0
101674,1,早期沉睡用户,1,145.0,8.0,11.0,1.0,6.0,46.0,0.0
1016741,2,活跃潜力用户,0,4.0,0.0,0.0,0.0,2.0,3.0,0.0
1016743,2,活跃潜力用户,1,7.0,1.0,0.0,1.0,4.0,3.0,0.0
1016747,0,高价值忠诚用户,0,18.0,3.0,0.0,4.0,5.0,15.0,0.0
1016759,1,早期沉睡用户,1,45.0,7.0,1.0,2.0,6.0,13.0,0.0
1016774,0,高价值忠诚用户,0,140.0,1.0,3.0,3.0,6.0,40.0,0.0
101678,0,高价值忠诚用户,0,256.0,3.0,2.0,2.0,5.0,20.0,0.0
1016783,1,早期沉睡用户,1,6.0,0.0,0.0,2.0,3.0,5.0,2.0
1016784,2,活跃潜力用户,1,27.0,6.0,0.0,2.0,4.0,13.0,0.0
1016792,0,高价值忠诚用户,0,45.0,3.0,2.0,0.0,2.0,12.0,4.0
1016799,2,活跃潜力用户,0,15.0,0.0,0.0,0.0,3.0,5.0,3.0
1016803,1,早期沉睡用户,1,55.0,0.0,0.0,3.0,5.0,19.0,0.0
1016808,1,早期沉睡用户,1,16.0,0.0,0.0,2.0,5.0,7.0,0.0
1016810,1,早期沉睡用户,1,178.0,3.0,7.0,2.0,6.0,20.0,0.0
1016832,2,活跃潜力用户,0,62.0,1.0,0.0,1.0,5.0,24.0,0.0
1016838,0,高价值忠诚用户,0,84.0,5.0,0.0,3.0,5.0,33.0,0.0
1016855,1,早期沉睡用户,1,47.0,3.0,0.0,1.0,4.0,18.0,0.0
1016872,2,活跃潜力用户,0,11.0,0.0,1.0,0.0,3.0,6.0,1.0
1016878,1,早期沉睡用户,1,32.0,13.0,0.0,1.0,3.0,3.0,0.0
1016893,2,活跃潜力用户,0,73.0,2.0,0.0,0.0,2.0,20.0,1.0
10169,1,早期沉睡用户,1,61.0,1.0,4.0,3.0,6.0,34.0,0.0
1016912,0,高价值忠诚用户,1,150.0,26.0,7.0,23.0,6.0,50.0,0.0
1016916,1,早期沉睡用户,1,41.0,1.0,0.0,1.0,5.0,20.0,1.0
1016919,2,活跃潜力用户,0,33.0,1.0,0.0,0.0,2.0,8.0,0.0
1016924,2,活跃潜力用户,0,62.0,0.0,4.0,1.0,6.0,17.0,0.0
1016928,2,活跃潜力用户,0,100.0,1.0,0.0,1.0,5.0,29.0,0.0
1016929,1,早期沉睡用户,1,11.0,1.0,0.0,1.0,4.0,8.0,1.0
1016939,2,活跃潜力用户,0,49.0,9.0,0.0,2.0,5.0,26.0,0.0
1016950,2,活跃潜力用户,0,8.0,0.0,0.0,1.0,4.0,5.0,1.0
1016965,2,活跃潜力用户,1,53.0,0.0,1.0,2.0,3.0,26.0,0.0
1016970,2,活跃潜力用户,0,70.0,4.0,2.0,0.0,3.0,20.0,0.0
1016977,0,高价值忠诚用户,0,136.0,16.0,4.0,8.0,6.0,30.0,0.0
1016990,1,早期沉睡用户,1,87.0,7.0,8.0,2.0,2.0,42.0,4.0
1016997,1,早期沉睡用户,1,52.0,0.0,2.0,1.0,5.0,22.0,1.0
1016998,2,活跃潜力用户,0,84.0,8.0,0.0,0.0,5.0,37.0,0.0
10170,0,高价值忠诚用户,0,37.0,0.0,1.0,5.0,5.0,7.0,1.0
1017001,2,活跃潜力用户,0,51.0,0.0,0.0,1.0,5.0,21.0,0.0
1017005,1,早期沉睡用户,1,64.0,10.0,0.0,3.0,6.0,17.0,0.0
1017022,1,早期沉睡用户,1,49.0,7.0,0.0,1.0,5.0,17.0,0.0
1017023,2,活跃潜力用户,0,28.0,1.0,0.0,1.0,6.0,17.0,0.0
1017027,0,高价值忠诚用户,1,216.0,18.0,0.0,10.0,6.0,32.0,0.0
1017030,0,高价值忠诚用户,0,6.0,0.0,0.0,0.0,1.0,3.0,2.0
1017032,2,活跃潜力用户,1,42.0,5.0,0.0,3.0,6.0,17.0,0.0
1017034,2,活跃潜力用户,0,7.0,0.0,0.0,0.0,2.0,4.0,0.0
1017035,2,活跃潜力用户,0,4.0,0.0,0.0,2.0,3.0,4.0,0.0
1017036,2,活跃潜力用户,0,56.0,1.0,0.0,3.0,4.0,18.0,0.0
1017046,1,早期沉睡用户,1,58.0,4.0,0.0,1.0,6.0,32.0,0.0
1017049,1,早期沉睡用户,1,3.0,2.0,0.0,1.0,4.0,6.0,2.0
1017055,0,高价值忠诚用户,0,58.0,11.0,0.0,3.0,6.0,19.0,0.0
1017058,0,高价值忠诚用户,0,18.0,10.0,0.0,0.0,3.0,9.0,0.0
1017075,1,早期沉睡用户,1,83.0,0.0,0.0,1.0,6.0,22.0,0.0
1017085,2,活跃潜力用户,0,35.0,4.0,0.0,0.0,5.0,22.0,1.0
1017100,2,活跃潜力用户,0,5.0,0.0,0.0,0.0,2.0,5.0,1.0
1017105,0,高价值忠诚用户,0,192.0,13.0,3.0,9.0,6.0,24.0,0.0
1017107,2,活跃潜力用户,0,9.0,0.0,0.0,0.0,2.0,7.0,4.0
1017110,2,活跃潜力用户,1,57.0,11.0,0.0,3.0,6.0,18.0,0.0
1017116,2,活跃潜力用户,0,22.0,6.0,11.0,0.0,4.0,15.0,0.0
1017117,0,高价值忠诚用户,0,20.0,2.0,0.0,4.0,6.0,12.0,0.0
1017130,1,早期沉睡用户,1,58.0,7.0,1.0,2.0,6.0,13.0,0.0
1017135,2,活跃潜力用户,1,16.0,0.0,1.0,2.0,6.0,7.0,0.0
1017141,2,活跃潜力用户,0,43.0,0.0,0.0,0.0,6.0,21.0,0.0
1017143,1,早期沉睡用户,1,214.0,11.0,5.0,3.0,6.0,84.0,0.0
1017170,2,活跃潜力用户,0,38.0,0.0,1.0,2.0,5.0,8.0,0.0
1017209,1,早期沉睡用户,1,114.0,4.0,1.0,3.0,6.0,41.0,0.0
1017234,2,活跃潜力用户,1,37.0,2.0,0.0,2.0,5.0,10.0,0.0
1017244,1,早期沉睡用户,1,64.0,5.0,0.0,1.0,5.0,13.0,0.0
1017269,2,活跃潜力用户,0,24.0,0.0,2.0,2.0,4.0,8.0,0.0
1017277,2,活跃潜力用户,1,124.0,6.0,23.0,2.0,6.0,61.0,0.0
1017284,2,活跃潜力用户,1,109.0,8.0,0.0,3.0,5.0,39.0,0.0
1017304,1,早期沉睡用户,1,78.0,1.0,1.0,2.0,5.0,28.0,0.0
1017315,1,早期沉睡用户,1,16.0,0.0,0.0,1.0,5.0,6.0,0.0
1017318,2,活跃潜力用户,0,68.0,11.0,0.0,1.0,5.0,9.0,1.0
101733,1,早期沉睡用户,1,57.0,0.0,0.0,1.0,6.0,12.0,0.0
1017334,0,高价值忠诚用户,0,81.0,6.0,0.0,4.0,4.0,23.0,1.0
1017353,2,活跃潜力用户,0,2.0,0.0,0.0,0.0,2.0,2.0,2.0
1017355,2,活跃潜力用户,0,12.0,0.0,1.0,1.0,2.0,4.0,0.0
1017362,1,早期沉睡用户,1,34.0,0.0,2.0,1.0,5.0,19.0,0.0
1017364,2,活跃潜力用户,0,43.0,0.0,0.0,1.0,6.0,13.0,0.0
1017368,2,活跃潜力用户,0,135.0,7.0,0.0,0.0,4.0,40.0,0.0
1017378,2,活跃潜力用户,0,24.0,3.0,0.0,1.0,6.0,12.0,0.0
1017379,2,活跃潜力用户,0,38.0,5.0,0.0,3.0,6.0,17.0,0.0
101738,1,早期沉睡用户,1,39.0,3.0,0.0,2.0,3.0,9.0,0.0
1017392,2,活跃潜力用户,0,32.0,0.0,5.0,3.0,4.0,6.0,0.0
1017407,0,高价值忠诚用户,0,14.0,1.0,0.0,1.0,3.0,5.0,2.0
1017417,2,活跃潜力用户,0,9.0,4.0,0.0,0.0,4.0,4.0,0.0
1017427,2,活跃潜力用户,0,6.0,1.0,0.0,0.0,2.0,5.0,0.0
1017432,1,早期沉睡用户,1,2.0,0.0,0.0,3.0,3.0,3.0,1.0
101744,2,活跃潜力用户,0,15.0,0.0,0.0,3.0,4.0,6.0,2.0
1017453,2,活跃潜力用户,0,5.0,0.0,0.0,0.0,2.0,5.0,2.0
1017456,2,活跃潜力用户,0,11.0,1.0,0.0,3.0,4.0,6.0,1.0
1017463,1,早期沉睡用户,1,9.0,0.0,0.0,1.0,3.0,6.0,0.0
1017469,2,活跃潜力用户,0,7.0,0.0,0.0,0.0,3.0,3.0,2.0
1017484,2,活跃潜力用户,0,7.0,5.0,0.0,0.0,3.0,3.0,2.0
1017506,1,早期沉睡用户,1,140.0,2.0,0.0,1.0,5.0,21.0,0.0
1017508,1,早期沉睡用户,1,25.0,2.0,1.0,1.0,6.0,13.0,0.0
1017509,2,活跃潜力用户,0,100.0,8.0,0.0,1.0,6.0,35.0,0.0
1017511,2,活跃潜力用户,0,137.0,1.0,5.0,0.0,6.0,41.0,0.0
1017515,2,活跃潜力用户,0,32.0,4.0,0.0,1.0,4.0,11.0,0.0
1017522,1,早期沉睡用户,1,29.0,2.0,0.0,1.0,4.0,9.0,1.0
1017525,2,活跃潜力用户,0,13.0,1.0,0.0,0.0,2.0,2.0,2.0
1017526,2,活跃潜力用户,0,248.0,2.0,7.0,1.0,6.0,49.0,0.0
1017527,0,高价值忠诚用户,0,68.0,0.0,8.0,4.0,4.0,32.0,0.0
1017543,0,高价值忠诚用户,0,93.0,5.0,0.0,6.0,5.0,28.0,0.0
1017546,1,早期沉睡用户,1,95.0,0.0,0.0,3.0,6.0,43.0,0.0
1017557,2,活跃潜力用户,0,33.0,0.0,0.0,0.0,4.0,12.0,0.0
1017562,2,活跃潜力用户,0,21.0,0.0,1.0,0.0,4.0,4.0,1.0
1017567,0,高价值忠诚用户,0,143.0,15.0,0.0,4.0,6.0,31.0,0.0
1017574,1,早期沉睡用户,1,86.0,21.0,1.0,2.0,6.0,34.0,0.0
1017575,2,活跃潜力用户,1,50.0,1.0,0.0,2.0,6.0,18.0,0.0
1017579,1,早期沉睡用户,1,89.0,14.0,5.0,3.0,6.0,32.0,0.0
1017580,2,活跃潜力用户,0,20.0,2.0,0.0,1.0,6.0,12.0,0.0
1017582,2,活跃潜力用户,1,40.0,16.0,0.0,2.0,4.0,9.0,0.0
1017585,1,早期沉睡用户,1,32.0,1.0,0.0,2.0,6.0,17.0,0.0
1017598,2,活跃潜力用户,0,51.0,1.0,1.0,1.0,5.0,21.0,1.0
1017610,1,早期沉睡用户,1,28.0,5.0,0.0,1.0,5.0,6.0,0.0
1017612,2,活跃潜力用户,0,116.0,6.0,0.0,1.0,5.0,31.0,0.0
1017613,2,活跃潜力用户,1,69.0,15.0,1.0,2.0,5.0,14.0,0.0
1017615,2,活跃潜力用户,1,43.0,5.0,0.0,2.0,5.0,26.0,0.0
1017619,2,活跃潜力用户,1,146.0,0.0,8.0,3.0,6.0,9.0,0.0
101762,1,早期沉睡用户,1,107.0,3.0,0.0,1.0,5.0,11.0,0.0
1017621,1,早期沉睡用户,1,125.0,9.0,25.0,3.0,6.0,25.0,0.0
1017625,2,活跃潜力用户,1,57.0,0.0,7.0,4.0,6.0,18.0,0.0
1017627,0,高价值忠诚用户,0,175.0,23.0,2.0,4.0,6.0,53.0,0.0
1017633,2,活跃潜力用户,0,87.0,4.0,9.0,2.0,5.0,46.0,0.0
1017649,0,高价值忠诚用户,0,13.0,0.0,1.0,0.0,4.0,4.0,1.0
1017666,2,活跃潜力用户,0,26.0,4.0,0.0,2.0,6.0,7.0,0.0
101767,2,活跃潜力用户,0,16.0,0.0,0.0,0.0,3.0,6.0,3.0
1017670,2,活跃潜力用户,0,157.0,7.0,0.0,3.0,6.0,20.0,0.0
1017674,1,早期沉睡用户,1,6.0,1.0,0.0,1.0,3.0,4.0,2.0
1017678,1,早期沉睡用户,1,57.0,0.0,4.0,3.0,3.0,14.0,0.0
1017679,2,活跃潜力用户,0,3.0,2.0,0.0,0.0,2.0,4.0,4.0
1017696,1,早期沉睡用户,1,66.0,1.0,3.0,2.0,6.0,19.0,0.0
101771,0,高价值忠诚用户,0,117.0,6.0,0.0,5.0,6.0,46.0,0.0
1017719,0,高价值忠诚用户,1,189.0,11.0,0.0,6.0,6.0,35.0,0.0
1017723,1,早期沉睡用户,1,48.0,1.0,3.0,1.0,6.0,13.0,0.0
1017725,2,活跃潜力用户,0,71.0,16.0,0.0,0.0,4.0,24.0,1.0
1017730,2,活跃潜力用户,0,80.0,3.0,0.0,1.0,6.0,27.0,0.0
1017734,1,早期沉睡用户,1,25.0,0.0,0.0,3.0,2.0,12.0,2.0
1017762,1,早期沉睡用户,1,67.0,8.0,0.0,4.0,6.0,14.0,0.0
101777,2,活跃潜力用户,0,22.0,10.0,0.0,1.0,4.0,15.0,0.0
1017770,1,早期沉睡用户,1,37.0,1.0,1.0,5.0,3.0,17.0,2.0
1017772,1,早期沉睡用户,1,124.0,18.0,1.0,1.0,6.0,25.0,0.0
1017773,2,活跃潜力用户,0,119.0,2.0,17.0,1.0,6.0,34.0,0.0
1017780,1,早期沉睡用户,1,23.0,0.0,0.0,2.0,3.0,10.0,1.0
1017785,0,高价值忠诚用户,0,134.0,0.0,12.0,6.0,6.0,44.0,0.0
1017806,1,早期沉睡用户,1,29.0,4.0,0.0,1.0,2.0,8.0,2.0
1017814,2,活跃潜力用户,0,9.0,0.0,0.0,0.0,2.0,3.0,1.0
1017822,0,高价值忠诚用户,0,89.0,4.0,1.0,6.0,6.0,22.0,0.0
1017839,1,早期沉睡用户,1,16.0,4.0,0.0,2.0,3.0,11.0,1.0
1017850,2,活跃潜力用户,0,52.0,1.0,4.0,2.0,6.0,18.0,0.0
1017860,0,高价值忠诚用户,0,191.0,1.0,12.0,2.0,5.0,33.0,0.0
1017869,2,活跃潜力用户,0,104.0,6.0,0.0,1.0,5.0,7.0,0.0
1017877,1,早期沉睡用户,1,44.0,7.0,1.0,1.0,6.0,24.0,0.0
1017890,1,早期沉睡用户,1,39.0,4.0,0.0,1.0,6.0,13.0,0.0
1017894,2,活跃潜力用户,0,41.0,5.0,0.0,0.0,3.0,16.0,0.0
10179,2,活跃潜力用户,0,94.0,3.0,18.0,0.0,6.0,37.0,0.0
1017902,0,高价值忠诚用户,0,145.0,13.0,4.0,1.0,6.0,22.0,0.0
1017904,1,早期沉睡用户,1,7.0,0.0,0.0,1.0,4.0,6.0,1.0
1017905,0,高价值忠诚用户,0,69.0,0.0,2.0,4.0,4.0,32.0,0.0
1017910,1,早期沉睡用户,1,0.0,1.0,0.0,1.0,2.0,2.0,2.0
1017915,2,活跃潜力用户,0,33.0,0.0,2.0,3.0,6.0,9.0,0.0
1017918,1,早期沉睡用户,1,40.0,1.0,0.0,1.0,3.0,12.0,1.0
1017927,2,活跃潜力用户,0,25.0,0.0,3.0,0.0,4.0,11.0,1.0
1017937,2,活跃潜力用户,0,3.0,0.0,0.0,2.0,1.0,3.0,2.0
1017938,0,高价值忠诚用户,0,83.0,6.0,0.0,0.0,6.0,18.0,0.0
1017958,2,活跃潜力用户,0,40.0,1.0,2.0,0.0,3.0,14.0,0.0
1017960,2,活跃潜力用户,0,157.0,5.0,0.0,1.0,6.0,31.0,0.0
1017965,1,早期沉睡用户,1,20.0,4.0,0.0,1.0,3.0,9.0,0.0
101797,2,活跃潜力用户,1,148.0,8.0,0.0,3.0,6.0,37.0,0.0
1017972,1,早期沉睡用户,1,69.0,9.0,0.0,4.0,5.0,21.0,0.0
1017997,2,活跃潜力用户,0,62.0,0.0,2.0,1.0,5.0,18.0,0.0
1018011,1,早期沉睡用户,1,20.0,0.0,0.0,1.0,4.0,10.0,0.0
101808,2,活跃潜力用户,0,75.0,2.0,0.0,3.0,6.0,39.0,0.0
101817,1,早期沉睡用户,1,137.0,14.0,37.0,3.0,5.0,63.0,0.0
101832,0,高价值忠诚用户,0,202.0,22.0,13.0,19.0,6.0,56.0,0.0
101838,2,活跃潜力用户,0,119.0,9.0,0.0,2.0,5.0,17.0,0.0
101843,2,活跃潜力用户,0,31.0,1.0,7.0,0.0,6.0,20.0,0.0
101855,2,活跃潜力用户,0,138.0,8.0,0.0,2.0,6.0,27.0,0.0
101861,2,活跃潜力用户,0,43.0,0.0,5.0,0.0,4.0,9.0,0.0
101872,2,活跃潜力用户,1,16.0,0.0,0.0,1.0,2.0,4.0,0.0
101896,1,早期沉睡用户,1,56.0,5.0,4.0,2.0,6.0,25.0,0.0
101904,2,活跃潜力用户,0,102.0,0.0,0.0,0.0,6.0,11.0,0.0
101907,1,早期沉睡用户,1,123.0,4.0,22.0,3.0,6.0,69.0,0.0
101909,2,活跃潜力用户,0,11.0,0.0,0.0,0.0,3.0,3.0,0.0
101918,1,早期沉睡用户,1,9.0,0.0,1.0,1.0,4.0,10.0,0.0
101929,2,活跃潜力用户,0,25.0,0.0,0.0,1.0,4.0,7.0,0.0
101947,1,早期沉睡用户,1,34.0,0.0,0.0,1.0,6.0,16.0,0.0
101951,2,活跃潜力用户,0,62.0,11.0,2.0,0.0,4.0,17.0,0.0
101953,2,活跃潜力用户,0,1.0,3.0,0.0,0.0,2.0,2.0,2.0
101954,2,活跃潜力用户,0,26.0,0.0,0.0,2.0,3.0,18.0,1.0
101982,1,早期沉睡用户,1,178.0,0.0,18.0,2.0,6.0,16.0,0.0
101983,0,高价值忠诚用户,0,52.0,6.0,0.0,5.0,5.0,24.0,0.0
101989,2,活跃潜力用户,0,89.0,4.0,0.0,0.0,6.0,37.0,0.0
10199,2,活跃潜力用户,1,175.0,0.0,0.0,2.0,6.0,25.0,0.0
102004,1,早期沉睡用户,1,36.0,5.0,0.0,1.0,5.0,18.0,0.0
102018,2,活跃潜力用户,1,10.0,0.0,0.0,1.0,4.0,10.0,0.0
102019,1,早期沉睡用户,1,80.0,3.0,3.0,4.0,5.0,17.0,0.0
102020,0,高价值忠诚用户,0,33.0,4.0,1.0,4.0,6.0,22.0,0.0
102030,1,早期沉睡用户,1,137.0,8.0,0.0,1.0,6.0,22.0,0.0
102034,1,早期沉睡用户,1,84.0,5.0,0.0,4.0,4.0,19.0,2.0
102048,0,高价值忠诚用户,0,67.0,4.0,0.0,5.0,5.0,31.0,1.0
102050,0,高价值忠诚用户,0,138.0,9.0,16.0,3.0,6.0,26.0,0.0
10206,2,活跃潜力用户,0,77.0,1.0,1.0,0.0,2.0,21.0,1.0
102069,2,活跃潜力用户,0,154.0,0.0,1.0,1.0,6.0,16.0,0.0
102075,2,活跃潜力用户,0,25.0,2.0,0.0,1.0,5.0,15.0,0.0
102083,2,活跃潜力用户,0,40.0,2.0,0.0,0.0,3.0,19.0,0.0
102088,1,早期沉睡用户,1,16.0,3.0,0.0,1.0,2.0,6.0,1.0
102101,2,活跃潜力用户,0,34.0,1.0,0.0,0.0,2.0,2.0,1.0
102103,2,活跃潜力用户,0,28.0,0.0,0.0,2.0,3.0,19.0,0.0
102110,1,早期沉睡用户,1,16.0,1.0,0.0,6.0,4.0,6.0,0.0
102111,2,活跃潜力用户,0,12.0,0.0,0.0,2.0,1.0,9.0,5.0
102119,2,活跃潜力用户,0,174.0,42.0,0.0,0.0,6.0,44.0,0.0
102120,1,早期沉睡用户,1,38.0,4.0,14.0,1.0,5.0,23.0,0.0
102124,2,活跃潜力用户,1,34.0,0.0,0.0,2.0,5.0,13.0,0.0
102126,2,活跃潜力用户,0,46.0,3.0,0.0,1.0,2.0,10.0,0.0
102138,2,活跃潜力用户,1,258.0,2.0,1.0,1.0,6.0,37.0,0.0
102159,2,活跃潜力用户,0,77.0,9.0,0.0,0.0,6.0,32.0,0.0
102162,1,早期沉睡用户,1,18.0,0.0,0.0,1.0,3.0,9.0,0.0
102163,0,高价值忠诚用户,0,41.0,1.0,0.0,2.0,6.0,15.0,0.0
102169,1,早期沉睡用户,1,15.0,0.0,0.0,1.0,6.0,6.0,0.0
10218,2,活跃潜力用户,0,90.0,1.0,0.0,1.0,6.0,28.0,0.0
102184,1,早期沉睡用户,1,104.0,0.0,20.0,1.0,6.0,12.0,0.0
102189,1,早期沉睡用户,1,135.0,2.0,0.0,1.0,6.0,27.0,0.0
102220,0,高价值忠诚用户,1,53.0,3.0,0.0,8.0,5.0,16.0,1.0
102236,1,早期沉睡用户,1,58.0,0.0,0.0,2.0,6.0,20.0,0.0
102237,1,早期沉睡用户,1,3.0,1.0,0.0,1.0,3.0,4.0,0.0
102246,2,活跃潜力用户,1,17.0,1.0,0.0,1.0,4.0,8.0,0.0
102248,2,活跃潜力用户,0,8.0,5.0,0.0,0.0,1.0,5.0,4.0
102257,0,高价值忠诚用户,0,94.0,3.0,0.0,5.0,6.0,27.0,0.0
10226,2,活跃潜力用户,0,66.0,10.0,0.0,1.0,6.0,24.0,0.0
102260,1,早期沉睡用户,1,75.0,11.0,0.0,1.0,4.0,35.0,1.0
102270,2,活跃潜力用户,0,106.0,6.0,0.0,2.0,6.0,51.0,0.0
102286,2,活跃潜力用户,0,18.0,11.0,0.0,0.0,4.0,9.0,0.0
102294,2,活跃潜力用户,0,52.0,0.0,8.0,1.0,5.0,11.0,0.0
10230,2,活跃潜力用户,0,85.0,2.0,12.0,1.0,5.0,26.0,0.0
102302,0,高价值忠诚用户,0,51.0,5.0,0.0,2.0,4.0,15.0,0.0
102304,0,高价值忠诚用户,0,26.0,2.0,0.0,5.0,5.0,16.0,0.0
102307,1,早期沉睡用户,1,46.0,8.0,19.0,2.0,6.0,31.0,0.0
102308,1,早期沉睡用户,1,38.0,2.0,0.0,1.0,6.0,21.0,0.0
102315,2,活跃潜力用户,0,81.0,2.0,0.0,1.0,3.0,7.0,0.0
102318,2,活跃潜力用户,0,82.0,4.0,0.0,1.0,6.0,26.0,0.0
102319,1,早期沉睡用户,1,25.0,2.0,0.0,3.0,5.0,7.0,0.0
102325,2,活跃潜力用户,0,9.0,0.0,0.0,1.0,4.0,5.0,1.0
10234,2,活跃潜力用户,0,4.0,1.0,0.0,0.0,2.0,4.0,0.0
102359,1,早期沉睡用户,1,64.0,0.0,0.0,3.0,5.0,19.0,0.0
10236,0,高价值忠诚用户,1,105.0,13.0,0.0,7.0,6.0,23.0,0.0
102385,0,高价值忠诚用户,0,49.0,2.0,3.0,5.0,5.0,19.0,0.0
102386,0,高价值忠诚用户,0,92.0,3.0,6.0,5.0,6.0,18.0,0.0
102390,2,活跃潜力用户,0,14.0,0.0,0.0,0.0,4.0,8.0,0.0
102391,2,活跃潜力用户,0,33.0,3.0,4.0,1.0,6.0,15.0,0.0
102397,1,早期沉睡用户,1,158.0,0.0,1.0,3.0,6.0,44.0,0.0
102398,1,早期沉睡用户,1,41.0,9.0,0.0,3.0,4.0,9.0,0.0
10240,2,活跃潜力用户,0,139.0,6.0,0.0,0.0,6.0,21.0,0.0
102403,1,早期沉睡用户,1,63.0,16.0,0.0,4.0,5.0,19.0,0.0
102409,2,活跃潜力用户,0,8.0,0.0,0.0,1.0,3.0,7.0,0.0
102410,1,早期沉睡用户,1,51.0,0.0,0.0,1.0,5.0,16.0,0.0
102417,1,早期沉睡用户,1,68.0,2.0,5.0,3.0,6.0,31.0,0.0
102422,0,高价值忠诚用户,0,59.0,4.0,0.0,2.0,6.0,18.0,0.0
102424,1,早期沉睡用户,1,50.0,1.0,3.0,2.0,6.0,16.0,0.0
102434,1,早期沉睡用户,1,83.0,12.0,0.0,3.0,3.0,15.0,3.0
102436,2,活跃潜力用户,0,17.0,1.0,0.0,0.0,3.0,7.0,0.0
102450,1,早期沉睡用户,1,23.0,0.0,0.0,1.0,2.0,10.0,1.0
10246,2,活跃潜力用户,0,101.0,6.0,0.0,0.0,5.0,24.0,0.0
102481,2,活跃潜力用户,0,193.0,2.0,5.0,1.0,5.0,29.0,0.0
102487,2,活跃潜力用户,0,32.0,0.0,0.0,1.0,6.0,20.0,0.0
102495,2,活跃潜力用户,0,44.0,1.0,0.0,2.0,6.0,16.0,0.0
102496,1,早期沉睡用户,1,42.0,1.0,0.0,3.0,5.0,13.0,0.0
102508,2,活跃潜力用户,0,35.0,6.0,0.0,0.0,3.0,13.0,0.0
102509,2,活跃潜力用户,0,31.0,1.0,0.0,0.0,2.0,18.0,2.0
102519,2,活跃潜力用户,0,111.0,6.0,1.0,1.0,5.0,38.0,1.0
102523,1,早期沉睡用户,1,90.0,0.0,0.0,2.0,6.0,21.0,0.0
102526,1,早期沉睡用户,1,126.0,14.0,1.0,1.0,5.0,20.0,0.0
102534,1,早期沉睡用户,1,177.0,8.0,0.0,1.0,6.0,38.0,0.0
102546,2,活跃潜力用户,1,150.0,9.0,1.0,3.0,6.0,19.0,0.0
102569,2,活跃潜力用户,0,16.0,0.0,0.0,1.0,4.0,6.0,0.0
10257,2,活跃潜力用户,0,5.0,0.0,5.0,0.0,1.0,3.0,0.0
102574,2,活跃潜力用户,0,104.0,6.0,0.0,4.0,6.0,21.0,0.0
102580,1,早期沉睡用户,1,1.0,1.0,0.0,1.0,2.0,2.0,1.0
102596,2,活跃潜力用户,0,14.0,0.0,0.0,1.0,2.0,7.0,0.0
102604,2,活跃潜力用户,0,23.0,0.0,0.0,0.0,4.0,8.0,0.0
102605,1,早期沉睡用户,1,25.0,0.0,0.0,2.0,6.0,11.0,0.0
102609,2,活跃潜力用户,1,49.0,3.0,0.0,1.0,4.0,10.0,0.0
102617,0,高价值忠诚用户,0,6.0,1.0,0.0,5.0,5.0,9.0,0.0
102626,2,活跃潜力用户,0,28.0,0.0,0.0,3.0,5.0,12.0,0.0
10263,1,早期沉睡用户,1,30.0,3.0,0.0,3.0,3.0,14.0,1.0
102632,0,高价值忠诚用户,0,207.0,1.0,5.0,7.0,6.0,29.0,0.0
102633,0,高价值忠诚用户,0,198.0,4.0,0.0,5.0,5.0,24.0,0.0
102634,2,活跃潜力用户,0,12.0,2.0,0.0,0.0,4.0,11.0,0.0
102642,2,活跃潜力用户,1,135.0,0.0,0.0,1.0,6.0,37.0,0.0
102644,1,早期沉睡用户,1,168.0,14.0,0.0,1.0,6.0,29.0,0.0
102647,2,活跃潜力用户,0,11.0,0.0,0.0,0.0,3.0,6.0,1.0
10265,2,活跃潜力用户,0,10.0,0.0,1.0,0.0,5.0,8.0,0.0
102654,2,活跃潜力用户,0,24.0,4.0,0.0,2.0,5.0,16.0,0.0
102662,1,早期沉睡用户,1,135.0,12.0,0.0,1.0,5.0,31.0,0.0
102664,2,活跃潜力用户,0,87.0,1.0,0.0,1.0,6.0,26.0,0.0
102666,1,早期沉睡用户,1,12.0,8.0,0.0,1.0,3.0,8.0,1.0
102667,2,活跃潜力用户,0,47.0,3.0,0.0,0.0,6.0,25.0,0.0
10267,0,高价值忠诚用户,0,86.0,10.0,1.0,4.0,6.0,15.0,0.0
102682,2,活跃潜力用户,0,94.0,3.0,0.0,3.0,6.0,27.0,0.0
102686,2,活跃潜力用户,0,55.0,0.0,2.0,1.0,4.0,14.0,1.0
102690,1,早期沉睡用户,1,162.0,2.0,11.0,1.0,6.0,26.0,0.0
102697,2,活跃潜力用户,0,9.0,5.0,1.0,2.0,5.0,10.0,1.0
102702,2,活跃潜力用户,0,39.0,2.0,2.0,0.0,6.0,19.0,0.0
102703,2,活跃潜力用户,0,89.0,7.0,0.0,3.0,6.0,14.0,0.0
102715,2,活跃潜力用户,1,128.0,18.0,0.0,2.0,6.0,31.0,0.0
102716,0,高价值忠诚用户,1,63.0,5.0,0.0,12.0,6.0,22.0,0.0
102719,0,高价值忠诚用户,0,31.0,0.0,0.0,5.0,6.0,15.0,0.0
102721,0,高价值忠诚用户,0,92.0,3.0,0.0,2.0,5.0,22.0,1.0
102728,2,活跃潜力用户,0,284.0,4.0,63.0,1.0,6.0,50.0,0.0
102731,2,活跃潜力用户,0,24.0,4.0,0.0,1.0,3.0,16.0,1.0
102742,0,高价值忠诚用户,0,59.0,10.0,1.0,12.0,5.0,31.0,0.0
102748,2,活跃潜力用户,0,37.0,0.0,0.0,0.0,5.0,13.0,0.0
102750,2,活跃潜力用户,0,25.0,1.0,0.0,0.0,2.0,10.0,1.0
102762,0,高价值忠诚用户,0,53.0,7.0,1.0,4.0,5.0,11.0,1.0
102768,2,活跃潜力用户,0,41.0,6.0,0.0,0.0,3.0,23.0,1.0
102773,0,高价值忠诚用户,0,32.0,8.0,3.0,2.0,6.0,18.0,0.0
102774,0,高价值忠诚用户,0,145.0,7.0,2.0,4.0,6.0,22.0,0.0
102783,1,早期沉睡用户,1,9.0,0.0,0.0,1.0,3.0,4.0,0.0
102784,1,早期沉睡用户,1,31.0,1.0,0.0,3.0,4.0,10.0,0.0
102788,0,高价值忠诚用户,1,73.0,8.0,1.0,8.0,3.0,13.0,0.0
10279,2,活跃潜力用户,0,52.0,7.0,1.0,0.0,6.0,12.0,0.0
102795,2,活跃潜力用户,0,7.0,0.0,0.0,2.0,4.0,6.0,0.0
102802,0,高价值忠诚用户,1,160.0,14.0,1.0,6.0,6.0,53.0,0.0
102856,2,活跃潜力用户,0,23.0,0.0,0.0,0.0,3.0,6.0,0.0
102867,2,活跃潜力用户,0,40.0,4.0,14.0,2.0,6.0,25.0,0.0
102873,2,活跃潜力用户,0,34.0,0.0,0.0,1.0,6.0,16.0,0.0
102876,2,活跃潜力用户,0,117.0,2.0,0.0,2.0,6.0,46.0,0.0
102879,2,活跃潜力用户,0,17.0,0.0,1.0,0.0,2.0,12.0,1.0
102882,2,活跃潜力用户,0,53.0,10.0,0.0,1.0,5.0,21.0,1.0
102885,2,活跃潜力用户,0,97.0,5.0,2.0,0.0,6.0,38.0,0.0
102897,2,活跃潜力用户,1,80.0,12.0,0.0,1.0,6.0,20.0,0.0
10290,2,活跃潜力用户,0,42.0,13.0,0.0,1.0,4.0,24.0,2.0
102903,2,活跃潜力用户,0,18.0,5.0,0.0,1.0,4.0,9.0,0.0
102917,1,早期沉睡用户,1,78.0,9.0,0.0,4.0,5.0,20.0,0.0
102928,1,早期沉睡用户,1,15.0,0.0,0.0,1.0,5.0,7.0,0.0
102930,1,早期沉睡用户,1,86.0,0.0,11.0,2.0,6.0,21.0,0.0
102932,2,活跃潜力用户,1,116.0,8.0,5.0,4.0,5.0,25.0,0.0
102933,0,高价值忠诚用户,0,53.0,3.0,0.0,4.0,3.0,19.0,0.0
102945,1,早期沉睡用户,1,83.0,4.0,0.0,1.0,6.0,35.0,0.0
10295,2,活跃潜力用户,0,120.0,0.0,0.0,3.0,4.0,32.0,1.0
102953,3,超级用户,0,122.0,2.0,4.0,19.0,6.0,39.0,0.0
102954,1,早期沉睡用户,1,9.0,1.0,0.0,1.0,2.0,6.0,1.0
10296,2,活跃潜力用户,0,86.0,1.0,0.0,1.0,6.0,34.0,0.0
102960,1,早期沉睡用户,1,20.0,0.0,1.0,1.0,3.0,10.0,1.0
10297,2,活跃潜力用户,0,145.0,13.0,0.0,2.0,6.0,10.0,0.0
102971,1,早期沉睡用户,1,24.0,2.0,0.0,1.0,4.0,15.0,0.0
102972,0,高价值忠诚用户,0,70.0,2.0,0.0,3.0,6.0,28.0,0.0
102976,1,早期沉睡用户,1,8.0,0.0,0.0,1.0,3.0,5.0,1.0
102981,2,活跃潜力用户,0,14.0,3.0,0.0,0.0,2.0,10.0,2.0
102986,2,活跃潜力用户,0,15.0,0.0,0.0,1.0,2.0,10.0,1.0
10299,2,活跃潜力用户,0,70.0,8.0,2.0,1.0,6.0,24.0,0.0
103001,1,早期沉睡用户,1,99.0,6.0,0.0,2.0,6.0,25.0,0.0
103004,2,活跃潜力用户,0,245.0,0.0,13.0,0.0,6.0,45.0,0.0
103005,2,活跃潜力用户,0,7.0,1.0,0.0,1.0,4.0,8.0,0.0
10301,0,高价值忠诚用户,0,145.0,3.0,17.0,2.0,6.0,19.0,0.0
103019,2,活跃潜力用户,0,8.0,0.0,0.0,0.0,2.0,5.0,4.0
103023,1,早期沉睡用户,1,20.0,0.0,0.0,1.0,4.0,8.0,0.0
103046,2,活跃潜力用户,0,63.0,7.0,0.0,0.0,6.0,19.0,0.0
103054,2,活跃潜力用户,0,79.0,2.0,3.0,2.0,6.0,14.0,0.0
10306,1,早期沉睡用户,1,9.0,1.0,0.0,1.0,4.0,5.0,1.0
103062,2,活跃潜力用户,0,11.0,0.0,0.0,3.0,3.0,7.0,0.0
103067,1,早期沉睡用户,1,10.0,1.0,0.0,1.0,2.0,6.0,2.0
103071,0,高价值忠诚用户,0,83.0,11.0,0.0,4.0,5.0,16.0,0.0
103079,1,早期沉睡用户,1,222.0,10.0,24.0,3.0,6.0,48.0,0.0
103082,2,活跃潜力用户,1,24.0,0.0,0.0,4.0,5.0,15.0,0.0
103084,2,活跃潜力用户,0,78.0,0.0,0.0,1.0,5.0,26.0,0.0
103091,1,早期沉睡用户,1,62.0,6.0,0.0,1.0,6.0,20.0,0.0
103096,0,高价值忠诚用户,0,57.0,3.0,0.0,1.0,6.0,15.0,0.0
103098,1,早期沉睡用户,1,12.0,0.0,0.0,1.0,4.0,9.0,0.0
10311,2,活跃潜力用户,1,52.0,11.0,0.0,2.0,3.0,18.0,0.0
103112,2,活跃潜力用户,0,19.0,2.0,0.0,0.0,5.0,14.0,0.0
103121,2,活跃潜力用户,0,68.0,0.0,0.0,1.0,4.0,11.0,0.0
103128,2,活跃潜力用户,0,69.0,4.0,0.0,0.0,6.0,28.0,0.0
103139,1,早期沉睡用户,1,70.0,3.0,0.0,3.0,6.0,18.0,0.0
103141,0,高价值忠诚用户,1,194.0,10.0,2.0,18.0,6.0,49.0,0.0
103143,2,活跃潜力用户,0,11.0,0.0,0.0,0.0,5.0,7.0,0.0
103146,2,活跃潜力用户,1,159.0,10.0,0.0,4.0,6.0,23.0,0.0
103147,2,活跃潜力用户,0,28.0,2.0,0.0,1.0,3.0,8.0,0.0
10315,1,早期沉睡用户,1,154.0,16.0,0.0,1.0,6.0,15.0,0.0
103151,2,活跃潜力用户,0,40.0,1.0,0.0,1.0,3.0,12.0,0.0
103153,0,高价值忠诚用户,0,16.0,0.0,0.0,8.0,4.0,5.0,0.0
103156,0,高价值忠诚用户,0,151.0,28.0,1.0,5.0,6.0,40.0,0.0
103159,2,活跃潜力用户,0,15.0,7.0,1.0,2.0,4.0,5.0,0.0
103162,2,活跃潜力用户,1,23.0,0.0,0.0,1.0,5.0,6.0,0.0
103164,1,早期沉睡用户,1,22.0,0.0,0.0,1.0,6.0,13.0,0.0
103165,2,活跃潜力用户,0,8.0,0.0,0.0,0.0,2.0,2.0,4.0
103169,1,早期沉睡用户,1,94.0,1.0,2.0,1.0,4.0,18.0,2.0
103170,2,活跃潜力用户,0,10.0,0.0,0.0,0.0,2.0,7.0,3.0
103175,2,活跃潜力用户,1,52.0,0.0,3.0,1.0,5.0,13.0,0.0
103177,2,活跃潜力用户,0,115.0,1.0,0.0,3.0,5.0,43.0,0.0
103178,2,活跃潜力用户,0,23.0,0.0,0.0,2.0,5.0,12.0,0.0
103197,0,高价值忠诚用户,0,65.0,3.0,0.0,4.0,6.0,22.0,0.0
103202,0,高价值忠诚用户,0,139.0,10.0,2.0,0.0,6.0,27.0,0.0
103207,1,早期沉睡用户,1,49.0,3.0,7.0,1.0,6.0,19.0,0.0
10321,2,活跃潜力用户,0,16.0,0.0,1.0,2.0,3.0,8.0,2.0
103213,2,活跃潜力用户,1,53.0,0.0,0.0,1.0,5.0,14.0,0.0
103229,2,活跃潜力用户,0,41.0,0.0,0.0,0.0,2.0,10.0,1.0
103242,0,高价值忠诚用户,0,58.0,5.0,0.0,12.0,6.0,30.0,0.0
103246,0,高价值忠诚用户,0,14.0,0.0,0.0,1.0,3.0,8.0,3.0
103259,1,早期沉睡用户,1,57.0,0.0,3.0,1.0,4.0,6.0,0.0
103260,1,早期沉睡用户,1,27.0,4.0,0.0,3.0,5.0,8.0,0.0
103261,1,早期沉睡用户,1,67.0,2.0,0.0,1.0,5.0,30.0,0.0
103272,1,早期沉睡用户,1,151.0,5.0,7.0,2.0,6.0,60.0,0.0
103275,2,活跃潜力用户,0,4.0,0.0,0.0,1.0,3.0,4.0,0.0
103277,1,早期沉睡用户,1,19.0,0.0,1.0,1.0,4.0,3.0,0.0
10330,2,活跃潜力用户,1,14.0,1.0,1.0,1.0,1.0,5.0,0.0
103303,0,高价值忠诚用户,0,31.0,1.0,0.0,1.0,4.0,11.0,0.0
103305,1,早期沉睡用户,1,21.0,0.0,0.0,1.0,4.0,9.0,1.0
103308,1,早期沉睡用户,1,173.0,2.0,0.0,5.0,6.0,33.0,0.0
103310,2,活跃潜力用户,0,40.0,0.0,1.0,0.0,2.0,12.0,0.0
103312,1,早期沉睡用户,1,99.0,7.0,0.0,3.0,5.0,31.0,1.0
103313,2,活跃潜力用户,1,192.0,14.0,8.0,1.0,6.0,53.0,0.0
103317,2,活跃潜力用户,0,4.0,7.0,0.0,1.0,4.0,6.0,0.0
103332,1,早期沉睡用户,1,69.0,5.0,0.0,2.0,6.0,17.0,0.0
103347,1,早期沉睡用户,1,6.0,0.0,0.0,1.0,2.0,3.0,0.0
103367,1,早期沉睡用户,1,102.0,33.0,1.0,1.0,6.0,46.0,0.0
103373,2,活跃潜力用户,0,249.0,2.0,14.0,2.0,6.0,66.0,0.0
103379,1,早期沉睡用户,1,90.0,1.0,0.0,3.0,4.0,26.0,2.0
103382,2,活跃潜力用户,1,108.0,15.0,0.0,4.0,4.0,23.0,0.0
103388,2,活跃潜力用户,0,57.0,6.0,0.0,0.0,5.0,21.0,0.0
103390,1,早期沉睡用户,1,22.0,8.0,0.0,1.0,3.0,8.0,0.0
103395,2,活跃潜力用户,0,10.0,1.0,0.0,0.0,4.0,9.0,0.0
103402,2,活跃潜力用户,0,33.0,2.0,1.0,1.0,4.0,14.0,0.0
103414,2,活跃潜力用户,0,6.0,0.0,0.0,0.0,3.0,4.0,0.0
103416,1,早期沉睡用户,1,93.0,5.0,0.0,1.0,5.0,31.0,0.0
103425,2,活跃潜力用户,0,34.0,15.0,0.0,0.0,4.0,13.0,0.0
103427,1,早期沉睡用户,1,222.0,7.0,0.0,4.0,6.0,38.0,0.0
10343,2,活跃潜力用户,0,20.0,0.0,0.0,0.0,2.0,11.0,2.0
103435,1,早期沉睡用户,1,29.0,1.0,0.0,2.0,4.0,10.0,2.0
103439,0,高价值忠诚用户,0,169.0,11.0,4.0,6.0,6.0,29.0,0.0
103446,2,活跃潜力用户,0,39.0,4.0,0.0,2.0,5.0,18.0,0.0
103448,2,活跃潜力用户,0,23.0,2.0,0.0,1.0,2.0,4.0,0.0
103454,1,早期沉睡用户,1,99.0,7.0,4.0,1.0,4.0,46.0,0.0
103458,2,活跃潜力用户,0,88.0,5.0,0.0,2.0,6.0,18.0,0.0
103463,1,早期沉睡用户,1,105.0,13.0,0.0,3.0,6.0,29.0,0.0
103469,2,活跃潜力用户,0,52.0,4.0,0.0,1.0,4.0,14.0,0.0
103480,2,活跃潜力用户,0,9.0,0.0,0.0,0.0,3.0,8.0,1.0
103481,1,早期沉睡用户,1,8.0,0.0,1.0,1.0,4.0,6.0,0.0
103492,2,活跃潜力用户,0,69.0,1.0,7.0,1.0,4.0,26.0,1.0
1035,1,早期沉睡用户,1,32.0,0.0,0.0,1.0,3.0,6.0,2.0
103509,0,高价值忠诚用户,0,68.0,0.0,17.0,7.0,5.0,27.0,0.0
103511,2,活跃潜力用户,0,77.0,4.0,3.0,1.0,6.0,51.0,0.0
103530,2,活跃潜力用户,0,17.0,10.0,0.0,0.0,3.0,14.0,1.0
103532,0,高价值忠诚用户,0,152.0,55.0,6.0,11.0,6.0,59.0,0.0
103538,2,活跃潜力用户,1,62.0,16.0,0.0,4.0,6.0,22.0,0.0
103540,2,活跃潜力用户,0,127.0,1.0,2.0,2.0,4.0,27.0,2.0
103543,1,早期沉睡用户,1,218.0,3.0,0.0,1.0,6.0,34.0,0.0
103552,0,高价值忠诚用户,1,58.0,3.0,0.0,7.0,6.0,38.0,0.0
103574,2,活跃潜力用户,0,5.0,0.0,0.0,1.0,2.0,4.0,1.0
103582,2,活跃潜力用户,0,28.0,5.0,0.0,0.0,6.0,8.0,0.0
103584,2,活跃潜力用户,0,7.0,0.0,0.0,0.0,4.0,2.0,2.0
103585,2,活跃潜力用户,0,76.0,6.0,0.0,3.0,5.0,18.0,0.0
103611,2,活跃潜力用户,0,74.0,0.0,0.0,0.0,5.0,21.0,0.0
103614,1,早期沉睡用户,1,21.0,1.0,0.0,1.0,3.0,4.0,0.0
103623,2,活跃潜力用户,1,70.0,2.0,1.0,2.0,6.0,24.0,0.0
103627,0,高价值忠诚用户,0,136.0,7.0,0.0,4.0,6.0,32.0,0.0
103628,2,活跃潜力用户,0,67.0,0.0,12.0,0.0,5.0,34.0,0.0
10363,0,高价值忠诚用户,0,70.0,37.0,0.0,5.0,6.0,50.0,0.0
103630,1,早期沉睡用户,1,14.0,0.0,1.0,1.0,4.0,14.0,2.0
103634,1,早期沉睡用户,1,39.0,8.0,0.0,3.0,6.0,17.0,0.0
103636,1,早期沉睡用户,1,30.0,2.0,2.0,1.0,6.0,11.0,0.0
103643,2,活跃潜力用户,0,9.0,0.0,0.0,1.0,3.0,6.0,2.0
10365,0,高价值忠诚用户,0,203.0,0.0,32.0,7.0,6.0,50.0,0.0
103650,1,早期沉睡用户,1,31.0,6.0,0.0,1.0,5.0,17.0,0.0
103651,1,早期沉睡用户,1,50.0,0.0,1.0,1.0,6.0,11.0,0.0
10368,2,活跃潜力用户,0,7.0,0.0,0.0,0.0,2.0,5.0,2.0
103680,2,活跃潜力用户,0,126.0,2.0,4.0,1.0,6.0,31.0,0.0
103683,1,早期沉睡用户,1,41.0,3.0,0.0,1.0,4.0,14.0,2.0
103694,2,活跃潜力用户,0,72.0,7.0,0.0,0.0,6.0,36.0,0.0
103702,2,活跃潜力用户,1,73.0,1.0,0.0,1.0,4.0,13.0,0.0
103704,2,活跃潜力用户,0,34.0,6.0,0.0,0.0,4.0,20.0,0.0
103709,1,早期沉睡用户,1,127.0,8.0,3.0,1.0,6.0,39.0,0.0
10371,1,早期沉睡用户,1,13.0,0.0,0.0,1.0,2.0,3.0,2.0
103710,0,高价值忠诚用户,0,75.0,15.0,1.0,5.0,6.0,42.0,0.0
103712,2,活跃潜力用户,0,33.0,0.0,0.0,2.0,6.0,13.0,0.0
103716,2,活跃潜力用户,0,27.0,0.0,0.0,0.0,5.0,10.0,0.0
103732,2,活跃潜力用户,1,18.0,2.0,0.0,1.0,3.0,6.0,0.0
103733,2,活跃潜力用户,0,112.0,0.0,9.0,0.0,6.0,24.0,0.0
103741,2,活跃潜力用户,1,31.0,12.0,4.0,2.0,5.0,19.0,0.0
103756,2,活跃潜力用户,0,10.0,0.0,0.0,1.0,4.0,7.0,0.0
103760,2,活跃潜力用户,0,1.0,0.0,0.0,1.0,2.0,2.0,1.0
103775,2,活跃潜力用户,0,374.0,2.0,70.0,2.0,6.0,36.0,0.0
103777,2,活跃潜力用户,0,12.0,0.0,1.0,0.0,5.0,7.0,0.0
103780,0,高价值忠诚用户,0,50.0,3.0,0.0,5.0,5.0,33.0,0.0
103790,0,高价值忠诚用户,0,183.0,0.0,18.0,5.0,5.0,16.0,0.0
103803,2,活跃潜力用户,0,82.0,14.0,0.0,1.0,5.0,12.0,0.0
103807,2,活跃潜力用户,1,76.0,2.0,0.0,1.0,5.0,26.0,0.0
103810,2,活跃潜力用户,0,69.0,2.0,1.0,1.0,4.0,12.0,0.0
103814,2,活跃潜力用户,0,108.0,16.0,0.0,0.0,6.0,26.0,0.0
103817,0,高价值忠诚用户,0,25.0,0.0,0.0,3.0,4.0,12.0,1.0
103834,2,活跃潜力用户,0,13.0,0.0,2.0,0.0,4.0,7.0,0.0
103846,2,活跃潜力用户,0,41.0,0.0,0.0,1.0,5.0,8.0,0.0
103852,0,高价值忠诚用户,0,157.0,15.0,1.0,5.0,6.0,44.0,0.0
103854,0,高价值忠诚用户,1,94.0,8.0,0.0,5.0,6.0,25.0,0.0
103856,1,早期沉睡用户,1,3.0,0.0,0.0,1.0,2.0,4.0,4.0
10386,1,早期沉睡用户,1,17.0,0.0,0.0,2.0,4.0,5.0,0.0
103863,1,早期沉睡用户,1,90.0,7.0,0.0,1.0,5.0,23.0,0.0
10388,1,早期沉睡用户,1,15.0,1.0,4.0,3.0,5.0,8.0,0.0
103884,1,早期沉睡用户,1,85.0,3.0,0.0,3.0,6.0,24.0,0.0
103895,0,高价值忠诚用户,0,76.0,8.0,0.0,7.0,6.0,28.0,0.0
103902,0,高价值忠诚用户,1,145.0,10.0,0.0,6.0,6.0,37.0,0.0
103904,0,高价值忠诚用户,0,72.0,1.0,0.0,4.0,4.0,21.0,1.0
103910,2,活跃潜力用户,0,131.0,6.0,0.0,0.0,6.0,41.0,0.0
103912,2,活跃潜力用户,0,1.0,0.0,0.0,0.0,1.0,1.0,1.0
103914,2,活跃潜力用户,0,48.0,1.0,0.0,0.0,5.0,15.0,1.0
103917,2,活跃潜力用户,0,6.0,0.0,0.0,0.0,2.0,3.0,0.0
103923,2,活跃潜力用户,1,130.0,3.0,0.0,1.0,5.0,21.0,0.0
103949,1,早期沉睡用户,1,269.0,1.0,0.0,1.0,6.0,43.0,0.0
10395,0,高价值忠诚用户,0,6.0,1.0,0.0,2.0,2.0,6.0,1.0
103957,2,活跃潜力用户,0,21.0,0.0,0.0,0.0,6.0,11.0,0.0
10396,2,活跃潜力用户,0,80.0,0.0,0.0,3.0,5.0,14.0,0.0
103965,1,早期沉睡用户,1,135.0,5.0,9.0,3.0,6.0,19.0,0.0
103966,2,活跃潜力用户,0,75.0,8.0,1.0,2.0,5.0,13.0,0.0
103973,1,早期沉睡用户,1,8.0,0.0,0.0,1.0,3.0,9.0,1.0
103983,1,早期沉睡用户,1,40.0,2.0,0.0,2.0,6.0,17.0,0.0
104005,1,早期沉睡用户,1,270.0,4.0,0.0,1.0,4.0,43.0,0.0
104010,0,高价值忠诚用户,0,77.0,2.0,2.0,4.0,6.0,22.0,0.0
104013,2,活跃潜力用户,0,19.0,1.0,0.0,2.0,4.0,7.0,1.0
104014,2,活跃潜力用户,1,55.0,5.0,0.0,1.0,6.0,23.0,0.0
104019,0,高价值忠诚用户,0,113.0,25.0,0.0,7.0,6.0,38.0,0.0
10404,2,活跃潜力用户,0,27.0,0.0,1.0,3.0,4.0,18.0,1.0
104042,1,早期沉睡用户,1,46.0,4.0,0.0,2.0,5.0,25.0,0.0
104047,2,活跃潜力用户,0,109.0,9.0,2.0,0.0,6.0,25.0,0.0
104051,2,活跃潜力用户,1,66.0,1.0,31.0,1.0,6.0,26.0,0.0
104053,2,活跃潜力用户,0,110.0,22.0,0.0,2.0,5.0,17.0,0.0
104065,2,活跃潜力用户,0,70.0,5.0,0.0,0.0,5.0,24.0,0.0
104066,2,活跃潜力用户,0,111.0,12.0,0.0,2.0,6.0,13.0,0.0
10407,0,高价值忠诚用户,0,142.0,7.0,0.0,2.0,6.0,62.0,0.0
104082,1,早期沉睡用户,1,16.0,1.0,0.0,2.0,4.0,7.0,0.0
104083,0,高价值忠诚用户,0,110.0,8.0,0.0,7.0,6.0,26.0,0.0
104088,1,早期沉睡用户,1,110.0,21.0,0.0,6.0,6.0,31.0,0.0
104098,0,高价值忠诚用户,0,113.0,4.0,0.0,5.0,6.0,34.0,0.0
104103,1,早期沉睡用户,1,18.0,0.0,5.0,2.0,3.0,6.0,2.0
104110,1,早期沉睡用户,1,57.0,2.0,0.0,2.0,6.0,21.0,0.0
104111,1,早期沉睡用户,1,26.0,2.0,0.0,2.0,4.0,6.0,1.0
104115,2,活跃潜力用户,0,14.0,0.0,0.0,0.0,4.0,4.0,0.0
104127,1,早期沉睡用户,1,12.0,0.0,0.0,1.0,4.0,7.0,0.0
104130,2,活跃潜力用户,0,22.0,0.0,0.0,0.0,6.0,11.0,0.0
104137,1,早期沉睡用户,1,32.0,1.0,2.0,2.0,5.0,11.0,0.0
104142,0,高价值忠诚用户,0,83.0,0.0,0.0,2.0,2.0,22.0,0.0
104165,2,活跃潜力用户,0,5.0,0.0,0.0,1.0,2.0,2.0,3.0
104166,0,高价值忠诚用户,0,118.0,1.0,18.0,10.0,6.0,72.0,0.0
104169,2,活跃潜力用户,0,232.0,17.0,0.0,0.0,6.0,40.0,0.0
104174,2,活跃潜力用户,0,4.0,0.0,0.0,2.0,3.0,5.0,0.0
104191,2,活跃潜力用户,0,55.0,8.0,4.0,2.0,5.0,16.0,0.0
104192,1,早期沉睡用户,1,83.0,1.0,0.0,5.0,4.0,28.0,0.0
104201,1,早期沉睡用户,1,150.0,7.0,0.0,4.0,6.0,25.0,0.0
104216,2,活跃潜力用户,0,60.0,8.0,0.0,3.0,5.0,12.0,0.0
10422,1,早期沉睡用户,1,128.0,7.0,1.0,1.0,6.0,34.0,0.0
104241,1,早期沉睡用户,1,76.0,21.0,0.0,3.0,6.0,19.0,0.0
104249,2,活跃潜力用户,0,59.0,0.0,5.0,1.0,4.0,18.0,1.0
104252,2,活跃潜力用户,1,97.0,0.0,13.0,2.0,6.0,36.0,0.0
104253,1,早期沉睡用户,1,33.0,0.0,4.0,1.0,5.0,16.0,0.0
104264,2,活跃潜力用户,1,17.0,1.0,0.0,4.0,5.0,7.0,0.0
104267,1,早期沉睡用户,1,17.0,0.0,0.0,1.0,4.0,7.0,1.0
104280,1,早期沉睡用户,1,105.0,4.0,3.0,1.0,5.0,23.0,0.0
104293,1,早期沉睡用户,1,40.0,0.0,0.0,1.0,3.0,10.0,3.0
104303,2,活跃潜力用户,0,30.0,1.0,0.0,0.0,5.0,7.0,0.0
104307,1,早期沉睡用户,1,67.0,0.0,9.0,2.0,6.0,20.0,0.0
104325,2,活跃潜力用户,0,90.0,1.0,1.0,0.0,3.0,5.0,0.0
104332,2,活跃潜力用户,1,6.0,0.0,0.0,1.0,2.0,3.0,0.0
104334,2,活跃潜力用户,0,51.0,1.0,0.0,1.0,6.0,23.0,0.0
104337,0,高价值忠诚用户,0,45.0,0.0,0.0,4.0,5.0,12.0,1.0
104338,1,早期沉睡用户,1,67.0,3.0,1.0,2.0,4.0,16.0,1.0
104346,2,活跃潜力用户,0,274.0,1.0,5.0,2.0,5.0,29.0,0.0
104349,2,活跃潜力用户,0,139.0,2.0,0.0,3.0,6.0,16.0,0.0
10435,2,活跃潜力用户,0,112.0,0.0,18.0,1.0,4.0,19.0,0.0
104356,2,活跃潜力用户,0,90.0,14.0,15.0,2.0,5.0,15.0,0.0
104363,1,早期沉睡用户,1,23.0,4.0,0.0,2.0,4.0,8.0,1.0
104366,2,活跃潜力用户,0,35.0,4.0,0.0,0.0,2.0,11.0,2.0
104368,1,早期沉睡用户,1,305.0,12.0,3.0,3.0,6.0,85.0,0.0
104382,1,早期沉睡用户,1,10.0,0.0,1.0,1.0,5.0,8.0,0.0
104391,2,活跃潜力用户,0,55.0,13.0,2.0,1.0,5.0,24.0,0.0
104398,2,活跃潜力用户,1,10.0,2.0,0.0,3.0,3.0,8.0,0.0
1044,1,早期沉睡用户,1,17.0,0.0,4.0,1.0,3.0,13.0,1.0
104406,2,活跃潜力用户,0,37.0,1.0,0.0,1.0,4.0,11.0,0.0
104420,2,活跃潜力用户,0,173.0,0.0,35.0,3.0,6.0,49.0,0.0
104423,2,活跃潜力用户,0,20.0,0.0,4.0,1.0,3.0,9.0,0.0
104430,2,活跃潜力用户,0,47.0,0.0,0.0,1.0,5.0,7.0,0.0
104432,2,活跃潜力用户,0,49.0,0.0,0.0,1.0,6.0,22.0,0.0
104450,2,活跃潜力用户,1,132.0,0.0,0.0,3.0,5.0,17.0,0.0
104460,1,早期沉睡用户,1,0.0,1.0,0.0,2.0,3.0,3.0,1.0
104478,1,早期沉睡用户,1,16.0,2.0,0.0,1.0,5.0,15.0,0.0
104486,1,早期沉睡用户,1,34.0,2.0,8.0,1.0,5.0,11.0,1.0
10449,2,活跃潜力用户,0,82.0,0.0,0.0,1.0,5.0,33.0,0.0
104490,2,活跃潜力用户,0,11.0,0.0,1.0,0.0,5.0,7.0,0.0
104495,1,早期沉睡用户,1,39.0,14.0,0.0,1.0,6.0,12.0,0.0
104498,1,早期沉睡用户,1,57.0,2.0,8.0,1.0,6.0,22.0,0.0
104503,2,活跃潜力用户,0,7.0,0.0,0.0,1.0,2.0,4.0,0.0
10452,1,早期沉睡用户,1,105.0,0.0,0.0,4.0,5.0,26.0,0.0
104520,2,活跃潜力用户,0,80.0,6.0,2.0,0.0,5.0,15.0,0.0
104521,2,活跃潜力用户,0,57.0,1.0,0.0,0.0,6.0,20.0,0.0
104542,1,早期沉睡用户,1,0.0,0.0,0.0,1.0,1.0,1.0,4.0
104570,0,高价值忠诚用户,0,157.0,6.0,56.0,6.0,6.0,49.0,0.0
10458,2,活跃潜力用户,0,39.0,2.0,0.0,1.0,5.0,13.0,0.0
104587,2,活跃潜力用户,0,87.0,0.0,0.0,1.0,6.0,10.0,0.0
104593,2,活跃潜力用户,0,43.0,1.0,0.0,1.0,5.0,8.0,0.0
104597,2,活跃潜力用户,0,26.0,0.0,0.0,0.0,3.0,8.0,2.0
104599,0,高价值忠诚用户,0,15.0,0.0,0.0,3.0,2.0,11.0,0.0
104620,0,高价值忠诚用户,0,23.0,2.0,6.0,4.0,5.0,9.0,1.0
104622,2,活跃潜力用户,0,79.0,5.0,0.0,0.0,4.0,21.0,0.0
104623,1,早期沉睡用户,1,46.0,2.0,8.0,1.0,5.0,17.0,0.0
104626,2,活跃潜力用户,0,60.0,0.0,2.0,1.0,4.0,19.0,1.0
104638,1,早期沉睡用户,1,17.0,0.0,2.0,2.0,4.0,10.0,0.0
10464,1,早期沉睡用户,1,100.0,1.0,0.0,1.0,5.0,18.0,0.0
104640,2,活跃潜力用户,0,27.0,6.0,0.0,0.0,3.0,10.0,0.0
104642,1,早期沉睡用户,1,0.0,9.0,0.0,5.0,5.0,10.0,0.0
10465,2,活跃潜力用户,0,95.0,8.0,4.0,0.0,5.0,11.0,1.0
104653,2,活跃潜力用户,0,12.0,3.0,0.0,0.0,3.0,12.0,0.0
104659,2,活跃潜力用户,0,23.0,7.0,0.0,2.0,5.0,11.0,0.0
104667,1,早期沉睡用户,1,33.0,0.0,0.0,1.0,4.0,21.0,0.0
104674,1,早期沉睡用户,1,22.0,0.0,0.0,1.0,5.0,5.0,0.0
104675,1,早期沉睡用户,1,160.0,1.0,25.0,3.0,5.0,46.0,1.0
10469,0,高价值忠诚用户,1,27.0,5.0,0.0,11.0,5.0,17.0,1.0
104690,2,活跃潜力用户,0,12.0,0.0,0.0,0.0,3.0,6.0,2.0
104691,0,高价值忠诚用户,0,22.0,9.0,0.0,3.0,4.0,10.0,0.0
104695,2,活跃潜力用户,0,15.0,0.0,0.0,2.0,5.0,12.0,0.0
104701,1,早期沉睡用户,1,43.0,8.0,0.0,3.0,6.0,12.0,0.0
104703,0,高价值忠诚用户,0,80.0,7.0,0.0,7.0,6.0,20.0,0.0
104710,0,高价值忠诚用户,0,121.0,17.0,6.0,6.0,6.0,35.0,0.0
104719,2,活跃潜力用户,0,2.0,0.0,0.0,2.0,2.0,3.0,1.0
104733,0,高价值忠诚用户,0,68.0,0.0,2.0,6.0,5.0,14.0,0.0
104734,2,活跃潜力用户,0,31.0,6.0,0.0,0.0,5.0,13.0,0.0
104742,2,活跃潜力用户,0,122.0,4.0,8.0,1.0,6.0,21.0,0.0
104749,1,早期沉睡用户,1,49.0,15.0,1.0,2.0,6.0,11.0,0.0
10476,0,高价值忠诚用户,0,33.0,1.0,0.0,4.0,6.0,10.0,0.0
104765,2,活跃潜力用户,0,133.0,0.0,0.0,0.0,3.0,30.0,0.0
104778,2,活跃潜力用户,0,7.0,0.0,0.0,2.0,2.0,3.0,3.0
104781,0,高价值忠诚用户,0,33.0,0.0,0.0,4.0,4.0,6.0,0.0
104782,2,活跃潜力用户,0,33.0,1.0,6.0,1.0,5.0,17.0,0.0
104783,1,早期沉睡用户,1,70.0,0.0,2.0,1.0,6.0,27.0,0.0
104785,0,高价值忠诚用户,0,154.0,20.0,1.0,8.0,6.0,81.0,0.0
104796,1,早期沉睡用户,1,24.0,0.0,0.0,4.0,5.0,12.0,0.0
104807,2,活跃潜力用户,1,59.0,11.0,0.0,1.0,3.0,18.0,0.0
104811,0,高价值忠诚用户,0,13.0,1.0,0.0,2.0,2.0,4.0,4.0
104820,1,早期沉睡用户,1,82.0,13.0,0.0,3.0,6.0,32.0,0.0
104822,2,活跃潜力用户,0,8.0,0.0,6.0,0.0,2.0,3.0,0.0
104823,0,高价值忠诚用户,0,58.0,0.0,0.0,4.0,3.0,15.0,0.0
104829,1,早期沉睡用户,1,86.0,2.0,0.0,3.0,5.0,40.0,0.0
104842,0,高价值忠诚用户,1,65.0,2.0,0.0,5.0,6.0,22.0,0.0
10485,2,活跃潜力用户,0,10.0,1.0,0.0,0.0,4.0,7.0,1.0
104850,1,早期沉睡用户,1,63.0,2.0,4.0,1.0,5.0,17.0,0.0
104864,1,早期沉睡用户,1,49.0,0.0,3.0,1.0,6.0,21.0,0.0
104865,1,早期沉睡用户,1,53.0,15.0,0.0,4.0,4.0,17.0,1.0
10487,1,早期沉睡用户,1,31.0,0.0,1.0,2.0,4.0,15.0,0.0
104879,2,活跃潜力用户,0,54.0,3.0,3.0,2.0,5.0,14.0,0.0
104880,1,早期沉睡用户,1,77.0,0.0,4.0,1.0,3.0,7.0,0.0
104889,2,活跃潜力用户,0,20.0,2.0,0.0,0.0,4.0,12.0,1.0
104893,2,活跃潜力用户,0,47.0,0.0,2.0,1.0,4.0,16.0,0.0
104894,0,高价值忠诚用户,0,162.0,11.0,0.0,6.0,6.0,52.0,0.0
104899,2,活跃潜力用户,0,69.0,3.0,0.0,3.0,3.0,14.0,2.0
10490,2,活跃潜力用户,0,7.0,0.0,0.0,2.0,2.0,7.0,0.0
104906,2,活跃潜力用户,0,27.0,2.0,0.0,0.0,2.0,9.0,3.0
104911,2,活跃潜力用户,0,26.0,0.0,0.0,0.0,6.0,13.0,0.0
104915,1,早期沉睡用户,1,38.0,6.0,0.0,1.0,5.0,16.0,1.0
104917,2,活跃潜力用户,0,9.0,0.0,1.0,1.0,3.0,7.0,3.0
104930,0,高价值忠诚用户,0,182.0,9.0,21.0,0.0,6.0,46.0,0.0
104933,2,活跃潜力用户,0,20.0,0.0,0.0,2.0,6.0,15.0,0.0
104935,2,活跃潜力用户,0,16.0,1.0,0.0,1.0,2.0,4.0,1.0
104936,2,活跃潜力用户,1,34.0,4.0,0.0,4.0,3.0,11.0,0.0
104939,2,活跃潜力用户,1,1.0,0.0,0.0,1.0,2.0,2.0,0.0
104944,2,活跃潜力用户,0,73.0,1.0,7.0,3.0,5.0,22.0,0.0
104958,2,活跃潜力用户,0,42.0,0.0,0.0,2.0,3.0,16.0,0.0
104965,1,早期沉睡用户,1,10.0,0.0,1.0,1.0,4.0,5.0,0.0
104991,2,活跃潜力用户,1,36.0,6.0,0.0,1.0,4.0,17.0,0.0
104997,2,活跃潜力用户,0,146.0,2.0,0.0,0.0,4.0,14.0,1.0
105000,2,活跃潜力用户,0,28.0,1.0,1.0,1.0,6.0,7.0,0.0
105016,1,早期沉睡用户,1,54.0,25.0,0.0,1.0,4.0,28.0,0.0
10502,0,高价值忠诚用户,0,28.0,0.0,2.0,3.0,3.0,17.0,0.0
105027,0,高价值忠诚用户,1,161.0,12.0,0.0,9.0,6.0,23.0,0.0
105029,1,早期沉睡用户,1,20.0,1.0,3.0,3.0,5.0,13.0,0.0
105043,2,活跃潜力用户,0,13.0,0.0,0.0,0.0,2.0,4.0,4.0
105044,0,高价值忠诚用户,0,66.0,0.0,0.0,2.0,4.0,27.0,2.0
105050,1,早期沉睡用户,1,132.0,6.0,0.0,1.0,5.0,15.0,1.0
105054,0,高价值忠诚用户,1,141.0,3.0,6.0,7.0,6.0,48.0,0.0
105059,1,早期沉睡用户,1,69.0,3.0,0.0,2.0,4.0,14.0,0.0
105060,2,活跃潜力用户,0,30.0,0.0,4.0,1.0,4.0,11.0,0.0
105081,1,早期沉睡用户,1,125.0,0.0,24.0,1.0,6.0,33.0,0.0
105088,2,活跃潜力用户,1,149.0,3.0,0.0,1.0,6.0,30.0,0.0
105116,0,高价值忠诚用户,1,82.0,16.0,1.0,7.0,6.0,32.0,0.0
10512,2,活跃潜力用户,0,34.0,1.0,0.0,1.0,6.0,15.0,0.0
105121,2,活跃潜力用户,1,52.0,2.0,1.0,2.0,5.0,16.0,0.0
105128,2,活跃潜力用户,0,166.0,17.0,0.0,0.0,6.0,37.0,0.0
10514,1,早期沉睡用户,1,46.0,10.0,0.0,1.0,4.0,21.0,0.0
105140,2,活跃潜力用户,0,20.0,2.0,0.0,2.0,2.0,4.0,0.0
105144,2,活跃潜力用户,0,46.0,0.0,3.0,2.0,5.0,22.0,0.0
105145,1,早期沉睡用户,1,344.0,9.0,1.0,1.0,6.0,62.0,0.0
10515,2,活跃潜力用户,0,38.0,0.0,0.0,0.0,3.0,13.0,1.0
105160,2,活跃潜力用户,0,30.0,2.0,44.0,1.0,6.0,31.0,0.0
105161,0,高价值忠诚用户,1,37.0,3.0,0.0,5.0,6.0,18.0,0.0
105167,1,早期沉睡用户,1,65.0,4.0,0.0,1.0,6.0,6.0,0.0
10517,2,活跃潜力用户,0,34.0,7.0,2.0,0.0,5.0,20.0,0.0
105171,2,活跃潜力用户,0,26.0,0.0,0.0,2.0,2.0,6.0,1.0
105180,2,活跃潜力用户,0,65.0,5.0,1.0,0.0,4.0,24.0,1.0
105182,2,活跃潜力用户,0,40.0,3.0,0.0,1.0,3.0,20.0,0.0
10519,2,活跃潜力用户,0,3.0,0.0,0.0,3.0,3.0,5.0,0.0
105190,2,活跃潜力用户,0,30.0,0.0,0.0,0.0,2.0,11.0,0.0
105193,1,早期沉睡用户,1,32.0,2.0,0.0,2.0,3.0,24.0,3.0
105194,2,活跃潜力用户,0,102.0,0.0,4.0,2.0,6.0,39.0,0.0
105198,1,早期沉睡用户,1,86.0,0.0,0.0,1.0,6.0,13.0,0.0
105199,2,活跃潜力用户,1,25.0,2.0,3.0,2.0,5.0,11.0,0.0
105204,0,高价值忠诚用户,0,3.0,1.0,0.0,1.0,2.0,1.0,0.0
105207,2,活跃潜力用户,0,33.0,2.0,0.0,1.0,5.0,15.0,0.0
105222,2,活跃潜力用户,0,7.0,0.0,0.0,0.0,2.0,3.0,2.0
105236,2,活跃潜力用户,0,8.0,2.0,0.0,0.0,2.0,5.0,4.0
105237,2,活跃潜力用户,1,7.0,2.0,0.0,1.0,5.0,6.0,0.0
10524,1,早期沉睡用户,1,48.0,2.0,17.0,1.0,5.0,15.0,0.0
105242,1,早期沉睡用户,1,14.0,1.0,3.0,1.0,4.0,11.0,0.0
105250,2,活跃潜力用户,1,62.0,1.0,0.0,1.0,5.0,18.0,0.0
105254,1,早期沉睡用户,1,42.0,3.0,0.0,1.0,3.0,2.0,0.0
10526,2,活跃潜力用户,0,97.0,7.0,2.0,1.0,6.0,20.0,0.0
10527,2,活跃潜力用户,0,49.0,0.0,0.0,0.0,4.0,18.0,1.0
105279,1,早期沉睡用户,1,197.0,10.0,0.0,1.0,4.0,26.0,0.0
10529,1,早期沉睡用户,1,116.0,3.0,0.0,1.0,6.0,15.0,0.0
105297,2,活跃潜力用户,0,58.0,1.0,1.0,1.0,5.0,20.0,1.0
105307,1,早期沉睡用户,1,69.0,3.0,0.0,1.0,6.0,19.0,0.0
105313,2,活跃潜力用户,0,2.0,0.0,0.0,0.0,1.0,2.0,4.0
105323,1,早期沉睡用户,1,59.0,1.0,6.0,1.0,5.0,23.0,0.0
105330,1,早期沉睡用户,1,152.0,10.0,12.0,1.0,6.0,35.0,0.0
105341,2,活跃潜力用户,0,18.0,2.0,0.0,2.0,4.0,9.0,0.0
105342,2,活跃潜力用户,0,65.0,4.0,0.0,3.0,5.0,15.0,0.0
105360,0,高价值忠诚用户,0,284.0,8.0,2.0,4.0,6.0,66.0,0.0
105364,0,高价值忠诚用户,0,127.0,6.0,0.0,5.0,5.0,24.0,0.0
105367,2,活跃潜力用户,0,75.0,2.0,0.0,1.0,5.0,19.0,0.0
105369,1,早期沉睡用户,1,66.0,3.0,0.0,1.0,6.0,19.0,0.0
105384,1,早期沉睡用户,1,23.0,1.0,2.0,2.0,3.0,9.0,0.0
105386,1,早期沉睡用户,1,23.0,3.0,0.0,1.0,2.0,6.0,4.0
105392,2,活跃潜力用户,0,40.0,0.0,2.0,0.0,3.0,5.0,0.0
105413,2,活跃潜力用户,0,4.0,0.0,1.0,1.0,3.0,6.0,0.0
10542,2,活跃潜力用户,0,8.0,0.0,0.0,0.0,1.0,3.0,5.0
105422,0,高价值忠诚用户,0,90.0,1.0,10.0,4.0,6.0,22.0,0.0
105425,2,活跃潜力用户,0,50.0,0.0,1.0,0.0,5.0,23.0,0.0
105433,2,活跃潜力用户,0,83.0,0.0,4.0,1.0,6.0,24.0,0.0
105450,1,早期沉睡用户,1,43.0,8.0,0.0,1.0,6.0,15.0,0.0
105455,0,高价值忠诚用户,1,78.0,2.0,0.0,6.0,6.0,36.0,0.0
105465,2,活跃潜力用户,0,69.0,6.0,0.0,0.0,4.0,15.0,0.0
105475,1,早期沉睡用户,1,111.0,4.0,0.0,2.0,6.0,39.0,0.0
105479,1,早期沉睡用户,1,0.0,15.0,1.0,4.0,4.0,9.0,0.0
105488,2,活跃潜力用户,0,8.0,3.0,0.0,2.0,5.0,10.0,0.0
105489,1,早期沉睡用户,1,99.0,6.0,0.0,2.0,6.0,21.0,0.0
105495,0,高价值忠诚用户,0,76.0,0.0,11.0,5.0,6.0,31.0,0.0
105506,1,早期沉睡用户,1,21.0,0.0,0.0,1.0,3.0,7.0,0.0
105509,2,活跃潜力用户,1,64.0,4.0,1.0,4.0,5.0,22.0,0.0
105515,2,活跃潜力用户,0,43.0,4.0,0.0,0.0,5.0,25.0,0.0
105516,2,活跃潜力用户,0,37.0,3.0,1.0,2.0,6.0,7.0,0.0
10552,2,活跃潜力用户,0,65.0,16.0,0.0,2.0,4.0,14.0,1.0
105521,2,活跃潜力用户,0,21.0,0.0,0.0,1.0,3.0,9.0,2.0
105530,2,活跃潜力用户,0,19.0,1.0,1.0,1.0,5.0,14.0,0.0
105536,2,活跃潜力用户,0,69.0,1.0,0.0,2.0,5.0,22.0,1.0
105540,0,高价值忠诚用户,0,151.0,16.0,3.0,8.0,6.0,26.0,0.0
105542,2,活跃潜力用户,0,63.0,10.0,4.0,1.0,6.0,28.0,0.0
105546,2,活跃潜力用户,1,122.0,0.0,0.0,1.0,6.0,36.0,0.0
105548,1,早期沉睡用户,1,17.0,7.0,0.0,1.0,3.0,10.0,0.0
105550,2,活跃潜力用户,0,191.0,12.0,2.0,1.0,6.0,25.0,0.0
105551,2,活跃潜力用户,0,168.0,10.0,0.0,0.0,6.0,34.0,0.0
105553,1,早期沉睡用户,1,64.0,4.0,0.0,1.0,2.0,11.0,4.0
105561,2,活跃潜力用户,0,69.0,0.0,1.0,0.0,6.0,26.0,0.0
105567,2,活跃潜力用户,0,7.0,0.0,1.0,1.0,2.0,3.0,2.0
105572,1,早期沉睡用户,1,24.0,0.0,1.0,1.0,3.0,10.0,3.0
105581,0,高价值忠诚用户,0,268.0,25.0,0.0,4.0,6.0,69.0,0.0
105596,0,高价值忠诚用户,1,31.0,11.0,1.0,5.0,5.0,10.0,0.0
105602,1,早期沉睡用户,1,30.0,4.0,0.0,5.0,3.0,14.0,1.0
105605,1,早期沉睡用户,1,200.0,1.0,0.0,2.0,6.0,40.0,0.0
105616,2,活跃潜力用户,0,77.0,7.0,0.0,0.0,5.0,32.0,1.0
105620,2,活跃潜力用户,0,15.0,1.0,0.0,2.0,3.0,8.0,0.0
105624,1,早期沉睡用户,1,6.0,0.0,0.0,1.0,3.0,2.0,3.0
105632,2,活跃潜力用户,1,59.0,1.0,0.0,1.0,4.0,8.0,0.0
105638,1,早期沉睡用户,1,43.0,4.0,4.0,1.0,5.0,22.0,0.0
105643,0,高价值忠诚用户,0,126.0,0.0,37.0,3.0,5.0,40.0,0.0
105654,2,活跃潜力用户,0,19.0,3.0,0.0,0.0,2.0,6.0,4.0
105657,2,活跃潜力用户,0,20.0,4.0,8.0,0.0,4.0,9.0,1.0
105673,1,早期沉睡用户,1,37.0,0.0,0.0,2.0,4.0,10.0,2.0
105675,2,活跃潜力用户,1,72.0,0.0,7.0,3.0,6.0,34.0,0.0
105689,2,活跃潜力用户,1,43.0,3.0,0.0,4.0,5.0,18.0,0.0
105698,2,活跃潜力用户,0,60.0,5.0,0.0,2.0,6.0,40.0,0.0
105712,0,高价值忠诚用户,0,6.0,0.0,0.0,1.0,2.0,4.0,0.0
105713,2,活跃潜力用户,0,11.0,5.0,0.0,2.0,4.0,10.0,1.0
105721,2,活跃潜力用户,0,16.0,5.0,0.0,0.0,2.0,10.0,4.0
105729,1,早期沉睡用户,1,178.0,0.0,11.0,4.0,6.0,45.0,0.0
105738,2,活跃潜力用户,0,140.0,0.0,14.0,1.0,5.0,36.0,0.0
105744,2,活跃潜力用户,0,1.0,0.0,2.0,0.0,3.0,3.0,1.0
105748,0,高价值忠诚用户,0,91.0,9.0,0.0,1.0,6.0,20.0,0.0
105755,1,早期沉睡用户,1,14.0,0.0,0.0,1.0,2.0,4.0,1.0
105757,2,活跃潜力用户,1,114.0,33.0,0.0,3.0,4.0,27.0,0.0
105769,0,高价值忠诚用户,1,85.0,1.0,0.0,5.0,6.0,18.0,0.0
105770,2,活跃潜力用户,0,92.0,0.0,1.0,1.0,5.0,38.0,0.0
105773,1,早期沉睡用户,1,155.0,8.0,1.0,1.0,6.0,37.0,0.0
105775,2,活跃潜力用户,0,10.0,1.0,0.0,2.0,3.0,9.0,0.0
105789,1,早期沉睡用户,1,39.0,0.0,3.0,1.0,3.0,7.0,0.0
105796,2,活跃潜力用户,0,251.0,24.0,0.0,2.0,6.0,96.0,0.0
105797,2,活跃潜力用户,0,88.0,3.0,39.0,1.0,6.0,23.0,0.0
105819,0,高价值忠诚用户,0,40.0,0.0,4.0,3.0,2.0,7.0,1.0
105823,1,早期沉睡用户,1,64.0,4.0,1.0,1.0,5.0,15.0,0.0
105858,2,活跃潜力用户,0,20.0,3.0,0.0,0.0,3.0,3.0,1.0
105861,2,活跃潜力用户,0,39.0,1.0,0.0,0.0,5.0,16.0,0.0
105873,0,高价值忠诚用户,0,13.0,1.0,0.0,3.0,3.0,5.0,2.0
105884,2,活跃潜力用户,0,3.0,0.0,0.0,0.0,1.0,3.0,0.0
105886,2,活跃潜力用户,0,21.0,2.0,9.0,1.0,5.0,13.0,0.0
105888,1,早期沉睡用户,1,127.0,11.0,0.0,1.0,5.0,16.0,0.0
105899,2,活跃潜力用户,1,279.0,8.0,9.0,3.0,6.0,25.0,0.0
105903,1,早期沉睡用户,1,213.0,1.0,35.0,4.0,4.0,34.0,0.0
105904,2,活跃潜力用户,1,59.0,4.0,0.0,1.0,4.0,15.0,0.0
105907,0,高价值忠诚用户,0,41.0,7.0,5.0,0.0,6.0,22.0,0.0
105908,1,早期沉睡用户,1,21.0,0.0,0.0,1.0,2.0,5.0,1.0
105917,1,早期沉睡用户,1,5.0,0.0,4.0,1.0,2.0,8.0,3.0
105920,2,活跃潜力用户,0,37.0,0.0,0.0,1.0,4.0,12.0,0.0
105927,1,早期沉睡用户,1,7.0,0.0,0.0,2.0,4.0,6.0,0.0
10593,2,活跃潜力用户,0,25.0,0.0,0.0,0.0,5.0,8.0,0.0
105944,1,早期沉睡用户,1,150.0,19.0,15.0,1.0,3.0,32.0,1.0
105949,2,活跃潜力用户,0,12.0,5.0,0.0,0.0,4.0,6.0,1.0
105951,2,活跃潜力用户,0,40.0,0.0,1.0,0.0,5.0,15.0,0.0
105952,1,早期沉睡用户,1,153.0,8.0,3.0,2.0,6.0,30.0,0.0
105968,1,早期沉睡用户,1,27.0,2.0,0.0,1.0,4.0,12.0,0.0
105975,2,活跃潜力用户,0,52.0,7.0,0.0,1.0,6.0,23.0,0.0
105979,1,早期沉睡用户,1,168.0,0.0,8.0,1.0,4.0,15.0,0.0
105981,1,早期沉睡用户,1,24.0,0.0,0.0,1.0,3.0,16.0,3.0
105983,2,活跃潜力用户,0,49.0,1.0,0.0,0.0,4.0,13.0,1.0
105984,2,活跃潜力用户,0,16.0,3.0,0.0,0.0,3.0,10.0,0.0
105988,1,早期沉睡用户,1,37.0,10.0,0.0,1.0,5.0,28.0,0.0
105989,2,活跃潜力用户,0,138.0,11.0,0.0,0.0,6.0,15.0,0.0
105992,1,早期沉睡用户,1,84.0,3.0,0.0,2.0,6.0,18.0,0.0
106003,1,早期沉睡用户,1,52.0,3.0,1.0,5.0,4.0,15.0,0.0
106005,1,早期沉睡用户,1,41.0,3.0,1.0,2.0,5.0,22.0,0.0
106007,2,活跃潜力用户,0,137.0,17.0,0.0,2.0,6.0,47.0,0.0
106024,2,活跃潜力用户,0,5.0,1.0,0.0,0.0,2.0,4.0,3.0
106033,2,活跃潜力用户,0,26.0,0.0,0.0,0.0,2.0,8.0,2.0
106038,2,活跃潜力用户,0,57.0,4.0,0.0,2.0,5.0,16.0,0.0
106051,2,活跃潜力用户,0,18.0,0.0,0.0,0.0,3.0,8.0,0.0
106056,1,早期沉睡用户,1,375.0,12.0,0.0,1.0,6.0,79.0,0.0
106067,0,高价值忠诚用户,0,72.0,0.0,3.0,2.0,5.0,17.0,0.0
106077,2,活跃潜力用户,0,1.0,0.0,0.0,0.0,1.0,1.0,4.0
10608,0,高价值忠诚用户,0,137.0,0.0,3.0,0.0,6.0,27.0,0.0
106080,0,高价值忠诚用户,0,166.0,9.0,7.0,6.0,6.0,51.0,0.0
106084,1,早期沉睡用户,1,32.0,8.0,0.0,2.0,5.0,11.0,1.0
106087,2,活跃潜力用户,0,28.0,7.0,0.0,2.0,5.0,18.0,0.0
106090,2,活跃潜力用户,0,19.0,0.0,0.0,0.0,5.0,9.0,0.0
106100,1,早期沉睡用户,1,6.0,1.0,0.0,1.0,2.0,4.0,1.0
106107,2,活跃潜力用户,1,54.0,0.0,0.0,3.0,5.0,18.0,0.0
106118,0,高价值忠诚用户,0,126.0,11.0,1.0,7.0,6.0,52.0,0.0
106123,1,早期沉睡用户,1,177.0,0.0,26.0,1.0,6.0,45.0,0.0
106134,2,活跃潜力用户,0,7.0,0.0,0.0,0.0,2.0,6.0,1.0
106135,1,早期沉睡用户,1,23.0,1.0,0.0,1.0,4.0,8.0,0.0
106142,0,高价值忠诚用户,0,67.0,5.0,1.0,4.0,6.0,20.0,0.0
106144,2,活跃潜力用户,0,80.0,1.0,3.0,1.0,5.0,15.0,0.0
106147,1,早期沉睡用户,1,125.0,27.0,0.0,3.0,6.0,21.0,0.0
10615,2,活跃潜力用户,1,193.0,8.0,2.0,1.0,6.0,42.0,0.0
106157,2,活跃潜力用户,0,24.0,0.0,0.0,0.0,2.0,11.0,3.0
10618,2,活跃潜力用户,0,11.0,9.0,0.0,2.0,3.0,9.0,1.0
106189,2,活跃潜力用户,1,167.0,0.0,2.0,4.0,5.0,16.0,0.0
106190,0,高价值忠诚用户,1,210.0,8.0,3.0,6.0,6.0,58.0,0.0
106193,1,早期沉睡用户,1,57.0,2.0,0.0,1.0,5.0,19.0,0.0
106194,2,活跃潜力用户,0,42.0,8.0,0.0,1.0,5.0,21.0,0.0
106199,1,早期沉睡用户,1,17.0,1.0,0.0,1.0,4.0,8.0,0.0
106200,2,活跃潜力用户,0,73.0,3.0,2.0,1.0,5.0,26.0,0.0
106207,2,活跃潜力用户,0,32.0,0.0,0.0,0.0,5.0,7.0,0.0
106213,2,活跃潜力用户,0,16.0,2.0,1.0,1.0,6.0,13.0,0.0
106216,2,活跃潜力用户,0,18.0,4.0,3.0,2.0,4.0,14.0,0.0
10622,2,活跃潜力用户,1,39.0,2.0,0.0,4.0,4.0,12.0,0.0
106223,1,早期沉睡用户,1,56.0,4.0,0.0,4.0,5.0,28.0,1.0
106230,1,早期沉睡用户,1,8.0,0.0,4.0,1.0,3.0,5.0,1.0
106235,0,高价值忠诚用户,0,92.0,0.0,2.0,2.0,6.0,36.0,0.0
106252,1,早期沉睡用户,1,167.0,16.0,30.0,1.0,6.0,53.0,0.0
106255,1,早期沉睡用户,1,49.0,21.0,13.0,2.0,5.0,20.0,0.0
106260,2,活跃潜力用户,0,28.0,0.0,15.0,1.0,6.0,11.0,0.0
106267,2,活跃潜力用户,0,37.0,8.0,0.0,0.0,2.0,5.0,0.0
106276,2,活跃潜力用户,0,66.0,8.0,0.0,1.0,5.0,18.0,1.0
10628,2,活跃潜力用户,0,56.0,3.0,0.0,1.0,6.0,28.0,0.0
106286,3,超级用户,0,243.0,48.0,0.0,16.0,6.0,45.0,0.0
10629,1,早期沉睡用户,1,16.0,5.0,0.0,2.0,5.0,10.0,1.0
10630,2,活跃潜力用户,1,23.0,5.0,1.0,2.0,3.0,8.0,0.0
106303,2,活跃潜力用户,0,20.0,1.0,0.0,0.0,2.0,8.0,0.0
106334,1,早期沉睡用户,1,8.0,3.0,0.0,1.0,3.0,6.0,0.0
106347,2,活跃潜力用户,1,146.0,6.0,0.0,1.0,5.0,46.0,0.0
106353,2,活跃潜力用户,0,35.0,1.0,0.0,0.0,6.0,16.0,0.0
106355,1,早期沉睡用户,1,146.0,0.0,9.0,1.0,6.0,24.0,0.0
106363,2,活跃潜力用户,0,24.0,5.0,0.0,0.0,4.0,20.0,0.0
106364,2,活跃潜力用户,0,105.0,5.0,49.0,2.0,6.0,43.0,0.0
106370,1,早期沉睡用户,1,92.0,10.0,0.0,4.0,6.0,42.0,0.0
106382,2,活跃潜力用户,1,19.0,4.0,1.0,2.0,4.0,8.0,0.0
106392,0,高价值忠诚用户,0,24.0,12.0,0.0,4.0,5.0,11.0,0.0
106395,2,活跃潜力用户,0,84.0,4.0,15.0,3.0,6.0,16.0,0.0
106400,0,高价值忠诚用户,0,129.0,7.0,0.0,2.0,6.0,33.0,0.0
106413,2,活跃潜力用户,0,20.0,0.0,0.0,1.0,3.0,12.0,0.0
106415,0,高价值忠诚用户,0,86.0,13.0,11.0,4.0,6.0,41.0,0.0
106416,2,活跃潜力用户,0,19.0,0.0,4.0,1.0,6.0,11.0,0.0
10642,2,活跃潜力用户,1,58.0,0.0,2.0,1.0,6.0,15.0,0.0
106424,2,活跃潜力用户,0,60.0,5.0,0.0,3.0,5.0,22.0,1.0
106435,0,高价值忠诚用户,0,41.0,7.0,0.0,4.0,5.0,14.0,1.0
106437,2,活跃潜力用户,1,41.0,1.0,3.0,1.0,4.0,13.0,0.0
10645,2,活跃潜力用户,0,36.0,0.0,1.0,0.0,4.0,11.0,0.0
106457,2,活跃潜力用户,0,195.0,9.0,0.0,0.0,6.0,53.0,0.0
106468,2,活跃潜力用户,1,33.0,2.0,7.0,3.0,6.0,13.0,0.0
106473,1,早期沉睡用户,1,75.0,3.0,0.0,1.0,5.0,21.0,0.0
106478,2,活跃潜力用户,0,9.0,7.0,0.0,0.0,2.0,7.0,0.0
106488,2,活跃潜力用户,0,4.0,0.0,5.0,0.0,2.0,5.0,0.0
106489,1,早期沉睡用户,1,33.0,3.0,0.0,5.0,5.0,17.0,0.0
106501,2,活跃潜力用户,0,16.0,0.0,0.0,0.0,4.0,9.0,1.0
106507,2,活跃潜力用户,0,46.0,2.0,3.0,0.0,6.0,23.0,0.0
106514,1,早期沉睡用户,1,115.0,8.0,7.0,2.0,6.0,45.0,0.0
106518,1,早期沉睡用户,1,34.0,3.0,0.0,1.0,4.0,13.0,1.0
106525,1,早期沉睡用户,1,22.0,2.0,5.0,2.0,4.0,11.0,0.0
106526,2,活跃潜力用户,0,205.0,16.0,0.0,2.0,6.0,28.0,0.0
106530,1,早期沉睡用户,1,44.0,0.0,7.0,1.0,4.0,18.0,0.0
106531,0,高价值忠诚用户,0,17.0,0.0,0.0,1.0,3.0,6.0,1.0
106532,2,活跃潜力用户,0,59.0,3.0,0.0,3.0,6.0,12.0,0.0
106549,2,活跃潜力用户,0,105.0,8.0,0.0,2.0,6.0,15.0,0.0
106550,1,早期沉睡用户,1,108.0,6.0,0.0,2.0,6.0,26.0,0.0
10656,2,活跃潜力用户,0,70.0,2.0,0.0,0.0,5.0,24.0,1.0
106561,2,活跃潜力用户,0,1.0,0.0,0.0,0.0,1.0,1.0,4.0
106566,1,早期沉睡用户,1,70.0,0.0,6.0,1.0,5.0,10.0,0.0
106573,1,早期沉睡用户,1,39.0,2.0,0.0,3.0,3.0,14.0,1.0
106596,2,活跃潜力用户,1,159.0,22.0,0.0,4.0,6.0,50.0,0.0
106600,2,活跃潜力用户,0,38.0,9.0,0.0,2.0,4.0,10.0,0.0
106603,0,高价值忠诚用户,0,272.0,7.0,0.0,2.0,6.0,101.0,0.0
106613,2,活跃潜力用户,0,31.0,0.0,0.0,0.0,5.0,12.0,0.0
106617,0,高价值忠诚用户,0,54.0,0.0,0.0,9.0,3.0,17.0,0.0
106621,1,早期沉睡用户,1,33.0,0.0,6.0,1.0,5.0,13.0,1.0
106634,1,早期沉睡用户,1,109.0,11.0,2.0,2.0,6.0,37.0,0.0
106635,0,高价值忠诚用户,0,107.0,10.0,0.0,6.0,6.0,41.0,0.0
106640,2,活跃潜力用户,0,3.0,0.0,0.0,0.0,1.0,2.0,0.0
106649,0,高价值忠诚用户,0,65.0,10.0,0.0,2.0,5.0,28.0,0.0
106655,2,活跃潜力用户,1,5.0,3.0,0.0,2.0,4.0,4.0,0.0
106663,0,高价值忠诚用户,0,141.0,2.0,0.0,6.0,6.0,31.0,0.0
10667,2,活跃潜力用户,1,7.0,3.0,0.0,1.0,2.0,2.0,0.0
10668,0,高价值忠诚用户,0,108.0,8.0,0.0,6.0,6.0,36.0,0.0
106681,2,活跃潜力用户,0,4.0,0.0,0.0,0.0,2.0,2.0,0.0
10669,1,早期沉睡用户,1,56.0,0.0,1.0,2.0,6.0,13.0,0.0
106699,2,活跃潜力用户,0,95.0,0.0,25.0,1.0,5.0,32.0,1.0
106701,1,早期沉睡用户,1,32.0,0.0,0.0,2.0,6.0,14.0,0.0
106703,2,活跃潜力用户,0,5.0,0.0,0.0,1.0,2.0,2.0,1.0
10671,1,早期沉睡用户,1,129.0,3.0,0.0,1.0,6.0,24.0,0.0
106723,2,活跃潜力用户,0,5.0,0.0,0.0,1.0,2.0,2.0,0.0
106724,1,早期沉睡用户,1,17.0,0.0,0.0,1.0,5.0,9.0,0.0
106742,2,活跃潜力用户,0,41.0,0.0,0.0,1.0,5.0,9.0,0.0
106749,0,高价值忠诚用户,1,46.0,7.0,0.0,5.0,6.0,18.0,0.0
106757,2,活跃潜力用户,0,9.0,0.0,0.0,0.0,2.0,3.0,4.0
106759,1,早期沉睡用户,1,28.0,9.0,0.0,1.0,3.0,19.0,2.0
10676,1,早期沉睡用户,1,4.0,0.0,0.0,1.0,2.0,3.0,1.0
106789,2,活跃潜力用户,0,18.0,0.0,0.0,0.0,5.0,11.0,0.0
106790,2,活跃潜力用户,0,64.0,0.0,4.0,0.0,5.0,18.0,0.0
10680,2,活跃潜力用户,0,20.0,0.0,0.0,0.0,3.0,5.0,0.0
106800,2,活跃潜力用户,0,6.0,0.0,0.0,0.0,2.0,3.0,3.0
10681,0,高价值忠诚用户,1,126.0,11.0,0.0,12.0,6.0,35.0,0.0
106814,1,早期沉睡用户,1,114.0,2.0,0.0,1.0,6.0,51.0,0.0
106815,2,活跃潜力用户,0,65.0,0.0,11.0,1.0,6.0,10.0,0.0
106818,2,活跃潜力用户,0,17.0,7.0,0.0,0.0,3.0,13.0,1.0
106827,1,早期沉睡用户,1,66.0,4.0,1.0,1.0,4.0,20.0,0.0
10683,2,活跃潜力用户,0,21.0,0.0,0.0,3.0,4.0,9.0,0.0
106836,1,早期沉睡用户,1,36.0,1.0,3.0,3.0,4.0,14.0,0.0
106838,0,高价值忠诚用户,0,142.0,22.0,5.0,3.0,6.0,30.0,0.0
106848,2,活跃潜力用户,0,20.0,1.0,0.0,0.0,4.0,11.0,0.0
106852,1,早期沉睡用户,1,41.0,1.0,0.0,2.0,5.0,10.0,0.0
106854,2,活跃潜力用户,0,3.0,0.0,0.0,0.0,3.0,3.0,1.0
106858,1,早期沉睡用户,1,84.0,2.0,0.0,2.0,6.0,21.0,0.0
10686,1,早期沉睡用户,1,59.0,3.0,0.0,1.0,6.0,14.0,0.0
106860,2,活跃潜力用户,0,33.0,0.0,6.0,1.0,6.0,24.0,0.0
106880,2,活跃潜力用户,0,5.0,1.0,0.0,0.0,2.0,5.0,3.0
106920,2,活跃潜力用户,0,77.0,8.0,0.0,1.0,3.0,28.0,0.0
106921,2,活跃潜力用户,1,29.0,0.0,2.0,1.0,3.0,14.0,0.0
106925,2,活跃潜力用户,0,17.0,2.0,0.0,2.0,5.0,7.0,0.0
106928,2,活跃潜力用户,0,35.0,3.0,0.0,2.0,3.0,11.0,1.0
106935,2,活跃潜力用户,0,44.0,0.0,1.0,0.0,6.0,14.0,0.0
10694,0,高价值忠诚用户,0,0.0,0.0,0.0,2.0,2.0,1.0,0.0
106940,0,高价值忠诚用户,0,54.0,0.0,3.0,6.0,6.0,30.0,0.0
10695,2,活跃潜力用户,0,56.0,3.0,0.0,0.0,6.0,25.0,0.0
106951,1,早期沉睡用户,1,68.0,14.0,3.0,4.0,6.0,30.0,0.0
106952,2,活跃潜力用户,0,137.0,2.0,16.0,0.0,4.0,10.0,1.0
106955,2,活跃潜力用户,0,10.0,0.0,0.0,0.0,2.0,6.0,0.0
106970,1,早期沉睡用户,1,96.0,4.0,2.0,2.0,6.0,27.0,0.0
106971,1,早期沉睡用户,1,130.0,2.0,0.0,1.0,6.0,21.0,0.0
106994,2,活跃潜力用户,0,219.0,2.0,0.0,0.0,6.0,27.0,0.0
106997,2,活跃潜力用户,0,1.0,0.0,0.0,0.0,1.0,1.0,0.0
107002,0,高价值忠诚用户,0,32.0,3.0,27.0,7.0,6.0,25.0,0.0
107008,1,早期沉睡用户,1,37.0,0.0,0.0,1.0,5.0,12.0,0.0
107011,2,活跃潜力用户,0,27.0,2.0,0.0,0.0,3.0,14.0,0.0
107025,0,高价值忠诚用户,0,161.0,7.0,0.0,9.0,6.0,43.0,0.0
107027,0,高价值忠诚用户,0,27.0,0.0,0.0,8.0,4.0,17.0,0.0
107028,0,高价值忠诚用户,0,63.0,6.0,1.0,2.0,4.0,15.0,0.0
107029,2,活跃潜力用户,0,44.0,1.0,18.0,1.0,6.0,32.0,0.0
107030,1,早期沉睡用户,1,7.0,2.0,0.0,1.0,5.0,7.0,1.0
107046,2,活跃潜力用户,1,37.0,3.0,0.0,2.0,6.0,14.0,0.0
10705,2,活跃潜力用户,1,16.0,2.0,0.0,1.0,3.0,9.0,0.0
107064,2,活跃潜力用户,1,120.0,18.0,1.0,2.0,6.0,47.0,0.0
107078,0,高价值忠诚用户,0,75.0,5.0,0.0,10.0,6.0,31.0,0.0
107089,1,早期沉睡用户,1,16.0,1.0,0.0,1.0,5.0,10.0,1.0
107104,2,活跃潜力用户,0,97.0,0.0,0.0,1.0,5.0,27.0,0.0
107109,0,高价值忠诚用户,1,61.0,2.0,0.0,9.0,6.0,18.0,0.0
107112,2,活跃潜力用户,0,3.0,2.0,0.0,0.0,1.0,4.0,4.0
107125,1,早期沉睡用户,1,40.0,1.0,0.0,2.0,4.0,13.0,0.0
107126,0,高价值忠诚用户,0,28.0,2.0,0.0,3.0,5.0,14.0,0.0
107134,0,高价值忠诚用户,0,124.0,5.0,0.0,12.0,6.0,30.0,0.0
107159,2,活跃潜力用户,0,23.0,0.0,1.0,4.0,3.0,8.0,0.0
107160,1,早期沉睡用户,1,32.0,0.0,1.0,1.0,4.0,10.0,0.0
107161,2,活跃潜力用户,1,15.0,1.0,2.0,1.0,4.0,13.0,0.0
107168,1,早期沉睡用户,1,60.0,2.0,6.0,3.0,4.0,21.0,0.0
107169,2,活跃潜力用户,0,7.0,0.0,0.0,0.0,2.0,5.0,3.0
107179,1,早期沉睡用户,1,18.0,0.0,0.0,1.0,4.0,4.0,0.0
107181,0,高价值忠诚用户,0,75.0,14.0,0.0,5.0,3.0,13.0,0.0
107188,2,活跃潜力用户,0,28.0,0.0,0.0,1.0,2.0,8.0,0.0
107191,0,高价值忠诚用户,0,42.0,2.0,11.0,4.0,6.0,14.0,0.0
107195,2,活跃潜力用户,1,81.0,8.0,0.0,4.0,6.0,14.0,0.0
1072,2,活跃潜力用户,0,51.0,0.0,0.0,1.0,6.0,16.0,0.0
107201,2,活跃潜力用户,0,37.0,0.0,0.0,0.0,3.0,18.0,0.0
107205,2,活跃潜力用户,0,64.0,4.0,0.0,2.0,4.0,19.0,0.0
107233,0,高价值忠诚用户,0,29.0,0.0,0.0,2.0,5.0,13.0,0.0
107238,2,活跃潜力用户,0,83.0,9.0,7.0,0.0,6.0,43.0,0.0
107239,2,活跃潜力用户,0,28.0,1.0,0.0,0.0,4.0,14.0,0.0
107243,2,活跃潜力用户,0,0.0,6.0,0.0,2.0,3.0,8.0,0.0
107260,2,活跃潜力用户,0,23.0,0.0,0.0,0.0,5.0,8.0,0.0
107263,1,早期沉睡用户,1,11.0,1.0,0.0,1.0,4.0,6.0,0.0
107268,2,活跃潜力用户,0,74.0,2.0,0.0,1.0,6.0,26.0,0.0
10727,1,早期沉睡用户,1,15.0,7.0,0.0,1.0,3.0,9.0,1.0
107293,2,活跃潜力用户,0,148.0,0.0,48.0,4.0,6.0,36.0,0.0
107302,2,活跃潜力用户,0,33.0,1.0,0.0,1.0,6.0,18.0,0.0
107311,2,活跃潜力用户,0,77.0,0.0,0.0,0.0,6.0,19.0,0.0
107313,1,早期沉睡用户,1,183.0,1.0,0.0,1.0,5.0,28.0,0.0
107318,1,早期沉睡用户,1,130.0,7.0,0.0,4.0,6.0,48.0,0.0
107333,1,早期沉睡用户,1,105.0,9.0,0.0,3.0,6.0,22.0,0.0
107345,2,活跃潜力用户,0,180.0,27.0,0.0,2.0,6.0,23.0,0.0
107346,2,活跃潜力用户,0,124.0,6.0,0.0,1.0,6.0,22.0,0.0
107350,2,活跃潜力用户,0,24.0,0.0,0.0,0.0,4.0,14.0,2.0
107351,1,早期沉睡用户,1,76.0,6.0,0.0,1.0,5.0,19.0,0.0
107353,2,活跃潜力用户,0,23.0,0.0,4.0,1.0,3.0,10.0,0.0
107369,1,早期沉睡用户,1,34.0,0.0,4.0,2.0,6.0,14.0,0.0
107388,0,高价值忠诚用户,1,129.0,11.0,4.0,6.0,6.0,34.0,0.0
107389,0,高价值忠诚用户,0,22.0,0.0,4.0,3.0,5.0,18.0,0.0
107393,1,早期沉睡用户,1,144.0,1.0,15.0,3.0,6.0,28.0,0.0
107398,2,活跃潜力用户,0,23.0,4.0,0.0,0.0,3.0,13.0,0.0
107407,2,活跃潜力用户,0,70.0,7.0,4.0,0.0,5.0,29.0,0.0
107408,1,早期沉睡用户,1,131.0,0.0,2.0,2.0,5.0,24.0,0.0
107416,2,活跃潜力用户,0,74.0,0.0,0.0,2.0,6.0,25.0,0.0
107427,2,活跃潜力用户,0,2.0,1.0,0.0,0.0,1.0,3.0,4.0
107445,1,早期沉睡用户,1,28.0,5.0,0.0,3.0,4.0,12.0,1.0
107447,2,活跃潜力用户,1,197.0,22.0,3.0,3.0,6.0,54.0,0.0
107470,1,早期沉睡用户,1,18.0,1.0,0.0,1.0,5.0,11.0,1.0
107471,2,活跃潜力用户,0,147.0,10.0,0.0,2.0,5.0,48.0,0.0
107472,2,活跃潜力用户,0,31.0,0.0,6.0,1.0,6.0,14.0,0.0
107488,2,活跃潜力用户,0,14.0,0.0,0.0,0.0,4.0,10.0,1.0
107492,0,高价值忠诚用户,0,78.0,4.0,0.0,1.0,6.0,21.0,0.0
107514,1,早期沉睡用户,1,7.0,0.0,0.0,1.0,2.0,2.0,4.0
10752,1,早期沉睡用户,1,215.0,0.0,17.0,2.0,6.0,13.0,0.0
107539,2,活跃潜力用户,1,108.0,0.0,0.0,4.0,6.0,40.0,0.0
107549,2,活跃潜力用户,0,4.0,1.0,0.0,0.0,3.0,3.0,0.0
10755,1,早期沉睡用户,1,13.0,2.0,0.0,1.0,2.0,9.0,2.0
107554,1,早期沉睡用户,1,128.0,3.0,17.0,1.0,6.0,40.0,0.0
107565,0,高价值忠诚用户,0,80.0,8.0,0.0,5.0,6.0,11.0,0.0
107569,0,高价值忠诚用户,0,26.0,7.0,0.0,9.0,3.0,14.0,2.0
10757,2,活跃潜力用户,0,49.0,3.0,0.0,2.0,6.0,9.0,0.0
107572,2,活跃潜力用户,1,47.0,3.0,9.0,1.0,5.0,22.0,0.0
107584,1,早期沉睡用户,1,8.0,5.0,0.0,1.0,3.0,7.0,1.0
107586,1,早期沉睡用户,1,97.0,0.0,11.0,2.0,5.0,57.0,0.0
107588,0,高价值忠诚用户,0,48.0,4.0,0.0,4.0,5.0,27.0,0.0
107601,2,活跃潜力用户,0,96.0,9.0,0.0,3.0,6.0,15.0,0.0
107606,0,高价值忠诚用户,0,147.0,15.0,11.0,13.0,6.0,54.0,0.0
107614,1,早期沉睡用户,1,67.0,3.0,5.0,1.0,5.0,24.0,0.0
107615,2,活跃潜力用户,0,108.0,3.0,0.0,1.0,5.0,25.0,0.0
107627,0,高价值忠诚用户,0,75.0,1.0,0.0,3.0,5.0,56.0,0.0
107628,2,活跃潜力用户,0,68.0,8.0,2.0,2.0,5.0,27.0,0.0
107633,1,早期沉睡用户,1,32.0,4.0,0.0,1.0,4.0,13.0,1.0
107656,1,早期沉睡用户,1,80.0,1.0,0.0,1.0,6.0,15.0,0.0
107665,0,高价值忠诚用户,0,4.0,1.0,0.0,2.0,3.0,6.0,2.0
107670,2,活跃潜力用户,0,28.0,1.0,1.0,1.0,3.0,11.0,3.0
107674,1,早期沉睡用户,1,13.0,0.0,0.0,1.0,4.0,4.0,1.0
107679,2,活跃潜力用户,0,56.0,13.0,3.0,1.0,6.0,20.0,0.0
10769,2,活跃潜力用户,0,144.0,2.0,1.0,1.0,6.0,58.0,0.0
107693,2,活跃潜力用户,0,45.0,9.0,0.0,1.0,5.0,14.0,1.0
107699,2,活跃潜力用户,0,35.0,0.0,1.0,2.0,4.0,13.0,0.0
107702,2,活跃潜力用户,0,24.0,2.0,0.0,0.0,2.0,7.0,0.0
107707,2,活跃潜力用户,0,34.0,0.0,8.0,0.0,5.0,14.0,0.0
107718,1,早期沉睡用户,1,142.0,20.0,0.0,4.0,5.0,71.0,1.0
10772,2,活跃潜力用户,0,111.0,4.0,0.0,3.0,6.0,30.0,0.0
107723,1,早期沉睡用户,1,62.0,0.0,11.0,4.0,5.0,30.0,0.0
107726,2,活跃潜力用户,0,47.0,0.0,2.0,1.0,5.0,13.0,0.0
107735,2,活跃潜力用户,0,16.0,0.0,0.0,0.0,3.0,11.0,2.0
107740,2,活跃潜力用户,1,25.0,6.0,0.0,1.0,5.0,14.0,0.0
107741,1,早期沉睡用户,1,97.0,4.0,9.0,1.0,6.0,26.0,0.0
107745,2,活跃潜力用户,0,2.0,1.0,0.0,0.0,1.0,1.0,4.0
107748,1,早期沉睡用户,1,105.0,0.0,44.0,3.0,4.0,29.0,0.0
107756,2,活跃潜力用户,0,19.0,1.0,0.0,0.0,3.0,6.0,0.0
10776,0,高价值忠诚用户,0,82.0,7.0,1.0,4.0,5.0,25.0,0.0
10777,1,早期沉睡用户,1,31.0,11.0,0.0,1.0,6.0,14.0,0.0
107780,2,活跃潜力用户,0,1.0,3.0,0.0,0.0,4.0,4.0,0.0
10779,2,活跃潜力用户,0,1.0,0.0,0.0,2.0,2.0,2.0,1.0
107792,2,活跃潜力用户,0,51.0,3.0,6.0,0.0,6.0,17.0,0.0
107797,2,活跃潜力用户,0,27.0,1.0,1.0,2.0,4.0,12.0,0.0
107800,1,早期沉睡用户,1,113.0,5.0,0.0,2.0,6.0,37.0,0.0
107805,2,活跃潜力用户,0,83.0,17.0,1.0,0.0,6.0,35.0,0.0
107817,2,活跃潜力用户,0,46.0,2.0,0.0,0.0,4.0,6.0,0.0
107825,0,高价值忠诚用户,0,11.0,2.0,0.0,5.0,5.0,11.0,0.0
107830,1,早期沉睡用户,1,103.0,5.0,0.0,2.0,6.0,24.0,0.0
107836,1,早期沉睡用户,1,178.0,9.0,2.0,1.0,5.0,30.0,0.0
107845,1,早期沉睡用户,1,316.0,6.0,0.0,1.0,6.0,29.0,0.0
107848,2,活跃潜力用户,0,110.0,3.0,1.0,0.0,6.0,38.0,0.0
107850,2,活跃潜力用户,0,104.0,10.0,0.0,3.0,6.0,22.0,0.0
107866,2,活跃潜力用户,0,28.0,1.0,0.0,2.0,4.0,15.0,0.0
107875,1,早期沉睡用户,1,89.0,2.0,13.0,1.0,6.0,47.0,0.0
107891,2,活跃潜力用户,1,115.0,3.0,0.0,1.0,5.0,24.0,0.0
107895,2,活跃潜力用户,0,5.0,0.0,0.0,0.0,2.0,3.0,4.0
10790,2,活跃潜力用户,1,43.0,6.0,0.0,1.0,5.0,16.0,0.0
107902,1,早期沉睡用户,1,10.0,0.0,3.0,2.0,4.0,6.0,0.0
107916,1,早期沉睡用户,1,258.0,5.0,41.0,3.0,6.0,68.0,0.0
107917,1,早期沉睡用户,1,167.0,14.0,2.0,3.0,6.0,40.0,0.0
107923,2,活跃潜力用户,0,28.0,8.0,0.0,0.0,5.0,10.0,0.0
107932,3,超级用户,0,127.0,12.0,0.0,46.0,6.0,55.0,0.0
107935,2,活跃潜力用户,0,15.0,1.0,6.0,0.0,3.0,13.0,0.0
107937,2,活跃潜力用户,0,96.0,1.0,2.0,1.0,6.0,31.0,0.0
107942,1,早期沉睡用户,1,3.0,0.0,0.0,1.0,2.0,3.0,0.0
107945,1,早期沉睡用户,1,88.0,8.0,0.0,2.0,6.0,35.0,0.0
107961,0,高价值忠诚用户,0,94.0,2.0,0.0,3.0,4.0,39.0,0.0
107982,1,早期沉睡用户,1,198.0,3.0,12.0,4.0,2.0,37.0,4.0
107985,1,早期沉睡用户,1,37.0,0.0,0.0,1.0,6.0,8.0,0.0
107989,0,高价值忠诚用户,0,79.0,7.0,1.0,3.0,6.0,21.0,0.0
107990,2,活跃潜力用户,0,112.0,1.0,0.0,0.0,6.0,17.0,0.0
1080,1,早期沉睡用户,1,35.0,0.0,1.0,1.0,4.0,11.0,0.0
108015,1,早期沉睡用户,1,180.0,5.0,3.0,2.0,6.0,32.0,0.0
10802,2,活跃潜力用户,0,38.0,0.0,1.0,0.0,5.0,14.0,0.0
108022,2,活跃潜力用户,0,62.0,0.0,0.0,0.0,5.0,17.0,1.0
108025,0,高价值忠诚用户,0,199.0,26.0,4.0,4.0,6.0,68.0,0.0
108036,1,早期沉睡用户,1,22.0,6.0,0.0,1.0,5.0,6.0,0.0
108037,0,高价值忠诚用户,0,18.0,8.0,0.0,2.0,5.0,14.0,0.0
108038,2,活跃潜力用户,0,34.0,4.0,2.0,2.0,6.0,14.0,0.0
108045,1,早期沉睡用户,1,12.0,0.0,0.0,3.0,3.0,6.0,0.0
108050,0,高价值忠诚用户,0,40.0,7.0,0.0,5.0,4.0,26.0,0.0
10806,1,早期沉睡用户,1,15.0,0.0,0.0,2.0,4.0,6.0,0.0
108060,1,早期沉睡用户,1,175.0,5.0,5.0,1.0,3.0,40.0,0.0
108073,1,早期沉睡用户,1,0.0,7.0,0.0,3.0,4.0,9.0,1.0
108077,2,活跃潜力用户,0,35.0,0.0,0.0,1.0,2.0,5.0,0.0
108078,2,活跃潜力用户,0,5.0,0.0,0.0,1.0,3.0,4.0,3.0
10808,2,活跃潜力用户,0,0.0,1.0,0.0,0.0,1.0,1.0,5.0
10809,2,活跃潜力用户,0,65.0,1.0,6.0,0.0,6.0,30.0,0.0
108090,2,活跃潜力用户,0,24.0,2.0,0.0,0.0,6.0,19.0,0.0
108092,2,活跃潜力用户,0,29.0,5.0,0.0,0.0,3.0,13.0,0.0
10810,2,活跃潜力用户,0,22.0,0.0,0.0,1.0,4.0,10.0,0.0
108102,0,高价值忠诚用户,0,42.0,2.0,9.0,4.0,6.0,30.0,0.0
108103,2,活跃潜力用户,0,122.0,1.0,1.0,1.0,5.0,26.0,0.0
108105,2,活跃潜力用户,1,22.0,0.0,0.0,1.0,4.0,18.0,0.0
108108,2,活跃潜力用户,1,35.0,2.0,0.0,3.0,5.0,6.0,0.0
108111,2,活跃潜力用户,0,12.0,0.0,0.0,0.0,2.0,2.0,2.0
108140,0,高价值忠诚用户,0,51.0,10.0,24.0,5.0,4.0,41.0,0.0
108149,2,活跃潜力用户,0,44.0,0.0,1.0,2.0,6.0,18.0,0.0
108154,2,活跃潜力用户,0,5.0,0.0,0.0,2.0,4.0,4.0,1.0
108161,2,活跃潜力用户,1,59.0,1.0,0.0,3.0,5.0,16.0,0.0
108164,2,活跃潜力用户,0,101.0,0.0,0.0,0.0,6.0,22.0,0.0
108179,2,活跃潜力用户,1,58.0,0.0,0.0,1.0,6.0,21.0,0.0
108182,1,早期沉睡用户,1,37.0,0.0,0.0,1.0,4.0,11.0,1.0
108185,1,早期沉睡用户,1,114.0,8.0,2.0,3.0,6.0,32.0,0.0
108187,2,活跃潜力用户,0,14.0,1.0,0.0,4.0,5.0,7.0,0.0
108204,1,早期沉睡用户,1,36.0,0.0,0.0,1.0,5.0,9.0,1.0
108206,2,活跃潜力用户,0,38.0,4.0,1.0,2.0,4.0,12.0,0.0
108227,0,高价值忠诚用户,0,75.0,0.0,0.0,1.0,5.0,10.0,0.0
108233,0,高价值忠诚用户,0,64.0,6.0,0.0,5.0,6.0,20.0,0.0
108235,1,早期沉睡用户,1,91.0,1.0,6.0,1.0,4.0,13.0,1.0
108237,1,早期沉睡用户,1,34.0,0.0,1.0,2.0,5.0,10.0,0.0
108248,2,活跃潜力用户,0,128.0,0.0,7.0,2.0,6.0,34.0,0.0
108252,1,早期沉睡用户,1,48.0,3.0,0.0,1.0,4.0,22.0,1.0
108259,0,高价值忠诚用户,0,78.0,1.0,6.0,11.0,5.0,19.0,0.0
108265,2,活跃潜力用户,0,4.0,0.0,0.0,0.0,2.0,4.0,3.0
108270,2,活跃潜力用户,0,25.0,0.0,0.0,2.0,4.0,6.0,0.0
108274,2,活跃潜力用户,0,90.0,15.0,0.0,0.0,6.0,45.0,0.0
108275,0,高价值忠诚用户,0,21.0,0.0,4.0,6.0,5.0,18.0,0.0
108282,2,活跃潜力用户,0,19.0,0.0,13.0,1.0,6.0,16.0,0.0
108288,2,活跃潜力用户,1,52.0,5.0,0.0,3.0,4.0,9.0,0.0
108294,2,活跃潜力用户,0,13.0,0.0,0.0,1.0,3.0,7.0,0.0
1083,2,活跃潜力用户,0,21.0,0.0,16.0,1.0,3.0,12.0,0.0
108302,2,活跃潜力用户,0,3.0,0.0,0.0,0.0,2.0,2.0,0.0
108305,2,活跃潜力用户,0,14.0,0.0,0.0,1.0,3.0,7.0,1.0
108348,2,活跃潜力用户,0,35.0,1.0,0.0,0.0,3.0,13.0,0.0
108354,0,高价值忠诚用户,0,123.0,0.0,20.0,7.0,6.0,27.0,0.0
10836,1,早期沉睡用户,1,68.0,3.0,2.0,2.0,5.0,16.0,0.0
108363,2,活跃潜力用户,0,66.0,2.0,0.0,2.0,5.0,33.0,0.0
108364,0,高价值忠诚用户,0,42.0,7.0,2.0,4.0,6.0,12.0,0.0
108382,2,活跃潜力用户,1,36.0,0.0,0.0,2.0,5.0,8.0,0.0
108388,2,活跃潜力用户,0,22.0,3.0,0.0,1.0,3.0,10.0,1.0
108390,2,活跃潜力用户,0,154.0,15.0,0.0,1.0,6.0,36.0,0.0
108397,1,早期沉睡用户,1,125.0,11.0,0.0,2.0,5.0,42.0,1.0
108407,0,高价值忠诚用户,0,99.0,11.0,0.0,5.0,6.0,37.0,0.0
108417,1,早期沉睡用户,1,328.0,21.0,0.0,4.0,6.0,45.0,0.0
108425,1,早期沉睡用户,1,105.0,4.0,2.0,2.0,6.0,13.0,0.0
108428,2,活跃潜力用户,0,30.0,0.0,0.0,2.0,5.0,9.0,1.0
10843,2,活跃潜力用户,1,94.0,14.0,0.0,1.0,6.0,27.0,0.0
108442,1,早期沉睡用户,1,62.0,1.0,0.0,1.0,6.0,17.0,0.0
108449,1,早期沉睡用户,1,212.0,15.0,0.0,4.0,6.0,37.0,0.0
108450,2,活跃潜力用户,0,18.0,2.0,0.0,1.0,3.0,10.0,0.0
108452,2,活跃潜力用户,0,12.0,0.0,0.0,0.0,4.0,5.0,0.0
108457,0,高价值忠诚用户,0,197.0,23.0,1.0,4.0,6.0,61.0,0.0
108480,2,活跃潜力用户,0,78.0,7.0,0.0,4.0,6.0,32.0,0.0
108484,1,早期沉睡用户,1,54.0,0.0,0.0,2.0,5.0,19.0,0.0
10849,2,活跃潜力用户,1,30.0,2.0,1.0,3.0,5.0,20.0,0.0
108491,1,早期沉睡用户,1,206.0,17.0,4.0,1.0,6.0,36.0,0.0
10851,2,活跃潜力用户,0,12.0,0.0,0.0,1.0,4.0,8.0,1.0
108510,1,早期沉睡用户,1,40.0,0.0,0.0,1.0,5.0,15.0,0.0
108516,2,活跃潜力用户,0,133.0,2.0,0.0,0.0,6.0,30.0,0.0
108519,2,活跃潜力用户,0,59.0,1.0,3.0,0.0,5.0,20.0,0.0
108523,0,高价值忠诚用户,0,159.0,6.0,0.0,4.0,6.0,38.0,0.0
108526,2,活跃潜力用户,0,185.0,10.0,0.0,1.0,6.0,22.0,0.0
108529,2,活跃潜力用户,0,63.0,5.0,0.0,2.0,5.0,11.0,0.0
108541,1,早期沉睡用户,1,158.0,3.0,32.0,2.0,6.0,28.0,0.0
108546,2,活跃潜力用户,0,38.0,0.0,4.0,0.0,4.0,17.0,0.0
108568,2,活跃潜力用户,0,8.0,0.0,0.0,0.0,2.0,3.0,0.0
10858,0,高价值忠诚用户,1,82.0,3.0,0.0,6.0,5.0,21.0,0.0
108588,2,活跃潜力用户,0,11.0,0.0,0.0,0.0,3.0,7.0,1.0
108590,1,早期沉睡用户,1,28.0,9.0,0.0,1.0,5.0,15.0,0.0
108594,1,早期沉睡用户,1,81.0,5.0,14.0,2.0,4.0,32.0,0.0
108605,0,高价值忠诚用户,0,21.0,0.0,0.0,2.0,4.0,13.0,2.0
108607,2,活跃潜力用户,1,48.0,0.0,0.0,3.0,4.0,25.0,0.0
108620,2,活跃潜力用户,1,28.0,1.0,0.0,1.0,5.0,14.0,0.0
108623,1,早期沉睡用户,1,129.0,13.0,1.0,3.0,6.0,18.0,0.0
108629,2,活跃潜力用户,0,26.0,0.0,0.0,2.0,5.0,17.0,0.0
108630,1,早期沉睡用户,1,9.0,0.0,0.0,2.0,4.0,6.0,1.0
108634,1,早期沉睡用户,1,139.0,5.0,2.0,1.0,6.0,57.0,0.0
108635,1,早期沉睡用户,1,114.0,15.0,0.0,3.0,6.0,30.0,0.0
108651,2,活跃潜力用户,0,25.0,2.0,0.0,1.0,6.0,7.0,0.0
108654,2,活跃潜力用户,0,110.0,10.0,0.0,0.0,5.0,34.0,0.0
108666,2,活跃潜力用户,0,168.0,5.0,7.0,2.0,6.0,42.0,0.0
108669,2,活跃潜力用户,0,101.0,9.0,0.0,1.0,6.0,25.0,0.0
108670,1,早期沉睡用户,1,10.0,1.0,0.0,1.0,3.0,3.0,1.0
108672,1,早期沉睡用户,1,55.0,28.0,0.0,2.0,6.0,18.0,0.0
108676,2,活跃潜力用户,0,98.0,1.0,0.0,2.0,6.0,24.0,0.0
108681,1,早期沉睡用户,1,35.0,0.0,0.0,1.0,5.0,14.0,0.0
108685,1,早期沉睡用户,1,163.0,0.0,2.0,1.0,6.0,35.0,0.0
108696,2,活跃潜力用户,1,5.0,0.0,0.0,4.0,4.0,7.0,0.0
108703,2,活跃潜力用户,0,31.0,8.0,0.0,1.0,5.0,13.0,0.0
10871,2,活跃潜力用户,0,93.0,3.0,5.0,2.0,6.0,22.0,0.0
108710,2,活跃潜力用户,0,40.0,0.0,1.0,2.0,5.0,18.0,0.0
108755,0,高价值忠诚用户,0,63.0,9.0,0.0,3.0,5.0,30.0,0.0
108756,1,早期沉睡用户,1,87.0,1.0,0.0,1.0,6.0,18.0,0.0
10876,1,早期沉睡用户,1,0.0,6.0,0.0,1.0,3.0,4.0,1.0
108768,1,早期沉睡用户,1,24.0,0.0,0.0,1.0,3.0,6.0,0.0
10877,0,高价值忠诚用户,1,58.0,11.0,3.0,10.0,5.0,21.0,1.0
108770,1,早期沉睡用户,1,54.0,1.0,3.0,1.0,6.0,25.0,0.0
108772,2,活跃潜力用户,1,82.0,5.0,7.0,1.0,6.0,36.0,0.0
108773,2,活跃潜力用户,0,60.0,2.0,0.0,3.0,5.0,18.0,0.0
108775,2,活跃潜力用户,1,31.0,7.0,0.0,3.0,5.0,12.0,0.0
108799,2,活跃潜力用户,0,19.0,11.0,0.0,1.0,5.0,12.0,0.0
108800,2,活跃潜力用户,1,174.0,5.0,13.0,3.0,6.0,37.0,0.0
108803,2,活跃潜力用户,0,50.0,1.0,0.0,1.0,6.0,17.0,0.0
108805,2,活跃潜力用户,0,33.0,0.0,5.0,0.0,2.0,5.0,1.0
108809,0,高价值忠诚用户,0,3.0,0.0,0.0,2.0,4.0,3.0,0.0
10882,2,活跃潜力用户,1,83.0,1.0,1.0,1.0,4.0,13.0,0.0
108823,1,早期沉睡用户,1,87.0,11.0,0.0,1.0,5.0,29.0,0.0
108825,2,活跃潜力用户,0,36.0,1.0,0.0,1.0,3.0,9.0,0.0
108836,2,活跃潜力用户,0,11.0,0.0,0.0,0.0,2.0,6.0,1.0
108842,2,活跃潜力用户,0,19.0,1.0,0.0,1.0,4.0,8.0,0.0
108845,2,活跃潜力用户,1,38.0,0.0,11.0,2.0,6.0,21.0,0.0
108856,2,活跃潜力用户,1,150.0,3.0,0.0,1.0,5.0,28.0,0.0
108858,1,早期沉睡用户,1,17.0,0.0,0.0,1.0,3.0,8.0,2.0
108861,2,活跃潜力用户,0,20.0,0.0,0.0,0.0,4.0,7.0,0.0
108865,3,超级用户,0,27.0,2.0,0.0,35.0,4.0,31.0,0.0
108870,2,活跃潜力用户,1,62.0,2.0,0.0,1.0,6.0,17.0,0.0
108878,2,活跃潜力用户,0,43.0,0.0,4.0,0.0,3.0,14.0,1.0
10888,1,早期沉睡用户,1,96.0,1.0,4.0,3.0,5.0,30.0,0.0
108882,1,早期沉睡用户,1,57.0,2.0,0.0,2.0,4.0,18.0,0.0
108883,1,早期沉睡用户,1,19.0,0.0,0.0,1.0,4.0,4.0,1.0
108891,1,早期沉睡用户,1,56.0,1.0,17.0,1.0,5.0,13.0,0.0
108906,1,早期沉睡用户,1,71.0,4.0,0.0,1.0,5.0,17.0,0.0
108910,1,早期沉睡用户,1,89.0,19.0,0.0,2.0,6.0,52.0,0.0
108918,2,活跃潜力用户,0,128.0,15.0,0.0,1.0,6.0,31.0,0.0
10895,1,早期沉睡用户,1,24.0,0.0,3.0,1.0,6.0,10.0,0.0
108967,0,高价值忠诚用户,0,126.0,16.0,0.0,5.0,6.0,36.0,0.0
108969,1,早期沉睡用户,1,21.0,3.0,1.0,1.0,4.0,9.0,0.0
108982,1,早期沉睡用户,1,185.0,5.0,2.0,2.0,6.0,38.0,0.0
108988,2,活跃潜力用户,0,34.0,2.0,0.0,2.0,5.0,11.0,0.0
10899,0,高价值忠诚用户,0,75.0,6.0,1.0,9.0,6.0,15.0,0.0
108996,0,高价值忠诚用户,0,68.0,2.0,23.0,6.0,4.0,12.0,2.0
108997,0,高价值忠诚用户,0,36.0,12.0,0.0,2.0,6.0,18.0,0.0
109004,1,早期沉睡用户,1,22.0,0.0,0.0,4.0,5.0,9.0,0.0
10901,1,早期沉睡用户,1,24.0,1.0,0.0,1.0,6.0,17.0,0.0
109018,1,早期沉睡用户,1,8.0,2.0,0.0,1.0,4.0,6.0,1.0
109022,2,活跃潜力用户,0,20.0,1.0,0.0,1.0,5.0,8.0,0.0
109038,2,活跃潜力用户,1,44.0,0.0,0.0,3.0,5.0,10.0,0.0
109047,2,活跃潜力用户,0,56.0,16.0,0.0,1.0,5.0,18.0,0.0
109048,2,活跃潜力用户,1,38.0,0.0,0.0,5.0,6.0,11.0,0.0
10905,2,活跃潜力用户,0,66.0,1.0,0.0,1.0,2.0,9.0,0.0
109065,1,早期沉睡用户,1,44.0,2.0,0.0,2.0,6.0,26.0,0.0
109083,1,早期沉睡用户,1,8.0,0.0,0.0,2.0,2.0,7.0,0.0
109085,2,活跃潜力用户,0,41.0,0.0,2.0,0.0,1.0,4.0,3.0
109092,2,活跃潜力用户,0,14.0,0.0,0.0,2.0,5.0,10.0,0.0
109094,1,早期沉睡用户,1,1.0,0.0,0.0,1.0,2.0,2.0,0.0
109095,2,活跃潜力用户,1,46.0,1.0,1.0,4.0,6.0,16.0,0.0
109098,1,早期沉睡用户,1,176.0,9.0,2.0,3.0,6.0,34.0,0.0
109100,2,活跃潜力用户,0,49.0,1.0,1.0,3.0,5.0,19.0,0.0
109109,2,活跃潜力用户,0,228.0,16.0,0.0,1.0,6.0,43.0,0.0
109117,2,活跃潜力用户,0,103.0,7.0,1.0,2.0,6.0,33.0,0.0
109124,0,高价值忠诚用户,0,90.0,3.0,0.0,3.0,6.0,29.0,0.0
109134,1,早期沉睡用户,1,62.0,1.0,7.0,1.0,6.0,29.0,0.0
109135,2,活跃潜力用户,0,38.0,5.0,0.0,3.0,4.0,20.0,0.0
109147,1,早期沉睡用户,1,1.0,0.0,0.0,2.0,1.0,3.0,3.0
109157,2,活跃潜力用户,0,20.0,4.0,0.0,3.0,5.0,11.0,0.0
109161,2,活跃潜力用户,0,13.0,1.0,1.0,0.0,3.0,4.0,1.0
109163,0,高价值忠诚用户,0,68.0,0.0,0.0,6.0,6.0,18.0,0.0
109169,0,高价值忠诚用户,0,25.0,2.0,0.0,2.0,3.0,12.0,3.0
109188,0,高价值忠诚用户,1,33.0,5.0,0.0,5.0,3.0,11.0,1.0
109210,2,活跃潜力用户,0,143.0,11.0,2.0,1.0,4.0,24.0,0.0
109216,1,早期沉睡用户,1,143.0,4.0,0.0,3.0,6.0,49.0,0.0
109218,2,活跃潜力用户,0,120.0,6.0,0.0,2.0,6.0,42.0,0.0
10923,2,活跃潜力用户,0,87.0,12.0,0.0,1.0,6.0,24.0,0.0
109232,1,早期沉睡用户,1,123.0,11.0,0.0,1.0,6.0,24.0,0.0
109233,2,活跃潜力用户,0,6.0,0.0,0.0,2.0,3.0,4.0,0.0
109253,1,早期沉睡用户,1,10.0,0.0,0.0,1.0,5.0,9.0,0.0
10926,0,高价值忠诚用户,0,24.0,7.0,4.0,3.0,5.0,15.0,0.0
109270,2,活跃潜力用户,0,68.0,5.0,0.0,1.0,6.0,21.0,0.0
109275,2,活跃潜力用户,0,133.0,7.0,0.0,1.0,6.0,43.0,0.0
109276,2,活跃潜力用户,0,28.0,2.0,3.0,1.0,5.0,7.0,0.0
109277,2,活跃潜力用户,0,60.0,0.0,0.0,0.0,3.0,8.0,1.0
109284,1,早期沉睡用户,1,142.0,1.0,0.0,1.0,6.0,23.0,0.0
109291,0,高价值忠诚用户,0,27.0,2.0,0.0,3.0,6.0,11.0,0.0
109295,1,早期沉睡用户,1,41.0,1.0,2.0,2.0,6.0,16.0,0.0
109306,1,早期沉睡用户,1,2.0,1.0,0.0,1.0,3.0,4.0,0.0
109319,2,活跃潜力用户,0,20.0,2.0,1.0,0.0,5.0,11.0,0.0
109321,0,高价值忠诚用户,0,28.0,4.0,0.0,3.0,5.0,16.0,0.0
109322,1,早期沉睡用户,1,58.0,3.0,0.0,1.0,4.0,16.0,2.0
109328,2,活跃潜力用户,1,41.0,7.0,0.0,1.0,3.0,12.0,0.0
109332,2,活跃潜力用户,0,19.0,0.0,0.0,0.0,6.0,12.0,0.0
109333,2,活跃潜力用户,0,8.0,1.0,0.0,1.0,2.0,4.0,3.0
109337,0,高价值忠诚用户,0,62.0,3.0,7.0,4.0,6.0,23.0,0.0
109343,2,活跃潜力用户,0,166.0,10.0,0.0,0.0,6.0,35.0,0.0
10935,1,早期沉睡用户,1,14.0,0.0,0.0,1.0,3.0,5.0,1.0
109350,2,活跃潜力用户,0,86.0,2.0,3.0,1.0,5.0,18.0,0.0
109357,2,活跃潜力用户,0,116.0,1.0,3.0,1.0,4.0,9.0,1.0
109364,0,高价值忠诚用户,0,138.0,15.0,0.0,2.0,6.0,37.0,0.0
109371,2,活跃潜力用户,1,7.0,0.0,0.0,1.0,2.0,4.0,0.0
109377,1,早期沉睡用户,1,40.0,2.0,2.0,3.0,4.0,17.0,2.0
109388,0,高价值忠诚用户,0,18.0,5.0,0.0,4.0,4.0,5.0,2.0
109397,2,活跃潜力用户,0,57.0,7.0,0.0,2.0,6.0,11.0,0.0
109401,2,活跃潜力用户,0,146.0,3.0,0.0,2.0,6.0,46.0,0.0
109407,2,活跃潜力用户,0,43.0,0.0,1.0,1.0,1.0,11.0,4.0
109416,1,早期沉睡用户,1,70.0,5.0,8.0,2.0,4.0,24.0,0.0
109421,1,早期沉睡用户,1,117.0,8.0,0.0,2.0,5.0,34.0,0.0
109427,1,早期沉睡用户,1,19.0,1.0,3.0,1.0,3.0,10.0,1.0
109439,2,活跃潜力用户,0,105.0,6.0,1.0,0.0,4.0,47.0,0.0
109443,2,活跃潜力用户,0,10.0,0.0,0.0,0.0,3.0,4.0,0.0
109444,2,活跃潜力用户,0,33.0,5.0,0.0,0.0,4.0,10.0,0.0
109474,2,活跃潜力用户,0,17.0,0.0,0.0,2.0,4.0,6.0,1.0
109491,2,活跃潜力用户,1,139.0,2.0,0.0,1.0,5.0,45.0,0.0
109496,2,活跃潜力用户,0,58.0,4.0,0.0,1.0,4.0,11.0,1.0
1095,2,活跃潜力用户,0,61.0,0.0,3.0,0.0,3.0,22.0,1.0
109523,2,活跃潜力用户,0,26.0,1.0,0.0,1.0,2.0,14.0,0.0
109529,2,活跃潜力用户,0,54.0,4.0,0.0,1.0,5.0,11.0,0.0
109540,1,早期沉睡用户,1,12.0,6.0,0.0,1.0,4.0,11.0,0.0
109544,2,活跃潜力用户,0,28.0,2.0,0.0,0.0,5.0,18.0,0.0
109570,2,活跃潜力用户,0,11.0,0.0,0.0,0.0,3.0,11.0,0.0
109575,1,早期沉睡用户,1,7.0,0.0,0.0,1.0,1.0,2.0,5.0
109589,1,早期沉睡用户,1,221.0,30.0,3.0,3.0,6.0,25.0,0.0
10960,2,活跃潜力用户,1,35.0,7.0,1.0,3.0,4.0,7.0,0.0
109604,2,活跃潜力用户,0,28.0,1.0,0.0,0.0,4.0,11.0,0.0
109606,1,早期沉睡用户,1,152.0,1.0,15.0,2.0,6.0,51.0,0.0
109611,1,早期沉睡用户,1,10.0,0.0,0.0,1.0,3.0,6.0,0.0
109623,1,早期沉睡用户,1,74.0,2.0,0.0,3.0,4.0,15.0,0.0
109625,1,早期沉睡用户,1,27.0,1.0,0.0,1.0,5.0,18.0,1.0
109640,1,早期沉睡用户,1,121.0,17.0,0.0,1.0,6.0,54.0,0.0
109643,0,高价值忠诚用户,0,34.0,8.0,0.0,4.0,5.0,25.0,0.0
109660,0,高价值忠诚用户,0,159.0,15.0,0.0,16.0,6.0,45.0,0.0
109661,2,活跃潜力用户,0,20.0,0.0,1.0,0.0,4.0,10.0,1.0
109671,1,早期沉睡用户,1,28.0,0.0,2.0,1.0,4.0,12.0,1.0
109677,1,早期沉睡用户,1,154.0,0.0,6.0,1.0,4.0,23.0,0.0
10968,0,高价值忠诚用户,0,10.0,0.0,6.0,4.0,5.0,7.0,0.0
109681,1,早期沉睡用户,1,3.0,0.0,0.0,1.0,2.0,3.0,1.0
109684,0,高价值忠诚用户,0,42.0,4.0,0.0,6.0,6.0,13.0,0.0
10969,2,活跃潜力用户,0,93.0,9.0,0.0,0.0,6.0,37.0,0.0
109711,2,活跃潜力用户,0,33.0,0.0,0.0,0.0,3.0,11.0,2.0
109717,2,活跃潜力用户,0,34.0,5.0,0.0,3.0,6.0,11.0,0.0
109728,0,高价值忠诚用户,0,42.0,1.0,0.0,4.0,5.0,19.0,0.0
109732,2,活跃潜力用户,0,47.0,3.0,0.0,0.0,5.0,15.0,0.0
109733,2,活跃潜力用户,0,47.0,0.0,3.0,2.0,5.0,29.0,0.0
109736,2,活跃潜力用户,0,58.0,3.0,4.0,0.0,5.0,22.0,0.0
109749,1,早期沉睡用户,1,17.0,1.0,0.0,1.0,2.0,3.0,2.0
109756,2,活跃潜力用户,1,83.0,3.0,2.0,2.0,4.0,18.0,0.0
109776,2,活跃潜力用户,0,20.0,5.0,1.0,0.0,1.0,8.0,0.0
109782,1,早期沉睡用户,1,23.0,1.0,0.0,2.0,2.0,6.0,1.0
109786,1,早期沉睡用户,1,49.0,2.0,15.0,2.0,5.0,30.0,0.0
109791,1,早期沉睡用户,1,54.0,0.0,4.0,1.0,5.0,17.0,0.0
109794,2,活跃潜力用户,0,14.0,10.0,0.0,0.0,3.0,12.0,0.0
109798,2,活跃潜力用户,0,47.0,2.0,0.0,0.0,6.0,21.0,0.0
1098,2,活跃潜力用户,0,19.0,3.0,0.0,0.0,3.0,9.0,0.0
109808,2,活跃潜力用户,0,2.0,0.0,0.0,0.0,2.0,2.0,3.0
109810,1,早期沉睡用户,1,62.0,0.0,4.0,1.0,6.0,17.0,0.0
109829,2,活跃潜力用户,1,90.0,9.0,0.0,1.0,6.0,26.0,0.0
10983,1,早期沉睡用户,1,12.0,3.0,0.0,1.0,3.0,7.0,0.0
109830,2,活跃潜力用户,0,4.0,0.0,0.0,0.0,3.0,3.0,2.0
10984,0,高价值忠诚用户,0,89.0,10.0,0.0,3.0,6.0,30.0,0.0
109842,2,活跃潜力用户,0,4.0,1.0,0.0,0.0,3.0,4.0,2.0
109855,2,活跃潜力用户,0,71.0,0.0,0.0,0.0,6.0,8.0,0.0
109856,0,高价值忠诚用户,1,101.0,30.0,1.0,9.0,6.0,53.0,0.0
109860,2,活跃潜力用户,0,49.0,6.0,2.0,2.0,6.0,16.0,0.0
109865,2,活跃潜力用户,0,61.0,8.0,0.0,0.0,6.0,13.0,0.0
109867,2,活跃潜力用户,0,2.0,1.0,0.0,1.0,3.0,3.0,2.0
109873,2,活跃潜力用户,0,12.0,0.0,0.0,1.0,4.0,10.0,0.0
109876,2,活跃潜力用户,1,29.0,2.0,0.0,1.0,5.0,13.0,0.0
109880,2,活跃潜力用户,1,162.0,20.0,0.0,4.0,6.0,31.0,0.0
109889,1,早期沉睡用户,1,66.0,1.0,0.0,1.0,5.0,21.0,0.0
109900,2,活跃潜力用户,0,2.0,0.0,0.0,0.0,1.0,1.0,4.0
109908,2,活跃潜力用户,0,25.0,0.0,0.0,1.0,6.0,12.0,0.0
109911,2,活跃潜力用户,0,77.0,12.0,0.0,1.0,5.0,12.0,0.0
109919,2,活跃潜力用户,0,41.0,0.0,4.0,3.0,3.0,13.0,0.0
109926,2,活跃潜力用户,0,22.0,0.0,2.0,0.0,5.0,11.0,0.0
109931,1,早期沉睡用户,1,137.0,3.0,0.0,1.0,6.0,34.0,0.0
109940,2,活跃潜力用户,0,4.0,0.0,0.0,0.0,1.0,2.0,0.0
109943,2,活跃潜力用户,0,11.0,1.0,0.0,0.0,4.0,6.0,1.0
109945,1,早期沉睡用户,1,153.0,9.0,0.0,2.0,5.0,28.0,0.0
109948,2,活跃潜力用户,0,12.0,6.0,1.0,1.0,5.0,12.0,0.0
109951,2,活跃潜力用户,0,78.0,2.0,1.0,1.0,5.0,13.0,0.0
109957,0,高价值忠诚用户,0,46.0,1.0,9.0,4.0,6.0,15.0,0.0
10996,1,早期沉睡用户,1,163.0,5.0,1.0,4.0,6.0,28.0,0.0
109967,1,早期沉睡用户,1,46.0,3.0,9.0,1.0,4.0,27.0,0.0
109968,1,早期沉睡用户,1,140.0,10.0,8.0,2.0,6.0,46.0,0.0
109971,0,高价值忠诚用户,0,177.0,4.0,18.0,3.0,6.0,31.0,0.0
109974,2,活跃潜力用户,0,14.0,3.0,0.0,0.0,3.0,8.0,1.0
109975,1,早期沉睡用户,1,139.0,6.0,0.0,1.0,6.0,34.0,0.0
109976,2,活跃潜力用户,0,115.0,17.0,0.0,1.0,6.0,30.0,0.0
109977,2,活跃潜力用户,0,45.0,2.0,0.0,0.0,5.0,12.0,0.0
109979,1,早期沉睡用户,1,10.0,1.0,0.0,1.0,3.0,6.0,0.0
109983,2,活跃潜力用户,0,116.0,2.0,1.0,1.0,6.0,41.0,0.0
109990,2,活跃潜力用户,0,74.0,1.0,7.0,1.0,4.0,18.0,0.0
110003,0,高价值忠诚用户,1,106.0,3.0,12.0,8.0,4.0,20.0,0.0
110005,1,早期沉睡用户,1,115.0,1.0,1.0,1.0,4.0,24.0,2.0
110020,0,高价值忠诚用户,0,120.0,12.0,22.0,6.0,5.0,25.0,0.0
110023,2,活跃潜力用户,0,37.0,19.0,0.0,0.0,6.0,14.0,0.0
110025,2,活跃潜力用户,0,20.0,1.0,2.0,0.0,3.0,16.0,3.0
110029,0,高价值忠诚用户,0,95.0,0.0,0.0,9.0,4.0,17.0,0.0
110032,1,早期沉睡用户,1,45.0,0.0,2.0,2.0,5.0,9.0,0.0
110036,1,早期沉睡用户,1,241.0,2.0,8.0,2.0,6.0,79.0,0.0
110041,2,活跃潜力用户,0,84.0,5.0,0.0,0.0,6.0,16.0,0.0
110056,2,活跃潜力用户,0,295.0,2.0,20.0,0.0,4.0,29.0,0.0
110058,2,活跃潜力用户,0,18.0,0.0,0.0,1.0,3.0,6.0,2.0
110062,1,早期沉睡用户,1,306.0,1.0,26.0,1.0,6.0,35.0,0.0
110081,2,活跃潜力用户,1,135.0,3.0,14.0,1.0,6.0,38.0,0.0
110091,2,活跃潜力用户,0,14.0,2.0,0.0,2.0,6.0,6.0,0.0
110092,2,活跃潜力用户,0,13.0,0.0,0.0,1.0,4.0,9.0,0.0
110097,0,高价值忠诚用户,0,224.0,18.0,29.0,6.0,5.0,76.0,0.0
110111,1,早期沉睡用户,1,21.0,1.0,0.0,1.0,6.0,12.0,0.0
110116,2,活跃潜力用户,0,43.0,0.0,0.0,0.0,5.0,7.0,0.0
110117,0,高价值忠诚用户,0,64.0,4.0,0.0,6.0,6.0,23.0,0.0
110118,2,活跃潜力用户,0,83.0,2.0,0.0,0.0,6.0,38.0,0.0
110125,2,活跃潜力用户,1,13.0,0.0,0.0,2.0,5.0,10.0,0.0
11016,2,活跃潜力用户,1,102.0,0.0,0.0,4.0,6.0,22.0,0.0
110165,2,活跃潜力用户,0,34.0,1.0,0.0,0.0,3.0,6.0,0.0
110167,1,早期沉睡用户,1,30.0,4.0,0.0,1.0,4.0,17.0,0.0
110173,2,活跃潜力用户,0,11.0,3.0,0.0,1.0,6.0,12.0,0.0
110176,2,活跃潜力用户,0,25.0,0.0,2.0,0.0,4.0,13.0,1.0
110179,2,活跃潜力用户,0,37.0,0.0,1.0,1.0,6.0,21.0,0.0
110187,2,活跃潜力用户,1,26.0,1.0,0.0,1.0,3.0,9.0,0.0
11019,1,早期沉睡用户,1,32.0,2.0,0.0,1.0,5.0,18.0,0.0
110193,2,活跃潜力用户,0,34.0,0.0,2.0,0.0,6.0,18.0,0.0
110195,2,活跃潜力用户,1,25.0,3.0,1.0,3.0,4.0,9.0,0.0
110196,2,活跃潜力用户,0,40.0,4.0,0.0,1.0,5.0,13.0,0.0
110200,0,高价值忠诚用户,0,189.0,7.0,0.0,0.0,4.0,21.0,0.0
110207,1,早期沉睡用户,1,66.0,2.0,15.0,1.0,4.0,23.0,0.0
110219,2,活跃潜力用户,0,20.0,0.0,0.0,1.0,5.0,15.0,0.0
110221,1,早期沉睡用户,1,59.0,4.0,8.0,1.0,4.0,6.0,0.0
110245,1,早期沉睡用户,1,69.0,6.0,1.0,5.0,6.0,22.0,0.0
110247,1,早期沉睡用户,1,12.0,0.0,0.0,2.0,2.0,3.0,4.0
110248,1,早期沉睡用户,1,6.0,1.0,0.0,1.0,2.0,3.0,4.0
110254,1,早期沉睡用户,1,201.0,15.0,0.0,1.0,6.0,56.0,0.0
110259,2,活跃潜力用户,0,17.0,4.0,0.0,0.0,1.0,3.0,4.0
110271,0,高价值忠诚用户,0,141.0,0.0,0.0,4.0,4.0,22.0,1.0
110288,1,早期沉睡用户,1,2.0,0.0,0.0,1.0,3.0,3.0,0.0
110294,2,活跃潜力用户,0,66.0,10.0,6.0,0.0,5.0,32.0,0.0
110300,2,活跃潜力用户,1,10.0,0.0,0.0,1.0,3.0,7.0,0.0
110303,1,早期沉睡用户,1,25.0,0.0,0.0,1.0,6.0,7.0,0.0
110304,1,早期沉睡用户,1,39.0,2.0,0.0,1.0,6.0,20.0,0.0
110311,0,高价值忠诚用户,0,117.0,6.0,0.0,5.0,6.0,22.0,0.0
110322,2,活跃潜力用户,1,7.0,0.0,1.0,1.0,2.0,4.0,0.0
110328,2,活跃潜力用户,0,55.0,0.0,0.0,1.0,6.0,27.0,0.0
110336,0,高价值忠诚用户,0,46.0,5.0,8.0,7.0,6.0,23.0,0.0
110339,1,早期沉睡用户,1,20.0,6.0,0.0,4.0,6.0,19.0,0.0
110350,1,早期沉睡用户,1,93.0,6.0,0.0,1.0,6.0,24.0,0.0
110357,1,早期沉睡用户,1,19.0,0.0,0.0,1.0,5.0,12.0,1.0
110359,2,活跃潜力用户,0,42.0,13.0,0.0,3.0,6.0,18.0,0.0
110360,0,高价值忠诚用户,0,16.0,6.0,0.0,6.0,3.0,7.0,0.0
110365,0,高价值忠诚用户,0,56.0,0.0,2.0,5.0,5.0,18.0,0.0
110370,1,早期沉睡用户,1,40.0,2.0,0.0,1.0,6.0,16.0,0.0
110373,2,活跃潜力用户,0,9.0,3.0,0.0,1.0,4.0,6.0,0.0
110381,2,活跃潜力用户,0,74.0,4.0,0.0,1.0,6.0,42.0,0.0
110387,1,早期沉睡用户,1,134.0,7.0,1.0,2.0,6.0,50.0,0.0
110392,2,活跃潜力用户,0,27.0,0.0,1.0,1.0,6.0,11.0,0.0
110405,0,高价值忠诚用户,0,106.0,12.0,1.0,3.0,6.0,30.0,0.0
110425,2,活跃潜力用户,1,19.0,5.0,0.0,3.0,3.0,9.0,0.0
110431,2,活跃潜力用户,0,88.0,7.0,0.0,2.0,6.0,29.0,0.0
110434,2,活跃潜力用户,0,20.0,1.0,0.0,1.0,3.0,11.0,0.0
11045,0,高价值忠诚用户,0,52.0,1.0,0.0,4.0,6.0,22.0,0.0
110455,2,活跃潜力用户,1,151.0,13.0,0.0,4.0,6.0,24.0,0.0
110483,1,早期沉睡用户,1,25.0,2.0,5.0,1.0,5.0,13.0,1.0
110499,2,活跃潜力用户,0,7.0,0.0,0.0,0.0,2.0,3.0,2.0
1105,1,早期沉睡用户,1,16.0,4.0,0.0,4.0,3.0,8.0,0.0
110505,2,活跃潜力用户,0,26.0,2.0,1.0,1.0,3.0,8.0,0.0
110511,1,早期沉睡用户,1,115.0,2.0,0.0,1.0,6.0,19.0,0.0
110518,2,活跃潜力用户,0,56.0,14.0,1.0,1.0,6.0,24.0,0.0
110520,2,活跃潜力用户,1,232.0,6.0,22.0,3.0,6.0,61.0,0.0
110531,2,活跃潜力用户,0,134.0,6.0,3.0,0.0,6.0,18.0,0.0
110536,2,活跃潜力用户,0,5.0,6.0,0.0,0.0,4.0,6.0,2.0
110541,2,活跃潜力用户,0,8.0,1.0,0.0,1.0,2.0,4.0,3.0
110549,2,活跃潜力用户,0,4.0,0.0,0.0,2.0,1.0,4.0,3.0
110552,2,活跃潜力用户,1,44.0,2.0,0.0,3.0,5.0,16.0,0.0
110557,2,活跃潜力用户,0,24.0,0.0,0.0,0.0,4.0,12.0,1.0
110565,2,活跃潜力用户,0,159.0,0.0,3.0,0.0,6.0,30.0,0.0
110575,1,早期沉睡用户,1,26.0,0.0,0.0,1.0,6.0,10.0,0.0
110579,2,活跃潜力用户,1,45.0,5.0,0.0,1.0,4.0,12.0,0.0
11058,1,早期沉睡用户,1,163.0,18.0,0.0,2.0,6.0,23.0,0.0
110588,2,活跃潜力用户,1,146.0,0.0,10.0,3.0,6.0,29.0,0.0
110597,2,活跃潜力用户,0,109.0,8.0,0.0,1.0,6.0,43.0,0.0
110598,1,早期沉睡用户,1,14.0,1.0,0.0,3.0,3.0,9.0,0.0
110609,2,活跃潜力用户,0,4.0,0.0,0.0,0.0,1.0,2.0,3.0
110622,2,活跃潜力用户,0,51.0,9.0,0.0,4.0,5.0,14.0,1.0
110624,1,早期沉睡用户,1,73.0,4.0,0.0,1.0,6.0,20.0,0.0
110633,2,活跃潜力用户,0,76.0,0.0,0.0,2.0,6.0,28.0,0.0
110635,2,活跃潜力用户,0,6.0,2.0,0.0,1.0,1.0,8.0,5.0
110652,2,活跃潜力用户,0,34.0,8.0,2.0,3.0,5.0,22.0,0.0
110653,2,活跃潜力用户,0,97.0,10.0,1.0,1.0,6.0,25.0,0.0
110661,1,早期沉睡用户,1,26.0,0.0,3.0,1.0,4.0,3.0,0.0
110679,1,早期沉睡用户,1,23.0,0.0,0.0,1.0,2.0,4.0,0.0
110681,1,早期沉睡用户,1,21.0,1.0,0.0,1.0,5.0,11.0,1.0
110686,1,早期沉睡用户,1,210.0,3.0,0.0,2.0,6.0,27.0,0.0
110694,0,高价值忠诚用户,0,120.0,31.0,14.0,6.0,6.0,34.0,0.0
110704,0,高价值忠诚用户,0,129.0,12.0,9.0,4.0,6.0,44.0,0.0
110707,2,活跃潜力用户,0,55.0,8.0,2.0,2.0,6.0,21.0,0.0
110710,2,活跃潜力用户,0,271.0,10.0,7.0,3.0,6.0,64.0,0.0
110715,2,活跃潜力用户,1,88.0,3.0,0.0,1.0,3.0,26.0,0.0
110720,1,早期沉睡用户,1,162.0,1.0,7.0,2.0,6.0,24.0,0.0
110725,2,活跃潜力用户,0,80.0,0.0,10.0,1.0,5.0,13.0,0.0
110741,2,活跃潜力用户,0,197.0,1.0,49.0,0.0,6.0,28.0,0.0
110743,1,早期沉睡用户,1,24.0,4.0,0.0,1.0,6.0,18.0,0.0
110773,2,活跃潜力用户,0,11.0,9.0,0.0,0.0,3.0,9.0,0.0
110776,2,活跃潜力用户,1,103.0,16.0,1.0,3.0,6.0,23.0,0.0
11079,2,活跃潜力用户,0,198.0,9.0,1.0,3.0,6.0,25.0,0.0
110801,0,高价值忠诚用户,0,149.0,13.0,1.0,4.0,6.0,50.0,0.0
110802,0,高价值忠诚用户,1,18.0,3.0,2.0,7.0,5.0,20.0,0.0
110804,0,高价值忠诚用户,1,73.0,9.0,1.0,5.0,6.0,28.0,0.0
110815,2,活跃潜力用户,0,20.0,2.0,1.0,2.0,5.0,14.0,0.0
110818,2,活跃潜力用户,0,2.0,0.0,1.0,0.0,1.0,2.0,4.0
110827,1,早期沉睡用户,1,42.0,0.0,1.0,1.0,4.0,9.0,1.0
110862,2,活跃潜力用户,0,153.0,10.0,0.0,2.0,6.0,27.0,0.0
110872,1,早期沉睡用户,1,108.0,1.0,0.0,1.0,6.0,25.0,0.0
110873,1,早期沉睡用户,1,74.0,20.0,0.0,4.0,6.0,27.0,0.0
110878,2,活跃潜力用户,0,142.0,2.0,14.0,2.0,5.0,31.0,0.0
110881,2,活跃潜力用户,1,37.0,0.0,4.0,1.0,5.0,18.0,0.0
110884,1,早期沉睡用户,1,37.0,3.0,0.0,1.0,5.0,14.0,0.0
110885,2,活跃潜力用户,0,55.0,2.0,9.0,3.0,4.0,25.0,0.0
110898,1,早期沉睡用户,1,23.0,0.0,0.0,3.0,5.0,17.0,1.0
110904,1,早期沉睡用户,1,113.0,7.0,0.0,4.0,5.0,34.0,0.0
110915,1,早期沉睡用户,1,11.0,0.0,0.0,1.0,3.0,5.0,2.0
110924,2,活跃潜力用户,0,58.0,5.0,0.0,1.0,6.0,14.0,0.0
110926,2,活跃潜力用户,0,5.0,0.0,0.0,0.0,1.0,5.0,1.0
110928,0,高价值忠诚用户,1,33.0,0.0,2.0,7.0,6.0,15.0,0.0
110934,2,活跃潜力用户,0,2.0,1.0,0.0,1.0,2.0,2.0,1.0
110948,2,活跃潜力用户,0,49.0,2.0,0.0,1.0,4.0,17.0,0.0
110956,2,活跃潜力用户,0,35.0,12.0,0.0,0.0,6.0,28.0,0.0
11096,1,早期沉睡用户,1,85.0,0.0,0.0,3.0,5.0,19.0,1.0
11097,1,早期沉睡用户,1,93.0,4.0,0.0,3.0,4.0,12.0,0.0
110973,2,活跃潜力用户,0,108.0,1.0,1.0,0.0,4.0,16.0,0.0
110976,2,活跃潜力用户,0,84.0,0.0,6.0,2.0,6.0,34.0,0.0
110989,2,活跃潜力用户,0,70.0,7.0,0.0,3.0,6.0,23.0,0.0
11099,0,高价值忠诚用户,0,116.0,11.0,0.0,4.0,5.0,37.0,0.0
111001,2,活跃潜力用户,1,96.0,14.0,1.0,2.0,5.0,22.0,0.0
111004,2,活跃潜力用户,0,12.0,2.0,0.0,1.0,6.0,8.0,0.0
111015,1,早期沉睡用户,1,9.0,3.0,1.0,1.0,4.0,8.0,1.0
111023,0,高价值忠诚用户,0,85.0,1.0,17.0,3.0,4.0,25.0,1.0
111041,1,早期沉睡用户,1,96.0,1.0,2.0,2.0,6.0,35.0,0.0
111052,0,高价值忠诚用户,0,49.0,0.0,10.0,1.0,6.0,17.0,0.0
111056,1,早期沉睡用户,1,124.0,13.0,0.0,1.0,5.0,27.0,0.0
111063,1,早期沉睡用户,1,22.0,9.0,0.0,2.0,5.0,17.0,1.0
111068,2,活跃潜力用户,0,65.0,10.0,0.0,1.0,6.0,33.0,0.0
111081,1,早期沉睡用户,1,88.0,1.0,7.0,1.0,3.0,45.0,2.0
111095,0,高价值忠诚用户,0,134.0,9.0,0.0,6.0,4.0,29.0,0.0
111097,1,早期沉睡用户,1,17.0,0.0,0.0,2.0,2.0,4.0,3.0
111102,2,活跃潜力用户,0,7.0,0.0,0.0,0.0,3.0,5.0,0.0
111107,0,高价值忠诚用户,1,180.0,16.0,0.0,7.0,6.0,16.0,0.0
111121,1,早期沉睡用户,1,14.0,3.0,0.0,1.0,5.0,13.0,0.0
111124,2,活跃潜力用户,0,128.0,0.0,10.0,1.0,5.0,16.0,0.0
111132,2,活跃潜力用户,0,28.0,0.0,0.0,0.0,4.0,9.0,0.0
111167,2,活跃潜力用户,0,2.0,0.0,0.0,0.0,2.0,2.0,4.0
111169,2,活跃潜力用户,0,145.0,0.0,6.0,3.0,5.0,29.0,1.0
111184,1,早期沉睡用户,1,135.0,3.0,0.0,1.0,5.0,22.0,0.0
111190,1,早期沉睡用户,1,7.0,0.0,0.0,1.0,4.0,6.0,0.0
111196,2,活跃潜力用户,1,58.0,0.0,4.0,2.0,5.0,28.0,0.0
111198,1,早期沉睡用户,1,50.0,1.0,2.0,1.0,6.0,35.0,0.0
111200,2,活跃潜力用户,0,29.0,0.0,8.0,0.0,5.0,14.0,0.0
111213,2,活跃潜力用户,0,7.0,0.0,0.0,1.0,3.0,7.0,2.0
111216,0,高价值忠诚用户,0,31.0,0.0,0.0,4.0,5.0,19.0,0.0
111221,2,活跃潜力用户,1,57.0,5.0,0.0,1.0,4.0,18.0,0.0
111225,2,活跃潜力用户,0,22.0,5.0,0.0,0.0,3.0,15.0,2.0
111226,2,活跃潜力用户,0,71.0,19.0,0.0,2.0,5.0,17.0,0.0
111233,2,活跃潜力用户,1,0.0,18.0,0.0,5.0,5.0,8.0,0.0
111247,2,活跃潜力用户,0,117.0,1.0,0.0,3.0,6.0,29.0,0.0
11126,2,活跃潜力用户,0,43.0,1.0,0.0,0.0,5.0,21.0,0.0
111262,2,活跃潜力用户,0,42.0,3.0,11.0,0.0,5.0,21.0,0.0
111266,0,高价值忠诚用户,0,32.0,0.0,0.0,2.0,4.0,17.0,0.0
111268,1,早期沉睡用户,1,89.0,9.0,0.0,2.0,6.0,35.0,0.0
111270,0,高价值忠诚用户,0,271.0,23.0,2.0,0.0,6.0,67.0,0.0
111273,1,早期沉睡用户,1,40.0,3.0,2.0,1.0,5.0,26.0,1.0
111276,2,活跃潜力用户,0,23.0,0.0,2.0,1.0,4.0,14.0,0.0
111288,1,早期沉睡用户,1,110.0,6.0,9.0,4.0,6.0,33.0,0.0
111306,2,活跃潜力用户,0,21.0,6.0,0.0,0.0,4.0,12.0,0.0
111322,0,高价值忠诚用户,0,149.0,0.0,0.0,12.0,5.0,29.0,0.0
111334,1,早期沉睡用户,1,153.0,4.0,13.0,1.0,6.0,68.0,0.0
111342,2,活跃潜力用户,0,33.0,0.0,0.0,0.0,6.0,16.0,0.0
111346,2,活跃潜力用户,0,48.0,1.0,0.0,0.0,4.0,11.0,0.0
111349,2,活跃潜力用户,0,77.0,3.0,0.0,2.0,6.0,22.0,0.0
111365,0,高价值忠诚用户,0,49.0,4.0,0.0,8.0,6.0,22.0,0.0
111369,2,活跃潜力用户,0,7.0,1.0,0.0,0.0,2.0,6.0,0.0
111386,1,早期沉睡用户,1,90.0,5.0,1.0,5.0,6.0,33.0,0.0
111387,2,活跃潜力用户,0,63.0,4.0,2.0,0.0,2.0,14.0,4.0
1114,2,活跃潜力用户,0,8.0,0.0,2.0,3.0,2.0,5.0,0.0
11140,2,活跃潜力用户,0,10.0,4.0,0.0,0.0,2.0,5.0,0.0
11141,0,高价值忠诚用户,0,28.0,1.0,0.0,2.0,3.0,18.0,0.0
111442,1,早期沉睡用户,1,141.0,7.0,8.0,2.0,6.0,23.0,0.0
111449,1,早期沉睡用户,1,16.0,0.0,0.0,1.0,5.0,14.0,1.0
11145,2,活跃潜力用户,1,103.0,10.0,20.0,5.0,5.0,25.0,0.0
111459,2,活跃潜力用户,0,92.0,6.0,0.0,1.0,6.0,17.0,0.0
111467,2,活跃潜力用户,0,31.0,7.0,0.0,3.0,5.0,15.0,0.0
111482,2,活跃潜力用户,0,58.0,17.0,0.0,1.0,6.0,23.0,0.0
111492,0,高价值忠诚用户,0,52.0,8.0,0.0,4.0,6.0,16.0,0.0
111501,1,早期沉睡用户,1,35.0,1.0,0.0,2.0,5.0,23.0,0.0
111502,2,活跃潜力用户,0,19.0,0.0,0.0,1.0,2.0,5.0,2.0
111512,2,活跃潜力用户,0,65.0,0.0,1.0,1.0,6.0,14.0,0.0
111517,0,高价值忠诚用户,0,37.0,0.0,0.0,2.0,5.0,24.0,1.0
111524,0,高价值忠诚用户,0,256.0,0.0,9.0,4.0,6.0,24.0,0.0
111541,2,活跃潜力用户,0,3.0,1.0,0.0,0.0,1.0,3.0,1.0
111542,1,早期沉睡用户,1,73.0,0.0,21.0,1.0,6.0,34.0,0.0
111548,2,活跃潜力用户,0,17.0,0.0,0.0,0.0,2.0,7.0,2.0
111549,0,高价值忠诚用户,0,307.0,0.0,16.0,6.0,6.0,51.0,0.0
111551,1,早期沉睡用户,1,106.0,3.0,2.0,3.0,3.0,31.0,0.0
111552,0,高价值忠诚用户,1,26.0,3.0,0.0,5.0,3.0,10.0,0.0
111556,2,活跃潜力用户,0,40.0,14.0,5.0,1.0,5.0,20.0,0.0
111572,1,早期沉睡用户,1,181.0,21.0,0.0,3.0,4.0,19.0,0.0
11158,1,早期沉睡用户,1,48.0,2.0,0.0,2.0,5.0,11.0,0.0
111585,2,活跃潜力用户,0,74.0,13.0,0.0,0.0,2.0,9.0,2.0
11159,2,活跃潜力用户,0,53.0,8.0,0.0,1.0,5.0,24.0,0.0
111607,2,活跃潜力用户,0,3.0,1.0,0.0,2.0,5.0,6.0,0.0
111616,2,活跃潜力用户,0,136.0,9.0,0.0,1.0,6.0,29.0,0.0
11162,2,活跃潜力用户,0,214.0,16.0,1.0,2.0,6.0,63.0,0.0
111626,2,活跃潜力用户,1,29.0,2.0,0.0,4.0,5.0,9.0,0.0
111629,2,活跃潜力用户,0,52.0,1.0,7.0,1.0,4.0,11.0,0.0
111636,2,活跃潜力用户,1,85.0,1.0,4.0,2.0,6.0,21.0,0.0
111643,1,早期沉睡用户,1,122.0,0.0,0.0,2.0,2.0,18.0,0.0
111647,2,活跃潜力用户,0,20.0,0.0,0.0,1.0,4.0,10.0,1.0
111652,2,活跃潜力用户,0,1.0,0.0,0.0,0.0,1.0,1.0,5.0
111691,1,早期沉睡用户,1,92.0,6.0,0.0,1.0,6.0,29.0,0.0
111692,2,活跃潜力用户,0,6.0,0.0,0.0,0.0,3.0,4.0,1.0
111700,1,早期沉睡用户,1,10.0,0.0,0.0,1.0,2.0,4.0,2.0
111710,2,活跃潜力用户,1,4.0,0.0,0.0,1.0,3.0,3.0,0.0
111711,2,活跃潜力用户,1,53.0,15.0,0.0,2.0,6.0,26.0,0.0
111721,1,早期沉睡用户,1,94.0,12.0,1.0,1.0,5.0,20.0,0.0
111727,2,活跃潜力用户,0,31.0,0.0,0.0,1.0,3.0,8.0,3.0
111738,2,活跃潜力用户,0,3.0,0.0,0.0,0.0,1.0,1.0,5.0
111755,2,活跃潜力用户,1,165.0,5.0,0.0,2.0,4.0,34.0,0.0
111765,0,高价值忠诚用户,1,156.0,20.0,0.0,7.0,5.0,21.0,0.0
111770,1,早期沉睡用户,1,39.0,2.0,1.0,3.0,3.0,13.0,3.0
111783,1,早期沉睡用户,1,81.0,0.0,7.0,1.0,6.0,20.0,0.0
111785,0,高价值忠诚用户,0,56.0,3.0,0.0,5.0,6.0,20.0,0.0
11179,2,活跃潜力用户,0,136.0,0.0,14.0,2.0,6.0,35.0,0.0
111811,1,早期沉睡用户,1,106.0,2.0,0.0,3.0,6.0,15.0,0.0
111820,2,活跃潜力用户,1,273.0,8.0,1.0,3.0,4.0,40.0,0.0
111821,0,高价值忠诚用户,1,24.0,3.0,1.0,5.0,6.0,13.0,0.0
111822,0,高价值忠诚用户,0,1.0,0.0,0.0,5.0,3.0,5.0,0.0
111823,2,活跃潜力用户,0,16.0,1.0,0.0,0.0,3.0,3.0,0.0
111826,2,活跃潜力用户,0,116.0,1.0,32.0,0.0,4.0,27.0,1.0
111828,2,活跃潜力用户,0,98.0,0.0,5.0,0.0,5.0,21.0,0.0
111841,2,活跃潜力用户,0,4.0,2.0,0.0,0.0,3.0,4.0,0.0
111848,1,早期沉睡用户,1,188.0,1.0,3.0,2.0,6.0,47.0,0.0
111849,1,早期沉睡用户,1,82.0,3.0,2.0,1.0,5.0,18.0,0.0
111856,1,早期沉睡用户,1,116.0,5.0,5.0,1.0,6.0,52.0,0.0
111858,2,活跃潜力用户,0,8.0,0.0,0.0,2.0,2.0,4.0,0.0
111860,1,早期沉睡用户,1,60.0,2.0,13.0,2.0,4.0,11.0,0.0
111867,2,活跃潜力用户,0,28.0,1.0,2.0,0.0,6.0,12.0,0.0
11189,2,活跃潜力用户,0,3.0,0.0,0.0,1.0,3.0,4.0,0.0
111890,2,活跃潜力用户,0,20.0,1.0,1.0,0.0,2.0,10.0,1.0
111891,2,活跃潜力用户,0,3.0,0.0,0.0,1.0,4.0,3.0,0.0
111894,2,活跃潜力用户,0,207.0,26.0,0.0,0.0,6.0,28.0,0.0
1119,0,高价值忠诚用户,0,117.0,7.0,8.0,6.0,6.0,37.0,0.0
11190,0,高价值忠诚用户,0,273.0,8.0,24.0,4.0,6.0,34.0,0.0
111904,1,早期沉睡用户,1,0.0,0.0,12.0,1.0,5.0,6.0,0.0
111908,2,活跃潜力用户,0,95.0,0.0,0.0,2.0,4.0,18.0,1.0
111910,2,活跃潜力用户,0,41.0,0.0,2.0,2.0,6.0,14.0,0.0
111932,0,高价值忠诚用户,0,65.0,5.0,2.0,8.0,6.0,35.0,0.0
111933,2,活跃潜力用户,0,17.0,2.0,0.0,1.0,2.0,4.0,0.0
11194,2,活跃潜力用户,0,111.0,19.0,0.0,3.0,6.0,12.0,0.0
111941,2,活跃潜力用户,0,20.0,3.0,0.0,1.0,2.0,7.0,0.0
111942,2,活跃潜力用户,1,135.0,9.0,19.0,4.0,6.0,11.0,0.0
111948,0,高价值忠诚用户,1,88.0,7.0,0.0,6.0,5.0,20.0,0.0
111951,2,活跃潜力用户,0,45.0,1.0,0.0,1.0,5.0,16.0,1.0
111952,2,活跃潜力用户,0,10.0,1.0,1.0,0.0,2.0,3.0,0.0
111975,2,活跃潜力用户,0,57.0,0.0,6.0,0.0,6.0,19.0,0.0
111976,1,早期沉睡用户,1,80.0,3.0,3.0,2.0,6.0,33.0,0.0
111978,2,活跃潜力用户,0,4.0,1.0,0.0,0.0,4.0,5.0,0.0
111987,1,早期沉睡用户,1,274.0,6.0,28.0,1.0,6.0,100.0,0.0
1120,1,早期沉睡用户,1,137.0,2.0,16.0,3.0,5.0,60.0,0.0
112006,1,早期沉睡用户,1,14.0,3.0,0.0,1.0,3.0,6.0,1.0
112010,2,活跃潜力用户,0,11.0,0.0,0.0,0.0,4.0,7.0,2.0
112013,1,早期沉睡用户,1,34.0,0.0,0.0,1.0,4.0,6.0,0.0
112015,0,高价值忠诚用户,0,10.0,0.0,0.0,0.0,2.0,2.0,0.0
11202,2,活跃潜力用户,0,23.0,1.0,0.0,1.0,4.0,16.0,1.0
112040,1,早期沉睡用户,1,217.0,8.0,3.0,2.0,6.0,37.0,0.0
112055,0,高价值忠诚用户,0,5.0,1.0,1.0,9.0,6.0,8.0,0.0
112057,0,高价值忠诚用户,0,55.0,1.0,0.0,4.0,6.0,18.0,0.0
112058,1,早期沉睡用户,1,54.0,2.0,1.0,1.0,5.0,21.0,0.0
112070,0,高价值忠诚用户,0,0.0,4.0,6.0,1.0,6.0,9.0,0.0
112084,0,高价值忠诚用户,0,19.0,0.0,0.0,5.0,5.0,15.0,0.0
112087,2,活跃潜力用户,0,27.0,2.0,0.0,1.0,6.0,13.0,0.0
11209,2,活跃潜力用户,0,58.0,2.0,0.0,0.0,6.0,16.0,0.0
112092,1,早期沉睡用户,1,75.0,6.0,0.0,1.0,3.0,5.0,2.0
112094,2,活跃潜力用户,0,21.0,4.0,0.0,0.0,6.0,17.0,0.0
112097,1,早期沉睡用户,1,107.0,0.0,1.0,1.0,4.0,37.0,0.0
112099,0,高价值忠诚用户,0,29.0,0.0,7.0,3.0,3.0,10.0,1.0
112104,2,活跃潜力用户,0,50.0,2.0,0.0,0.0,5.0,19.0,0.0
112108,2,活跃潜力用户,1,81.0,9.0,0.0,1.0,6.0,18.0,0.0
112109,2,活跃潜力用户,1,5.0,0.0,1.0,1.0,2.0,3.0,0.0
112111,0,高价值忠诚用户,0,94.0,8.0,4.0,4.0,6.0,20.0,0.0
112117,2,活跃潜力用户,0,16.0,0.0,0.0,1.0,4.0,6.0,0.0
112122,1,早期沉睡用户,1,33.0,8.0,0.0,1.0,4.0,10.0,0.0
112126,2,活跃潜力用户,1,32.0,1.0,1.0,1.0,6.0,17.0,0.0
112141,2,活跃潜力用户,0,36.0,3.0,0.0,0.0,3.0,9.0,0.0
112145,2,活跃潜力用户,0,21.0,5.0,0.0,0.0,5.0,14.0,0.0
11215,2,活跃潜力用户,0,35.0,0.0,2.0,0.0,5.0,11.0,0.0
112160,1,早期沉睡用户,1,8.0,0.0,0.0,3.0,4.0,6.0,0.0
112165,0,高价值忠诚用户,0,60.0,7.0,0.0,0.0,6.0,25.0,0.0
112166,1,早期沉睡用户,1,198.0,5.0,5.0,2.0,4.0,15.0,0.0
112182,1,早期沉睡用户,1,57.0,0.0,0.0,1.0,4.0,7.0,0.0
112208,2,活跃潜力用户,1,14.0,1.0,0.0,3.0,3.0,3.0,0.0
112210,1,早期沉睡用户,1,14.0,1.0,0.0,1.0,4.0,7.0,0.0
112213,2,活跃潜力用户,0,131.0,14.0,1.0,0.0,6.0,45.0,0.0
112215,1,早期沉睡用户,1,50.0,0.0,0.0,3.0,5.0,26.0,1.0
11222,1,早期沉睡用户,1,235.0,14.0,0.0,2.0,6.0,26.0,0.0
112220,2,活跃潜力用户,0,21.0,2.0,5.0,2.0,3.0,9.0,0.0
112225,1,早期沉睡用户,1,13.0,2.0,0.0,1.0,4.0,5.0,2.0
112229,2,活跃潜力用户,0,17.0,1.0,0.0,0.0,4.0,12.0,0.0
112238,2,活跃潜力用户,0,5.0,2.0,0.0,1.0,2.0,4.0,2.0
112242,0,高价值忠诚用户,0,19.0,1.0,0.0,4.0,2.0,11.0,0.0
112243,2,活跃潜力用户,0,20.0,0.0,3.0,4.0,6.0,14.0,0.0
112244,2,活跃潜力用户,0,38.0,0.0,2.0,1.0,6.0,16.0,0.0
11225,2,活跃潜力用户,1,94.0,2.0,21.0,1.0,6.0,21.0,0.0
112253,2,活跃潜力用户,0,87.0,10.0,0.0,0.0,6.0,28.0,0.0
112259,1,早期沉睡用户,1,7.0,0.0,0.0,1.0,2.0,5.0,4.0
11226,0,高价值忠诚用户,0,47.0,4.0,0.0,2.0,4.0,24.0,1.0
112268,1,早期沉睡用户,1,29.0,0.0,3.0,1.0,3.0,13.0,1.0
112274,2,活跃潜力用户,0,9.0,1.0,0.0,1.0,3.0,7.0,1.0
112279,2,活跃潜力用户,0,32.0,0.0,0.0,0.0,5.0,8.0,1.0
112285,2,活跃潜力用户,0,56.0,4.0,0.0,2.0,5.0,11.0,1.0
112286,1,早期沉睡用户,1,47.0,6.0,0.0,1.0,5.0,10.0,0.0
112287,0,高价值忠诚用户,0,30.0,5.0,0.0,1.0,4.0,12.0,0.0
112296,1,早期沉睡用户,1,21.0,2.0,0.0,3.0,6.0,14.0,0.0
112300,2,活跃潜力用户,0,106.0,4.0,6.0,0.0,5.0,24.0,0.0
112316,1,早期沉睡用户,1,13.0,0.0,0.0,1.0,3.0,5.0,3.0
112345,1,早期沉睡用户,1,26.0,0.0,8.0,1.0,6.0,19.0,0.0
112351,1,早期沉睡用户,1,94.0,0.0,9.0,2.0,6.0,22.0,0.0
112360,1,早期沉睡用户,1,133.0,1.0,1.0,2.0,6.0,42.0,0.0
112369,0,高价值忠诚用户,0,10.0,0.0,0.0,2.0,2.0,4.0,0.0
112372,0,高价值忠诚用户,0,94.0,5.0,0.0,2.0,5.0,27.0,1.0
112393,2,活跃潜力用户,0,8.0,0.0,0.0,0.0,2.0,2.0,3.0
1124,2,活跃潜力用户,0,26.0,2.0,0.0,2.0,5.0,15.0,1.0
112401,2,活跃潜力用户,0,19.0,1.0,0.0,1.0,5.0,12.0,0.0
112405,1,早期沉睡用户,1,9.0,0.0,0.0,1.0,3.0,5.0,0.0
112415,1,早期沉睡用户,1,22.0,0.0,0.0,1.0,3.0,5.0,2.0
112417,2,活跃潜力用户,0,42.0,7.0,0.0,1.0,6.0,22.0,0.0
112435,1,早期沉睡用户,1,27.0,7.0,0.0,1.0,5.0,21.0,0.0
112436,2,活跃潜力用户,0,11.0,0.0,0.0,0.0,4.0,6.0,0.0
112443,2,活跃潜力用户,0,12.0,1.0,0.0,0.0,5.0,9.0,0.0
112447,2,活跃潜力用户,1,60.0,4.0,0.0,2.0,4.0,20.0,0.0
112448,1,早期沉睡用户,1,25.0,0.0,0.0,2.0,3.0,17.0,0.0
112450,1,早期沉睡用户,1,0.0,4.0,19.0,2.0,5.0,14.0,0.0
112456,0,高价值忠诚用户,0,91.0,4.0,10.0,7.0,6.0,42.0,0.0
112457,2,活跃潜力用户,0,25.0,5.0,0.0,2.0,5.0,12.0,0.0
11246,2,活跃潜力用户,0,20.0,1.0,0.0,0.0,4.0,10.0,0.0
112468,2,活跃潜力用户,0,14.0,0.0,0.0,0.0,2.0,3.0,1.0
112469,2,活跃潜力用户,1,69.0,0.0,0.0,1.0,6.0,33.0,0.0
112471,1,早期沉睡用户,1,29.0,2.0,5.0,3.0,6.0,16.0,0.0
112485,2,活跃潜力用户,0,13.0,2.0,4.0,0.0,2.0,8.0,0.0
112503,2,活跃潜力用户,0,204.0,13.0,0.0,2.0,6.0,55.0,0.0
112526,2,活跃潜力用户,0,18.0,5.0,0.0,2.0,6.0,9.0,0.0
11253,1,早期沉睡用户,1,29.0,0.0,6.0,3.0,6.0,11.0,0.0
112531,2,活跃潜力用户,1,13.0,2.0,0.0,1.0,5.0,7.0,0.0
112535,1,早期沉睡用户,1,37.0,1.0,0.0,1.0,4.0,16.0,0.0
112541,2,活跃潜力用户,0,25.0,0.0,5.0,0.0,4.0,14.0,0.0
112544,2,活跃潜力用户,0,35.0,2.0,0.0,0.0,4.0,13.0,0.0
11255,2,活跃潜力用户,0,23.0,0.0,0.0,1.0,2.0,14.0,0.0
112555,2,活跃潜力用户,1,115.0,3.0,1.0,3.0,6.0,22.0,0.0
112558,2,活跃潜力用户,0,74.0,0.0,3.0,0.0,6.0,23.0,0.0
112566,1,早期沉睡用户,1,116.0,4.0,2.0,3.0,6.0,44.0,0.0
112568,0,高价值忠诚用户,0,62.0,1.0,4.0,10.0,5.0,24.0,0.0
112571,1,早期沉睡用户,1,14.0,3.0,0.0,3.0,5.0,11.0,0.0
112573,1,早期沉睡用户,1,190.0,0.0,4.0,3.0,6.0,36.0,0.0
112584,1,早期沉睡用户,1,26.0,1.0,0.0,1.0,6.0,15.0,0.0
112587,2,活跃潜力用户,0,263.0,2.0,0.0,0.0,4.0,24.0,0.0
112597,0,高价值忠诚用户,1,304.0,13.0,0.0,14.0,6.0,39.0,0.0
112614,2,活跃潜力用户,0,43.0,1.0,1.0,1.0,3.0,9.0,2.0
112621,1,早期沉睡用户,1,64.0,4.0,0.0,2.0,6.0,23.0,0.0
112630,2,活跃潜力用户,0,33.0,6.0,0.0,1.0,3.0,15.0,0.0
112643,2,活跃潜力用户,0,59.0,2.0,3.0,2.0,5.0,19.0,1.0
112654,1,早期沉睡用户,1,149.0,3.0,1.0,3.0,6.0,42.0,0.0
112668,2,活跃潜力用户,0,3.0,2.0,0.0,0.0,3.0,4.0,1.0
112676,1,早期沉睡用户,1,74.0,1.0,0.0,2.0,5.0,20.0,0.0
112677,2,活跃潜力用户,0,34.0,4.0,0.0,3.0,5.0,11.0,1.0
112684,1,早期沉睡用户,1,193.0,0.0,1.0,5.0,6.0,18.0,0.0
112687,2,活跃潜力用户,0,30.0,3.0,0.0,0.0,4.0,10.0,0.0
112689,0,高价值忠诚用户,0,90.0,10.0,1.0,3.0,6.0,34.0,0.0
112691,2,活跃潜力用户,0,24.0,0.0,1.0,0.0,4.0,11.0,0.0
112694,2,活跃潜力用户,0,15.0,0.0,0.0,0.0,2.0,10.0,0.0
112710,0,高价值忠诚用户,0,70.0,0.0,26.0,6.0,6.0,27.0,0.0
112713,1,早期沉睡用户,1,47.0,0.0,0.0,3.0,5.0,17.0,0.0
112717,0,高价值忠诚用户,1,103.0,12.0,0.0,18.0,4.0,34.0,0.0
11272,0,高价值忠诚用户,0,82.0,0.0,1.0,2.0,6.0,40.0,0.0
112726,0,高价值忠诚用户,0,24.0,0.0,1.0,5.0,4.0,19.0,0.0
112732,2,活跃潜力用户,0,22.0,4.0,0.0,0.0,5.0,12.0,0.0
112735,2,活跃潜力用户,0,16.0,2.0,0.0,1.0,2.0,11.0,4.0
112741,0,高价值忠诚用户,0,77.0,8.0,0.0,2.0,6.0,14.0,0.0
112754,2,活跃潜力用户,1,163.0,14.0,0.0,1.0,6.0,35.0,0.0
112768,2,活跃潜力用户,1,158.0,4.0,2.0,3.0,6.0,45.0,0.0
112774,1,早期沉睡用户,1,17.0,3.0,0.0,1.0,4.0,14.0,2.0
112775,0,高价值忠诚用户,0,177.0,10.0,1.0,4.0,6.0,23.0,0.0
112782,1,早期沉睡用户,1,2.0,0.0,0.0,1.0,3.0,3.0,1.0
112787,1,早期沉睡用户,1,7.0,0.0,0.0,1.0,3.0,5.0,2.0
112799,2,活跃潜力用户,0,85.0,6.0,0.0,0.0,4.0,34.0,0.0
112801,1,早期沉睡用户,1,43.0,4.0,0.0,1.0,3.0,14.0,1.0
112802,2,活跃潜力用户,0,21.0,2.0,0.0,2.0,3.0,4.0,0.0
112804,1,早期沉睡用户,1,75.0,10.0,0.0,2.0,6.0,39.0,0.0
112829,2,活跃潜力用户,0,13.0,0.0,0.0,1.0,4.0,6.0,1.0
11283,2,活跃潜力用户,0,61.0,5.0,0.0,0.0,5.0,22.0,1.0
112832,2,活跃潜力用户,1,19.0,4.0,2.0,2.0,5.0,17.0,0.0
112841,2,活跃潜力用户,0,10.0,0.0,0.0,0.0,2.0,3.0,0.0
112844,1,早期沉睡用户,1,144.0,1.0,5.0,3.0,6.0,66.0,0.0
112845,0,高价值忠诚用户,0,76.0,4.0,1.0,3.0,6.0,40.0,0.0
112855,1,早期沉睡用户,1,21.0,0.0,0.0,1.0,4.0,10.0,0.0
112858,2,活跃潜力用户,0,213.0,0.0,0.0,0.0,6.0,36.0,0.0
112864,1,早期沉睡用户,1,150.0,7.0,0.0,3.0,6.0,16.0,0.0
112867,2,活跃潜力用户,0,16.0,0.0,3.0,3.0,4.0,9.0,0.0
112868,1,早期沉睡用户,1,2.0,0.0,0.0,1.0,2.0,2.0,0.0
112870,0,高价值忠诚用户,0,46.0,19.0,1.0,16.0,6.0,35.0,0.0
112877,0,高价值忠诚用户,0,52.0,5.0,0.0,0.0,6.0,22.0,0.0
112887,2,活跃潜力用户,0,145.0,28.0,0.0,3.0,6.0,15.0,0.0
112890,2,活跃潜力用户,0,2.0,2.0,0.0,2.0,2.0,3.0,1.0
112899,2,活跃潜力用户,0,42.0,3.0,0.0,0.0,2.0,30.0,1.0
112910,1,早期沉睡用户,1,64.0,0.0,0.0,2.0,6.0,18.0,0.0
112914,2,活跃潜力用户,1,151.0,0.0,18.0,2.0,6.0,37.0,0.0
112920,1,早期沉睡用户,1,39.0,3.0,0.0,2.0,4.0,12.0,1.0
112921,2,活跃潜力用户,0,6.0,0.0,0.0,0.0,2.0,2.0,1.0
11293,1,早期沉睡用户,1,22.0,2.0,3.0,1.0,3.0,8.0,1.0
112930,0,高价值忠诚用户,0,5.0,1.0,2.0,3.0,5.0,6.0,0.0
112933,0,高价值忠诚用户,1,131.0,16.0,1.0,7.0,6.0,48.0,0.0
112934,0,高价值忠诚用户,0,139.0,8.0,0.0,4.0,5.0,34.0,0.0
112936,2,活跃潜力用户,0,26.0,5.0,0.0,2.0,4.0,10.0,1.0
11294,0,高价值忠诚用户,0,22.0,10.0,0.0,1.0,6.0,19.0,0.0
11295,0,高价值忠诚用户,0,72.0,7.0,0.0,4.0,6.0,19.0,0.0
112952,1,早期沉睡用户,1,26.0,2.0,1.0,1.0,2.0,9.0,2.0
112961,2,活跃潜力用户,0,66.0,10.0,0.0,3.0,5.0,37.0,0.0
112965,2,活跃潜力用户,0,27.0,6.0,0.0,0.0,3.0,2.0,1.0
112970,0,高价值忠诚用户,0,292.0,22.0,1.0,10.0,6.0,104.0,0.0
112972,2,活跃潜力用户,1,56.0,0.0,0.0,1.0,4.0,20.0,0.0
112981,2,活跃潜力用户,0,24.0,0.0,0.0,0.0,4.0,5.0,1.0
112988,0,高价值忠诚用户,0,138.0,15.0,0.0,1.0,6.0,55.0,0.0
112997,0,高价值忠诚用户,0,141.0,24.0,0.0,6.0,4.0,23.0,0.0
113000,2,活跃潜力用户,0,10.0,0.0,0.0,0.0,5.0,8.0,0.0
113010,2,活跃潜力用户,0,23.0,0.0,0.0,0.0,2.0,9.0,3.0
113014,1,早期沉睡用户,1,78.0,6.0,0.0,1.0,3.0,9.0,0.0
113023,2,活跃潜力用户,1,139.0,4.0,3.0,2.0,5.0,17.0,0.0
113027,1,早期沉睡用户,1,121.0,3.0,13.0,2.0,5.0,20.0,1.0
113031,2,活跃潜力用户,0,7.0,0.0,0.0,0.0,3.0,4.0,2.0
113034,2,活跃潜力用户,1,39.0,12.0,0.0,3.0,5.0,16.0,0.0
11304,1,早期沉睡用户,1,20.0,4.0,0.0,1.0,4.0,5.0,1.0
113046,2,活跃潜力用户,0,137.0,0.0,6.0,1.0,5.0,38.0,0.0
113053,2,活跃潜力用户,0,10.0,0.0,0.0,0.0,2.0,6.0,0.0
113059,1,早期沉睡用户,1,120.0,25.0,1.0,2.0,5.0,25.0,0.0
113069,2,活跃潜力用户,0,15.0,0.0,0.0,2.0,4.0,7.0,1.0
113080,2,活跃潜力用户,0,16.0,1.0,0.0,0.0,2.0,9.0,0.0
113082,0,高价值忠诚用户,0,41.0,2.0,0.0,4.0,6.0,21.0,0.0
1131,2,活跃潜力用户,0,71.0,5.0,4.0,3.0,5.0,44.0,0.0
113111,2,活跃潜力用户,0,75.0,15.0,0.0,2.0,4.0,11.0,0.0
113116,2,活跃潜力用户,0,86.0,0.0,1.0,3.0,6.0,41.0,0.0
113118,1,早期沉睡用户,1,79.0,6.0,1.0,3.0,6.0,30.0,0.0
11313,2,活跃潜力用户,0,6.0,0.0,0.0,1.0,3.0,4.0,1.0
113143,2,活跃潜力用户,0,125.0,8.0,0.0,2.0,6.0,27.0,0.0
11316,2,活跃潜力用户,0,23.0,0.0,0.0,0.0,4.0,9.0,0.0
113163,0,高价值忠诚用户,0,107.0,18.0,1.0,6.0,6.0,36.0,0.0
113164,0,高价值忠诚用户,0,56.0,10.0,1.0,10.0,6.0,19.0,0.0
113194,2,活跃潜力用户,0,78.0,0.0,4.0,1.0,6.0,22.0,0.0
113198,2,活跃潜力用户,0,17.0,0.0,0.0,0.0,4.0,7.0,0.0
113221,2,活跃潜力用户,1,52.0,0.0,0.0,1.0,3.0,8.0,0.0
11323,0,高价值忠诚用户,0,59.0,3.0,0.0,4.0,6.0,25.0,0.0
113233,1,早期沉睡用户,1,65.0,6.0,0.0,1.0,6.0,22.0,0.0
113244,0,高价值忠诚用户,0,24.0,6.0,0.0,4.0,5.0,16.0,0.0
113251,1,早期沉睡用户,1,71.0,7.0,1.0,1.0,3.0,18.0,0.0
113253,2,活跃潜力用户,0,70.0,13.0,0.0,3.0,5.0,25.0,0.0
113255,2,活跃潜力用户,0,48.0,9.0,0.0,2.0,6.0,13.0,0.0
113256,2,活跃潜力用户,0,45.0,1.0,0.0,2.0,6.0,15.0,0.0
113269,0,高价值忠诚用户,0,46.0,8.0,0.0,2.0,6.0,16.0,0.0
11327,1,早期沉睡用户,1,77.0,1.0,0.0,3.0,5.0,21.0,0.0
11328,1,早期沉睡用户,1,53.0,6.0,0.0,1.0,5.0,18.0,1.0
113291,0,高价值忠诚用户,0,120.0,7.0,2.0,1.0,6.0,23.0,0.0
113297,2,活跃潜力用户,0,3.0,3.0,0.0,1.0,5.0,5.0,0.0
1133,2,活跃潜力用户,0,16.0,2.0,2.0,1.0,4.0,8.0,0.0
113321,0,高价值忠诚用户,0,168.0,0.0,2.0,3.0,5.0,47.0,0.0
113325,1,早期沉睡用户,1,4.0,0.0,0.0,1.0,4.0,4.0,1.0
113326,2,活跃潜力用户,0,3.0,0.0,0.0,0.0,2.0,2.0,0.0
113334,2,活跃潜力用户,0,30.0,1.0,2.0,2.0,3.0,7.0,0.0
113360,1,早期沉睡用户,1,5.0,1.0,0.0,3.0,4.0,6.0,0.0
113361,0,高价值忠诚用户,0,28.0,0.0,2.0,3.0,2.0,7.0,2.0
113371,0,高价值忠诚用户,0,62.0,29.0,15.0,11.0,6.0,42.0,0.0
113372,0,高价值忠诚用户,0,56.0,6.0,0.0,4.0,6.0,24.0,0.0
113375,0,高价值忠诚用户,1,218.0,10.0,0.0,5.0,6.0,48.0,0.0
113397,0,高价值忠诚用户,0,48.0,0.0,5.0,0.0,2.0,19.0,4.0
113401,2,活跃潜力用户,0,15.0,0.0,0.0,0.0,4.0,12.0,0.0
11341,2,活跃潜力用户,0,40.0,0.0,0.0,1.0,4.0,14.0,0.0
113424,2,活跃潜力用户,1,23.0,4.0,4.0,4.0,4.0,5.0,0.0
11343,2,活跃潜力用户,0,21.0,0.0,4.0,0.0,5.0,7.0,0.0
11344,2,活跃潜力用户,1,151.0,3.0,17.0,2.0,6.0,48.0,0.0
113446,0,高价值忠诚用户,0,149.0,16.0,0.0,7.0,6.0,39.0,0.0
11345,2,活跃潜力用户,0,6.0,3.0,0.0,0.0,1.0,3.0,0.0
113491,2,活跃潜力用户,0,19.0,0.0,0.0,0.0,1.0,5.0,0.0
113512,0,高价值忠诚用户,0,65.0,6.0,7.0,4.0,6.0,43.0,0.0
113514,1,早期沉睡用户,1,75.0,1.0,0.0,1.0,5.0,36.0,0.0
113521,2,活跃潜力用户,0,12.0,0.0,0.0,0.0,4.0,10.0,1.0
113523,1,早期沉睡用户,1,137.0,20.0,0.0,5.0,6.0,46.0,0.0
113526,1,早期沉睡用户,1,57.0,0.0,0.0,1.0,4.0,15.0,1.0
113537,1,早期沉睡用户,1,9.0,1.0,0.0,1.0,3.0,3.0,1.0
113551,2,活跃潜力用户,1,7.0,0.0,0.0,2.0,5.0,8.0,0.0
113556,2,活跃潜力用户,0,32.0,0.0,0.0,1.0,4.0,6.0,0.0
113564,2,活跃潜力用户,0,356.0,7.0,3.0,1.0,6.0,22.0,0.0
113570,0,高价值忠诚用户,0,63.0,0.0,10.0,8.0,6.0,31.0,0.0
113571,0,高价值忠诚用户,1,149.0,3.0,0.0,7.0,6.0,36.0,0.0
113572,2,活跃潜力用户,1,36.0,0.0,0.0,2.0,2.0,7.0,0.0
113577,2,活跃潜力用户,0,35.0,1.0,0.0,0.0,3.0,11.0,2.0
113584,1,早期沉睡用户,1,147.0,5.0,11.0,6.0,6.0,35.0,0.0
113593,2,活跃潜力用户,0,4.0,0.0,0.0,0.0,2.0,2.0,0.0
113598,2,活跃潜力用户,0,14.0,1.0,0.0,0.0,2.0,4.0,1.0
113602,1,早期沉睡用户,1,16.0,0.0,0.0,1.0,1.0,14.0,2.0
113603,2,活跃潜力用户,0,19.0,1.0,0.0,3.0,4.0,13.0,1.0
113617,0,高价值忠诚用户,1,92.0,5.0,0.0,6.0,5.0,24.0,0.0
113625,2,活跃潜力用户,1,46.0,3.0,0.0,2.0,5.0,11.0,0.0
113627,2,活跃潜力用户,0,199.0,30.0,0.0,2.0,6.0,13.0,0.0
113631,2,活跃潜力用户,0,11.0,0.0,1.0,0.0,3.0,7.0,1.0
113640,1,早期沉睡用户,1,17.0,9.0,0.0,2.0,4.0,8.0,1.0
113644,2,活跃潜力用户,0,79.0,6.0,0.0,0.0,4.0,21.0,0.0
113652,1,早期沉睡用户,1,21.0,4.0,0.0,1.0,3.0,7.0,0.0
113660,2,活跃潜力用户,0,4.0,0.0,0.0,0.0,2.0,2.0,0.0
113690,1,早期沉睡用户,1,21.0,0.0,0.0,3.0,4.0,13.0,1.0
113696,0,高价值忠诚用户,0,198.0,20.0,0.0,5.0,6.0,49.0,0.0
113701,0,高价值忠诚用户,0,63.0,5.0,2.0,4.0,6.0,29.0,0.0
113705,0,高价值忠诚用户,0,68.0,4.0,9.0,10.0,6.0,26.0,0.0
113709,2,活跃潜力用户,0,82.0,2.0,0.0,0.0,5.0,38.0,0.0
113710,1,早期沉睡用户,1,29.0,3.0,0.0,2.0,3.0,6.0,3.0
113717,2,活跃潜力用户,0,37.0,0.0,3.0,1.0,2.0,13.0,0.0
113722,1,早期沉睡用户,1,24.0,0.0,0.0,3.0,4.0,14.0,0.0
113731,1,早期沉睡用户,1,34.0,6.0,4.0,4.0,6.0,25.0,0.0
113732,1,早期沉睡用户,1,34.0,0.0,0.0,2.0,3.0,9.0,0.0
113737,0,高价值忠诚用户,1,130.0,0.0,8.0,6.0,6.0,46.0,0.0
113743,2,活跃潜力用户,1,22.0,4.0,1.0,1.0,4.0,9.0,0.0
113748,1,早期沉睡用户,1,42.0,1.0,2.0,1.0,6.0,22.0,0.0
113749,2,活跃潜力用户,0,23.0,0.0,0.0,0.0,3.0,2.0,1.0
113753,1,早期沉睡用户,1,47.0,3.0,0.0,1.0,5.0,19.0,1.0
113762,2,活跃潜力用户,0,3.0,0.0,0.0,0.0,1.0,2.0,2.0
113763,2,活跃潜力用户,0,12.0,0.0,0.0,0.0,5.0,7.0,0.0
113768,1,早期沉睡用户,1,32.0,0.0,1.0,1.0,5.0,13.0,0.0
11377,2,活跃潜力用户,0,4.0,0.0,0.0,0.0,3.0,2.0,1.0
113770,2,活跃潜力用户,0,64.0,1.0,9.0,0.0,6.0,23.0,0.0
113785,2,活跃潜力用户,1,26.0,1.0,0.0,1.0,6.0,12.0,0.0
11379,1,早期沉睡用户,1,106.0,5.0,0.0,5.0,6.0,31.0,0.0
11380,2,活跃潜力用户,0,128.0,5.0,25.0,3.0,6.0,37.0,0.0
113801,2,活跃潜力用户,1,27.0,0.0,0.0,1.0,4.0,7.0,0.0
113823,0,高价值忠诚用户,0,40.0,7.0,5.0,2.0,4.0,25.0,1.0
113826,1,早期沉睡用户,1,12.0,1.0,0.0,1.0,3.0,6.0,1.0
113829,2,活跃潜力用户,0,36.0,5.0,0.0,1.0,4.0,12.0,0.0
113834,0,高价值忠诚用户,0,343.0,30.0,6.0,1.0,6.0,38.0,0.0
113848,2,活跃潜力用户,0,53.0,2.0,4.0,1.0,3.0,16.0,1.0
11386,2,活跃潜力用户,0,24.0,0.0,0.0,0.0,3.0,12.0,3.0
113873,1,早期沉睡用户,1,203.0,10.0,0.0,1.0,6.0,30.0,0.0
113879,2,活跃潜力用户,0,181.0,13.0,0.0,3.0,6.0,23.0,0.0
113890,2,活跃潜力用户,0,35.0,10.0,1.0,2.0,6.0,10.0,0.0
113896,0,高价值忠诚用户,0,45.0,4.0,0.0,4.0,5.0,15.0,0.0
113900,2,活跃潜力用户,0,52.0,7.0,0.0,0.0,4.0,25.0,0.0
113904,2,活跃潜力用户,0,112.0,1.0,0.0,2.0,5.0,34.0,1.0
113906,2,活跃潜力用户,0,49.0,0.0,1.0,1.0,6.0,30.0,0.0
113910,0,高价值忠诚用户,0,15.0,0.0,0.0,4.0,6.0,9.0,0.0
11393,0,高价值忠诚用户,0,135.0,14.0,0.0,4.0,4.0,41.0,1.0
113932,2,活跃潜力用户,0,102.0,8.0,0.0,1.0,5.0,25.0,0.0
113936,1,早期沉睡用户,1,13.0,4.0,0.0,1.0,4.0,5.0,1.0
113938,2,活跃潜力用户,0,24.0,4.0,0.0,2.0,4.0,11.0,1.0
113948,1,早期沉睡用户,1,29.0,0.0,0.0,1.0,5.0,10.0,0.0
113949,1,早期沉睡用户,1,32.0,0.0,0.0,1.0,3.0,14.0,2.0
11395,2,活跃潜力用户,0,20.0,0.0,1.0,1.0,6.0,10.0,0.0
113956,2,活跃潜力用户,0,72.0,5.0,0.0,0.0,3.0,20.0,0.0
113968,2,活跃潜力用户,0,63.0,3.0,1.0,0.0,6.0,11.0,0.0
113973,0,高价值忠诚用户,0,56.0,4.0,9.0,8.0,5.0,12.0,1.0
113983,2,活跃潜力用户,0,6.0,0.0,0.0,0.0,2.0,3.0,2.0
113984,2,活跃潜力用户,0,8.0,0.0,0.0,0.0,4.0,4.0,1.0
113986,1,早期沉睡用户,1,20.0,1.0,0.0,2.0,4.0,6.0,0.0
113995,1,早期沉睡用户,1,54.0,6.0,0.0,1.0,6.0,21.0,0.0
114001,2,活跃潜力用户,0,1.0,0.0,0.0,0.0,1.0,1.0,5.0
114002,0,高价值忠诚用户,0,48.0,0.0,0.0,2.0,6.0,17.0,0.0
114010,2,活跃潜力用户,0,50.0,3.0,3.0,1.0,4.0,22.0,1.0
11403,0,高价值忠诚用户,0,59.0,0.0,5.0,3.0,4.0,15.0,1.0
114031,1,早期沉睡用户,1,208.0,8.0,10.0,2.0,6.0,41.0,0.0
114035,2,活跃潜力用户,0,12.0,0.0,0.0,1.0,6.0,7.0,0.0
114036,2,活跃潜力用户,1,66.0,7.0,0.0,3.0,6.0,22.0,0.0
114040,2,活跃潜力用户,0,65.0,0.0,3.0,0.0,4.0,27.0,0.0
114042,1,早期沉睡用户,1,52.0,11.0,11.0,1.0,5.0,13.0,0.0
114046,1,早期沉睡用户,1,94.0,10.0,0.0,2.0,6.0,33.0,0.0
114062,2,活跃潜力用户,0,6.0,0.0,1.0,0.0,3.0,6.0,1.0
114069,2,活跃潜力用户,0,33.0,0.0,4.0,3.0,5.0,17.0,0.0
114089,2,活跃潜力用户,0,102.0,0.0,2.0,0.0,6.0,16.0,0.0
114105,1,早期沉睡用户,1,164.0,4.0,2.0,3.0,5.0,34.0,1.0
114128,1,早期沉睡用户,1,10.0,0.0,0.0,1.0,2.0,3.0,1.0
11413,1,早期沉睡用户,1,46.0,3.0,1.0,1.0,5.0,5.0,1.0
114132,1,早期沉睡用户,1,33.0,5.0,1.0,2.0,5.0,9.0,0.0
114141,1,早期沉睡用户,1,84.0,0.0,1.0,4.0,5.0,28.0,0.0
114142,2,活跃潜力用户,0,77.0,5.0,0.0,3.0,5.0,28.0,0.0
114160,1,早期沉睡用户,1,102.0,0.0,9.0,3.0,6.0,39.0,0.0
11417,0,高价值忠诚用户,0,115.0,3.0,6.0,3.0,6.0,33.0,0.0
114172,1,早期沉睡用户,1,86.0,8.0,0.0,2.0,6.0,12.0,0.0
114189,2,活跃潜力用户,0,130.0,3.0,0.0,1.0,5.0,15.0,0.0
114197,1,早期沉睡用户,1,63.0,0.0,10.0,3.0,4.0,14.0,1.0
114200,1,早期沉睡用户,1,2.0,1.0,0.0,1.0,3.0,4.0,1.0
114208,1,早期沉睡用户,1,64.0,0.0,8.0,1.0,4.0,10.0,0.0
114209,1,早期沉睡用户,1,133.0,15.0,2.0,1.0,6.0,31.0,0.0
114219,2,活跃潜力用户,0,116.0,0.0,6.0,2.0,6.0,25.0,0.0
114220,1,早期沉睡用户,1,60.0,0.0,0.0,2.0,6.0,15.0,0.0
114224,1,早期沉睡用户,1,29.0,4.0,0.0,1.0,5.0,14.0,0.0
114229,0,高价值忠诚用户,1,47.0,2.0,0.0,7.0,6.0,17.0,0.0
114232,2,活跃潜力用户,0,28.0,7.0,2.0,1.0,6.0,17.0,0.0
114246,2,活跃潜力用户,0,25.0,0.0,1.0,3.0,4.0,11.0,0.0
114252,2,活跃潜力用户,0,77.0,0.0,2.0,1.0,5.0,35.0,1.0
114272,1,早期沉睡用户,1,38.0,6.0,0.0,1.0,4.0,12.0,0.0
114278,1,早期沉睡用户,1,78.0,15.0,0.0,3.0,6.0,33.0,0.0
114280,1,早期沉睡用户,1,14.0,0.0,0.0,2.0,3.0,7.0,1.0
114283,1,早期沉睡用户,1,0.0,13.0,0.0,2.0,4.0,13.0,2.0
114295,2,活跃潜力用户,0,37.0,5.0,0.0,1.0,5.0,16.0,0.0
1143,2,活跃潜力用户,0,77.0,18.0,0.0,0.0,6.0,39.0,0.0
114300,2,活跃潜力用户,0,15.0,0.0,2.0,0.0,4.0,8.0,1.0
114308,1,早期沉睡用户,1,29.0,9.0,0.0,1.0,6.0,20.0,0.0
114309,1,早期沉睡用户,1,191.0,7.0,0.0,2.0,5.0,40.0,0.0
114321,2,活跃潜力用户,0,16.0,0.0,6.0,0.0,4.0,14.0,1.0
114339,2,活跃潜力用户,0,29.0,8.0,0.0,0.0,3.0,6.0,2.0
114341,2,活跃潜力用户,0,5.0,0.0,0.0,0.0,4.0,4.0,1.0
114344,2,活跃潜力用户,0,63.0,2.0,0.0,0.0,4.0,14.0,0.0
11435,2,活跃潜力用户,1,64.0,3.0,0.0,4.0,4.0,10.0,0.0
114361,1,早期沉睡用户,1,138.0,4.0,0.0,1.0,5.0,13.0,1.0
114365,2,活跃潜力用户,0,56.0,2.0,7.0,0.0,2.0,10.0,4.0
114367,2,活跃潜力用户,0,167.0,4.0,8.0,0.0,6.0,35.0,0.0
114374,2,活跃潜力用户,0,170.0,2.0,0.0,0.0,6.0,14.0,0.0
114375,0,高价值忠诚用户,1,306.0,10.0,1.0,6.0,6.0,45.0,0.0
114394,2,活跃潜力用户,0,14.0,2.0,0.0,2.0,6.0,10.0,0.0
1144,1,早期沉睡用户,1,51.0,6.0,0.0,2.0,5.0,18.0,0.0
11440,2,活跃潜力用户,0,8.0,0.0,0.0,1.0,4.0,4.0,0.0
114405,2,活跃潜力用户,0,6.0,2.0,2.0,0.0,3.0,6.0,0.0
114415,2,活跃潜力用户,0,79.0,3.0,0.0,1.0,2.0,22.0,4.0
114419,2,活跃潜力用户,0,33.0,3.0,7.0,0.0,6.0,13.0,0.0
114436,1,早期沉睡用户,1,86.0,11.0,3.0,1.0,5.0,26.0,0.0
114438,2,活跃潜力用户,0,96.0,1.0,0.0,0.0,4.0,25.0,0.0
114454,2,活跃潜力用户,0,40.0,6.0,0.0,0.0,6.0,9.0,0.0
114457,1,早期沉睡用户,1,107.0,0.0,4.0,2.0,4.0,19.0,1.0
114459,2,活跃潜力用户,0,82.0,7.0,0.0,0.0,3.0,11.0,0.0
114467,0,高价值忠诚用户,0,188.0,9.0,0.0,11.0,6.0,51.0,0.0
114478,1,早期沉睡用户,1,88.0,12.0,0.0,4.0,6.0,26.0,0.0
11450,1,早期沉睡用户,1,190.0,23.0,1.0,4.0,6.0,29.0,0.0
11452,2,活跃潜力用户,0,7.0,6.0,0.0,0.0,3.0,6.0,0.0
114521,2,活跃潜力用户,1,24.0,0.0,0.0,3.0,2.0,6.0,0.0
114523,2,活跃潜力用户,0,8.0,0.0,0.0,1.0,6.0,5.0,0.0
114524,1,早期沉睡用户,1,70.0,3.0,5.0,2.0,3.0,14.0,1.0
114536,2,活跃潜力用户,0,7.0,1.0,0.0,1.0,3.0,5.0,1.0
114546,0,高价值忠诚用户,0,88.0,2.0,1.0,5.0,5.0,27.0,1.0
114558,0,高价值忠诚用户,1,201.0,12.0,0.0,6.0,6.0,26.0,0.0
114565,2,活跃潜力用户,1,255.0,6.0,22.0,3.0,6.0,39.0,0.0
114569,1,早期沉睡用户,1,11.0,2.0,0.0,1.0,3.0,5.0,0.0
114571,2,活跃潜力用户,1,24.0,0.0,0.0,2.0,4.0,12.0,0.0
114576,2,活跃潜力用户,0,25.0,3.0,8.0,1.0,4.0,17.0,0.0
114585,2,活跃潜力用户,1,43.0,0.0,7.0,1.0,5.0,13.0,0.0
114594,2,活跃潜力用户,0,25.0,11.0,1.0,0.0,5.0,13.0,0.0
1146,1,早期沉睡用户,1,37.0,3.0,1.0,1.0,5.0,19.0,0.0
114601,1,早期沉睡用户,1,194.0,15.0,0.0,5.0,6.0,31.0,0.0
114616,1,早期沉睡用户,1,13.0,4.0,5.0,1.0,5.0,12.0,0.0
114623,2,活跃潜力用户,0,2.0,1.0,0.0,0.0,2.0,3.0,1.0
114629,1,早期沉睡用户,1,5.0,0.0,0.0,1.0,2.0,4.0,4.0
114635,1,早期沉睡用户,1,57.0,16.0,1.0,1.0,6.0,25.0,0.0
114637,2,活跃潜力用户,0,21.0,2.0,0.0,0.0,5.0,8.0,0.0
114644,0,高价值忠诚用户,0,10.0,0.0,1.0,3.0,5.0,9.0,0.0
11465,2,活跃潜力用户,0,44.0,2.0,0.0,2.0,5.0,13.0,0.0
114650,2,活跃潜力用户,0,111.0,2.0,0.0,2.0,6.0,47.0,0.0
114656,2,活跃潜力用户,0,201.0,10.0,0.0,0.0,6.0,26.0,0.0
114664,2,活跃潜力用户,0,59.0,22.0,2.0,1.0,4.0,37.0,0.0
114669,2,活跃潜力用户,0,3.0,0.0,0.0,0.0,3.0,3.0,0.0
114670,2,活跃潜力用户,1,0.0,0.0,0.0,1.0,1.0,1.0,0.0
114672,0,高价值忠诚用户,1,239.0,4.0,16.0,8.0,6.0,45.0,0.0
114682,2,活跃潜力用户,0,7.0,0.0,0.0,0.0,2.0,2.0,1.0
114687,0,高价值忠诚用户,0,103.0,23.0,0.0,9.0,6.0,41.0,0.0
114690,2,活跃潜力用户,0,8.0,1.0,0.0,0.0,2.0,6.0,3.0
114714,1,早期沉睡用户,1,50.0,3.0,0.0,1.0,5.0,16.0,0.0
114726,1,早期沉睡用户,1,19.0,0.0,0.0,1.0,4.0,13.0,1.0
114733,2,活跃潜力用户,0,12.0,0.0,5.0,3.0,5.0,4.0,0.0
114743,1,早期沉睡用户,1,21.0,0.0,0.0,3.0,4.0,14.0,0.0
114744,2,活跃潜力用户,0,79.0,1.0,0.0,1.0,3.0,30.0,1.0
114749,1,早期沉睡用户,1,83.0,4.0,0.0,2.0,4.0,17.0,1.0
114752,1,早期沉睡用户,1,171.0,3.0,6.0,2.0,6.0,50.0,0.0
114754,1,早期沉睡用户,1,73.0,7.0,0.0,2.0,5.0,23.0,1.0
114771,2,活跃潜力用户,0,13.0,0.0,0.0,0.0,5.0,10.0,0.0
114778,2,活跃潜力用户,0,16.0,0.0,3.0,0.0,4.0,11.0,0.0
114779,2,活跃潜力用户,0,55.0,1.0,0.0,0.0,4.0,7.0,2.0
114781,0,高价值忠诚用户,0,57.0,7.0,0.0,8.0,5.0,14.0,0.0
114784,1,早期沉睡用户,1,16.0,1.0,0.0,1.0,4.0,7.0,1.0
114788,1,早期沉睡用户,1,19.0,2.0,1.0,1.0,4.0,5.0,0.0
114798,1,早期沉睡用户,1,38.0,0.0,1.0,2.0,5.0,10.0,0.0
114805,2,活跃潜力用户,0,40.0,0.0,0.0,0.0,3.0,19.0,1.0
114823,1,早期沉睡用户,1,76.0,9.0,3.0,1.0,6.0,28.0,0.0
114824,0,高价值忠诚用户,0,3.0,0.0,0.0,2.0,3.0,5.0,0.0
114832,2,活跃潜力用户,0,16.0,0.0,0.0,0.0,3.0,15.0,2.0
114848,2,活跃潜力用户,0,89.0,15.0,0.0,0.0,6.0,25.0,0.0
114861,2,活跃潜力用户,0,13.0,2.0,3.0,1.0,3.0,10.0,0.0
114864,2,活跃潜力用户,0,3.0,1.0,0.0,0.0,3.0,3.0,1.0
114873,2,活跃潜力用户,0,43.0,1.0,19.0,0.0,2.0,9.0,3.0
114892,1,早期沉睡用户,1,239.0,3.0,0.0,2.0,6.0,27.0,0.0
1149,0,高价值忠诚用户,0,318.0,36.0,0.0,6.0,6.0,111.0,0.0
114900,1,早期沉睡用户,1,117.0,3.0,1.0,3.0,6.0,45.0,0.0
114912,2,活跃潜力用户,0,481.0,50.0,2.0,2.0,4.0,25.0,0.0
114913,2,活跃潜力用户,0,1.0,1.0,0.0,0.0,1.0,1.0,0.0
114915,2,活跃潜力用户,1,42.0,6.0,0.0,1.0,2.0,10.0,0.0
114916,2,活跃潜力用户,0,81.0,2.0,35.0,0.0,6.0,18.0,0.0
114917,1,早期沉睡用户,1,153.0,0.0,0.0,2.0,6.0,66.0,0.0
114926,0,高价值忠诚用户,0,67.0,12.0,5.0,8.0,6.0,39.0,0.0
114927,2,活跃潜力用户,0,29.0,2.0,0.0,0.0,3.0,11.0,1.0
114931,0,高价值忠诚用户,0,33.0,4.0,0.0,0.0,4.0,18.0,0.0
114941,0,高价值忠诚用户,1,106.0,6.0,0.0,6.0,6.0,44.0,0.0
114948,3,超级用户,0,38.0,0.0,0.0,9.0,2.0,10.0,1.0
11495,2,活跃潜力用户,0,195.0,19.0,0.0,3.0,5.0,50.0,1.0
114954,0,高价值忠诚用户,0,72.0,5.0,0.0,4.0,6.0,13.0,0.0
114962,2,活跃潜力用户,0,16.0,4.0,1.0,4.0,4.0,10.0,0.0
114964,2,活跃潜力用户,0,65.0,0.0,0.0,0.0,6.0,16.0,0.0
114968,1,早期沉睡用户,1,9.0,0.0,3.0,1.0,5.0,6.0,0.0
11497,1,早期沉睡用户,1,130.0,0.0,0.0,2.0,5.0,20.0,1.0
114974,1,早期沉睡用户,1,5.0,1.0,1.0,1.0,4.0,7.0,2.0
11498,2,活跃潜力用户,0,62.0,9.0,7.0,3.0,6.0,23.0,0.0
114996,1,早期沉睡用户,1,166.0,8.0,1.0,1.0,5.0,37.0,0.0
115000,2,活跃潜力用户,0,2.0,1.0,0.0,0.0,1.0,2.0,0.0
115009,2,活跃潜力用户,1,33.0,2.0,0.0,1.0,4.0,7.0,0.0
11501,1,早期沉睡用户,1,41.0,0.0,0.0,2.0,4.0,18.0,0.0
115012,1,早期沉睡用户,1,42.0,5.0,0.0,2.0,6.0,24.0,0.0
11503,2,活跃潜力用户,0,161.0,2.0,2.0,1.0,6.0,36.0,0.0
115031,0,高价值忠诚用户,0,79.0,35.0,0.0,3.0,5.0,31.0,0.0
115039,2,活跃潜力用户,1,40.0,1.0,0.0,3.0,2.0,12.0,0.0
11504,0,高价值忠诚用户,1,81.0,6.0,0.0,7.0,5.0,23.0,0.0
115044,1,早期沉睡用户,1,110.0,6.0,0.0,1.0,6.0,14.0,0.0
115046,1,早期沉睡用户,1,97.0,1.0,0.0,4.0,6.0,20.0,0.0
115047,0,高价值忠诚用户,1,206.0,0.0,0.0,13.0,6.0,40.0,0.0
115065,2,活跃潜力用户,0,188.0,0.0,22.0,0.0,6.0,43.0,0.0
11507,2,活跃潜力用户,0,30.0,7.0,0.0,1.0,4.0,19.0,0.0
115087,2,活跃潜力用户,0,21.0,0.0,0.0,3.0,6.0,8.0,0.0
11509,2,活跃潜力用户,0,230.0,6.0,1.0,1.0,5.0,24.0,1.0
115098,0,高价值忠诚用户,0,43.0,6.0,0.0,3.0,6.0,14.0,0.0
115104,2,活跃潜力用户,0,100.0,10.0,9.0,0.0,6.0,23.0,0.0
115106,2,活跃潜力用户,1,42.0,3.0,0.0,2.0,4.0,22.0,0.0
115108,2,活跃潜力用户,0,8.0,0.0,0.0,2.0,3.0,6.0,2.0
115109,2,活跃潜力用户,0,75.0,5.0,5.0,1.0,5.0,11.0,1.0
115127,2,活跃潜力用户,0,41.0,5.0,1.0,0.0,4.0,15.0,0.0
115147,2,活跃潜力用户,1,11.0,3.0,0.0,1.0,4.0,4.0,0.0
115168,1,早期沉睡用户,1,21.0,4.0,5.0,1.0,4.0,11.0,1.0
11517,2,活跃潜力用户,0,3.0,1.0,0.0,1.0,3.0,3.0,0.0
115179,0,高价值忠诚用户,0,166.0,8.0,0.0,2.0,5.0,26.0,0.0
115185,2,活跃潜力用户,0,81.0,0.0,2.0,3.0,5.0,20.0,1.0
115197,2,活跃潜力用户,0,85.0,2.0,0.0,1.0,5.0,10.0,0.0
115198,1,早期沉睡用户,1,0.0,0.0,0.0,1.0,1.0,1.0,1.0
115220,1,早期沉睡用户,1,38.0,16.0,0.0,3.0,6.0,21.0,0.0
115221,2,活跃潜力用户,0,36.0,3.0,0.0,2.0,4.0,9.0,0.0
115222,2,活跃潜力用户,0,136.0,11.0,0.0,0.0,5.0,14.0,0.0
115224,2,活跃潜力用户,0,26.0,1.0,0.0,1.0,3.0,12.0,3.0
115227,2,活跃潜力用户,0,63.0,0.0,1.0,0.0,2.0,28.0,3.0
115229,0,高价值忠诚用户,0,26.0,1.0,0.0,8.0,6.0,16.0,0.0
115238,2,活跃潜力用户,0,64.0,0.0,0.0,2.0,5.0,38.0,0.0
11524,2,活跃潜力用户,0,20.0,3.0,0.0,0.0,2.0,3.0,0.0
115242,2,活跃潜力用户,0,10.0,0.0,0.0,1.0,3.0,4.0,0.0
115245,2,活跃潜力用户,0,16.0,1.0,0.0,0.0,4.0,10.0,0.0
115247,2,活跃潜力用户,0,4.0,0.0,0.0,0.0,4.0,3.0,0.0
115250,2,活跃潜力用户,0,19.0,0.0,0.0,2.0,2.0,5.0,4.0
115254,0,高价值忠诚用户,0,16.0,1.0,0.0,2.0,4.0,7.0,0.0
115259,2,活跃潜力用户,0,28.0,4.0,0.0,0.0,2.0,13.0,0.0
115274,1,早期沉睡用户,1,25.0,1.0,0.0,1.0,6.0,9.0,0.0
115281,2,活跃潜力用户,0,92.0,3.0,0.0,0.0,6.0,40.0,0.0
115289,1,早期沉睡用户,1,6.0,0.0,0.0,1.0,3.0,3.0,0.0
115293,2,活跃潜力用户,1,47.0,10.0,4.0,1.0,3.0,22.0,0.0
115297,2,活跃潜力用户,1,20.0,1.0,1.0,2.0,3.0,9.0,0.0
115299,2,活跃潜力用户,0,16.0,1.0,0.0,0.0,3.0,10.0,0.0
11531,2,活跃潜力用户,0,41.0,0.0,0.0,0.0,5.0,10.0,0.0
115320,1,早期沉睡用户,1,13.0,0.0,0.0,1.0,3.0,7.0,0.0
115326,2,活跃潜力用户,0,21.0,3.0,0.0,1.0,4.0,6.0,0.0
115327,2,活跃潜力用户,1,276.0,1.0,1.0,1.0,6.0,29.0,0.0
115332,2,活跃潜力用户,1,13.0,0.0,0.0,1.0,2.0,7.0,0.0
115333,2,活跃潜力用户,0,119.0,7.0,18.0,1.0,6.0,34.0,0.0
115337,0,高价值忠诚用户,0,102.0,12.0,0.0,0.0,5.0,26.0,0.0
115344,2,活跃潜力用户,0,86.0,0.0,0.0,0.0,6.0,11.0,0.0
115350,2,活跃潜力用户,0,186.0,6.0,26.0,0.0,6.0,61.0,0.0
115360,2,活跃潜力用户,0,110.0,2.0,4.0,0.0,6.0,50.0,0.0
115374,2,活跃潜力用户,0,73.0,7.0,0.0,3.0,5.0,24.0,0.0
115376,2,活跃潜力用户,0,7.0,0.0,0.0,3.0,3.0,5.0,2.0
115385,2,活跃潜力用户,0,8.0,3.0,0.0,1.0,2.0,6.0,4.0
115387,2,活跃潜力用户,0,11.0,6.0,1.0,0.0,4.0,10.0,0.0
11540,1,早期沉睡用户,1,44.0,0.0,8.0,1.0,5.0,19.0,0.0
115411,0,高价值忠诚用户,0,158.0,1.0,0.0,11.0,5.0,50.0,0.0
115415,1,早期沉睡用户,1,93.0,9.0,2.0,2.0,6.0,28.0,0.0
115416,0,高价值忠诚用户,0,44.0,3.0,0.0,5.0,6.0,15.0,0.0
115424,2,活跃潜力用户,0,22.0,0.0,2.0,0.0,4.0,16.0,0.0
115438,1,早期沉睡用户,1,58.0,4.0,0.0,1.0,4.0,26.0,0.0
115440,2,活跃潜力用户,0,29.0,8.0,1.0,0.0,5.0,13.0,0.0
115442,2,活跃潜力用户,1,43.0,2.0,0.0,2.0,2.0,4.0,0.0
115443,2,活跃潜力用户,0,105.0,2.0,0.0,2.0,6.0,39.0,0.0
115453,1,早期沉睡用户,1,215.0,0.0,5.0,2.0,6.0,22.0,0.0
115456,2,活跃潜力用户,1,27.0,1.0,1.0,1.0,4.0,11.0,0.0
115462,1,早期沉睡用户,1,38.0,1.0,1.0,1.0,6.0,16.0,0.0
115473,1,早期沉睡用户,1,25.0,4.0,0.0,1.0,6.0,18.0,0.0
115476,2,活跃潜力用户,0,46.0,1.0,0.0,3.0,6.0,21.0,0.0
115494,2,活跃潜力用户,0,9.0,2.0,0.0,0.0,2.0,5.0,4.0
115506,0,高价值忠诚用户,1,41.0,0.0,5.0,8.0,4.0,14.0,1.0
115509,1,早期沉睡用户,1,22.0,0.0,1.0,5.0,4.0,10.0,0.0
115512,0,高价值忠诚用户,0,145.0,15.0,0.0,1.0,6.0,22.0,0.0
11552,2,活跃潜力用户,1,27.0,2.0,0.0,4.0,4.0,11.0,0.0
115525,1,早期沉睡用户,1,82.0,3.0,0.0,1.0,6.0,33.0,0.0
115530,2,活跃潜力用户,0,28.0,10.0,0.0,2.0,6.0,17.0,0.0
115531,1,早期沉睡用户,1,158.0,1.0,3.0,5.0,6.0,27.0,0.0
115536,2,活跃潜力用户,0,2.0,0.0,0.0,1.0,3.0,3.0,1.0
115537,2,活跃潜力用户,1,137.0,11.0,0.0,1.0,5.0,64.0,0.0
115543,1,早期沉睡用户,1,89.0,4.0,0.0,2.0,6.0,21.0,0.0
115554,1,早期沉睡用户,1,61.0,1.0,4.0,1.0,6.0,20.0,0.0
115555,0,高价值忠诚用户,0,41.0,1.0,0.0,5.0,6.0,38.0,0.0
115563,2,活跃潜力用户,0,47.0,7.0,0.0,2.0,5.0,14.0,1.0
115564,1,早期沉睡用户,1,44.0,10.0,0.0,1.0,6.0,33.0,0.0
115592,1,早期沉睡用户,1,6.0,0.0,0.0,1.0,2.0,4.0,3.0
115594,2,活跃潜力用户,0,3.0,0.0,0.0,0.0,3.0,3.0,0.0
115596,2,活跃潜力用户,0,18.0,1.0,0.0,0.0,3.0,12.0,0.0
1156,0,高价值忠诚用户,0,69.0,8.0,0.0,2.0,6.0,16.0,0.0
115605,2,活跃潜力用户,1,14.0,2.0,0.0,1.0,2.0,3.0,0.0
115614,2,活跃潜力用户,0,18.0,0.0,0.0,1.0,3.0,9.0,0.0
115618,1,早期沉睡用户,1,16.0,4.0,0.0,3.0,3.0,6.0,1.0
115620,2,活跃潜力用户,0,15.0,0.0,0.0,0.0,5.0,6.0,0.0
115638,1,早期沉睡用户,1,101.0,25.0,4.0,1.0,4.0,26.0,0.0
115648,0,高价值忠诚用户,0,69.0,4.0,0.0,4.0,5.0,18.0,0.0
115650,2,活跃潜力用户,0,12.0,0.0,1.0,1.0,4.0,5.0,0.0
115651,2,活跃潜力用户,0,83.0,8.0,0.0,1.0,5.0,22.0,1.0
115685,2,活跃潜力用户,0,0.0,3.0,1.0,1.0,4.0,5.0,0.0
115686,2,活跃潜力用户,0,109.0,1.0,6.0,1.0,6.0,34.0,0.0
115710,2,活跃潜力用户,0,101.0,2.0,0.0,0.0,3.0,25.0,0.0
115716,2,活跃潜力用户,0,4.0,0.0,1.0,0.0,1.0,5.0,4.0
115718,1,早期沉睡用户,1,22.0,0.0,0.0,1.0,4.0,15.0,1.0
115730,2,活跃潜力用户,0,55.0,0.0,6.0,1.0,2.0,15.0,0.0
115733,2,活跃潜力用户,0,2.0,0.0,1.0,3.0,3.0,5.0,0.0
115738,2,活跃潜力用户,1,75.0,11.0,0.0,4.0,5.0,20.0,0.0
115743,1,早期沉睡用户,1,16.0,0.0,0.0,1.0,4.0,7.0,0.0
115744,1,早期沉睡用户,1,30.0,3.0,0.0,1.0,4.0,11.0,1.0
115749,2,活跃潜力用户,0,69.0,3.0,0.0,1.0,6.0,27.0,0.0
115752,0,高价值忠诚用户,0,117.0,3.0,1.0,1.0,6.0,32.0,0.0
115762,1,早期沉睡用户,1,108.0,13.0,0.0,3.0,6.0,29.0,0.0
115773,2,活跃潜力用户,0,56.0,13.0,0.0,3.0,5.0,21.0,1.0
115774,2,活跃潜力用户,0,140.0,7.0,0.0,2.0,6.0,48.0,0.0
115797,2,活跃潜力用户,0,20.0,0.0,1.0,0.0,5.0,15.0,0.0
1158,2,活跃潜力用户,0,9.0,0.0,0.0,0.0,4.0,8.0,2.0
115810,0,高价值忠诚用户,1,57.0,7.0,0.0,7.0,6.0,15.0,0.0
115813,2,活跃潜力用户,1,80.0,3.0,0.0,1.0,6.0,19.0,0.0
115822,1,早期沉睡用户,1,47.0,2.0,0.0,2.0,5.0,14.0,1.0
115853,2,活跃潜力用户,1,56.0,0.0,23.0,1.0,2.0,28.0,0.0
115855,2,活跃潜力用户,0,76.0,0.0,0.0,0.0,5.0,18.0,0.0
115864,2,活跃潜力用户,0,31.0,8.0,0.0,2.0,4.0,17.0,2.0
115866,2,活跃潜力用户,0,20.0,0.0,0.0,1.0,2.0,4.0,3.0
115873,2,活跃潜力用户,0,44.0,10.0,0.0,0.0,6.0,24.0,0.0
115874,2,活跃潜力用户,0,107.0,4.0,0.0,1.0,4.0,27.0,0.0
11588,2,活跃潜力用户,1,14.0,0.0,1.0,2.0,3.0,4.0,0.0
115880,2,活跃潜力用户,1,181.0,0.0,5.0,2.0,6.0,27.0,0.0
1159,1,早期沉睡用户,1,45.0,18.0,0.0,1.0,5.0,16.0,0.0
11590,2,活跃潜力用户,0,47.0,3.0,0.0,0.0,5.0,35.0,0.0
115906,1,早期沉睡用户,1,536.0,13.0,0.0,1.0,6.0,48.0,0.0
115914,1,早期沉睡用户,1,32.0,0.0,1.0,4.0,4.0,18.0,1.0
115919,2,活跃潜力用户,0,43.0,2.0,9.0,1.0,6.0,21.0,0.0
115920,2,活跃潜力用户,0,8.0,0.0,0.0,0.0,3.0,3.0,2.0
115932,0,高价值忠诚用户,1,136.0,22.0,0.0,6.0,6.0,27.0,0.0
115935,0,高价值忠诚用户,0,92.0,11.0,3.0,7.0,6.0,33.0,0.0
11594,2,活跃潜力用户,0,23.0,5.0,2.0,1.0,4.0,9.0,0.0
115941,2,活跃潜力用户,0,67.0,0.0,8.0,2.0,5.0,37.0,0.0
115950,2,活跃潜力用户,0,11.0,8.0,0.0,1.0,5.0,8.0,1.0
115966,2,活跃潜力用户,0,108.0,14.0,4.0,0.0,5.0,21.0,0.0
115967,2,活跃潜力用户,0,60.0,0.0,4.0,1.0,5.0,19.0,0.0
115972,2,活跃潜力用户,0,97.0,9.0,0.0,2.0,6.0,32.0,0.0
115983,1,早期沉睡用户,1,118.0,19.0,0.0,1.0,6.0,25.0,0.0
115986,2,活跃潜力用户,1,90.0,1.0,5.0,1.0,3.0,12.0,0.0
115989,1,早期沉睡用户,1,23.0,2.0,0.0,1.0,4.0,13.0,0.0
115994,2,活跃潜力用户,0,24.0,0.0,5.0,0.0,2.0,4.0,1.0
115996,2,活跃潜力用户,0,28.0,0.0,4.0,2.0,4.0,7.0,0.0
11601,1,早期沉睡用户,1,38.0,9.0,0.0,2.0,5.0,19.0,0.0
116018,1,早期沉睡用户,1,26.0,4.0,0.0,3.0,5.0,14.0,0.0
116019,2,活跃潜力用户,0,35.0,3.0,1.0,0.0,6.0,5.0,0.0
116021,0,高价值忠诚用户,0,78.0,12.0,1.0,4.0,6.0,25.0,0.0
116026,2,活跃潜力用户,0,36.0,1.0,0.0,1.0,5.0,19.0,1.0
116028,0,高价值忠诚用户,0,112.0,6.0,0.0,9.0,6.0,36.0,0.0
116061,2,活跃潜力用户,1,28.0,3.0,0.0,1.0,3.0,14.0,0.0
116066,1,早期沉睡用户,1,30.0,0.0,0.0,2.0,4.0,10.0,0.0
11610,2,活跃潜力用户,1,194.0,7.0,0.0,3.0,6.0,35.0,0.0
116102,1,早期沉睡用户,1,183.0,0.0,22.0,4.0,6.0,40.0,0.0
116108,0,高价值忠诚用户,0,40.0,1.0,2.0,4.0,6.0,22.0,0.0
11611,1,早期沉睡用户,1,43.0,2.0,0.0,2.0,5.0,16.0,0.0
116111,1,早期沉睡用户,1,20.0,1.0,0.0,1.0,4.0,12.0,1.0
116123,2,活跃潜力用户,0,34.0,0.0,0.0,0.0,4.0,18.0,0.0
116132,0,高价值忠诚用户,0,110.0,7.0,4.0,6.0,6.0,60.0,0.0
116133,1,早期沉睡用户,1,79.0,0.0,4.0,4.0,6.0,26.0,0.0
116135,1,早期沉睡用户,1,30.0,10.0,0.0,3.0,6.0,24.0,0.0
116143,2,活跃潜力用户,0,82.0,6.0,0.0,1.0,5.0,18.0,0.0
116151,2,活跃潜力用户,0,36.0,0.0,3.0,0.0,4.0,13.0,0.0
116155,2,活跃潜力用户,0,45.0,16.0,4.0,2.0,5.0,24.0,0.0
116163,2,活跃潜力用户,0,32.0,0.0,0.0,0.0,5.0,8.0,0.0
116167,2,活跃潜力用户,0,61.0,6.0,0.0,1.0,4.0,14.0,0.0
11619,2,活跃潜力用户,0,64.0,2.0,10.0,2.0,6.0,13.0,0.0
116201,1,早期沉睡用户,1,72.0,2.0,0.0,2.0,6.0,15.0,0.0
116204,1,早期沉睡用户,1,33.0,3.0,0.0,1.0,4.0,5.0,2.0
116229,2,活跃潜力用户,0,1.0,0.0,0.0,1.0,2.0,2.0,0.0
116241,0,高价值忠诚用户,0,104.0,7.0,0.0,5.0,6.0,43.0,0.0
11625,2,活跃潜力用户,0,19.0,1.0,2.0,1.0,6.0,14.0,0.0
116262,0,高价值忠诚用户,1,137.0,3.0,1.0,7.0,6.0,25.0,0.0
116264,2,活跃潜力用户,1,319.0,4.0,14.0,1.0,6.0,60.0,0.0
116269,1,早期沉睡用户,1,7.0,4.0,0.0,3.0,4.0,7.0,0.0
116271,2,活跃潜力用户,0,6.0,0.0,0.0,0.0,2.0,4.0,2.0
116282,1,早期沉睡用户,1,34.0,4.0,0.0,1.0,5.0,15.0,0.0
116286,2,活跃潜力用户,1,35.0,0.0,5.0,2.0,3.0,9.0,0.0
116287,2,活跃潜力用户,0,51.0,7.0,0.0,1.0,6.0,17.0,0.0
116289,1,早期沉睡用户,1,35.0,0.0,4.0,1.0,6.0,18.0,0.0
116290,1,早期沉睡用户,1,113.0,1.0,5.0,2.0,6.0,33.0,0.0
116292,1,早期沉睡用户,1,29.0,0.0,2.0,1.0,5.0,11.0,0.0
116308,2,活跃潜力用户,0,14.0,8.0,0.0,2.0,5.0,12.0,0.0
116310,0,高价值忠诚用户,0,5.0,0.0,0.0,3.0,4.0,4.0,0.0
116316,1,早期沉睡用户,1,177.0,0.0,0.0,3.0,4.0,27.0,0.0
116327,2,活跃潜力用户,1,46.0,5.0,0.0,3.0,5.0,24.0,0.0
116328,2,活跃潜力用户,1,33.0,1.0,2.0,2.0,5.0,17.0,0.0
116330,2,活跃潜力用户,0,31.0,0.0,2.0,0.0,6.0,16.0,0.0
116333,2,活跃潜力用户,0,64.0,4.0,0.0,4.0,6.0,26.0,0.0
116342,2,活跃潜力用户,0,66.0,2.0,0.0,1.0,6.0,31.0,0.0
116343,2,活跃潜力用户,0,34.0,4.0,0.0,0.0,6.0,10.0,0.0
116344,0,高价值忠诚用户,0,38.0,5.0,0.0,5.0,5.0,17.0,0.0
116345,1,早期沉睡用户,1,19.0,0.0,3.0,2.0,6.0,5.0,0.0
116348,2,活跃潜力用户,0,79.0,6.0,0.0,0.0,6.0,14.0,0.0
116350,2,活跃潜力用户,0,3.0,1.0,0.0,0.0,1.0,2.0,0.0
116352,1,早期沉睡用户,1,110.0,8.0,0.0,1.0,5.0,16.0,1.0
116355,2,活跃潜力用户,0,28.0,6.0,0.0,2.0,4.0,15.0,0.0
116363,2,活跃潜力用户,0,33.0,5.0,0.0,0.0,5.0,13.0,0.0
116364,2,活跃潜力用户,0,21.0,0.0,0.0,1.0,3.0,7.0,0.0
116381,0,高价值忠诚用户,0,14.0,2.0,0.0,3.0,2.0,5.0,0.0
116387,1,早期沉睡用户,1,292.0,0.0,30.0,4.0,6.0,31.0,0.0
116405,0,高价值忠诚用户,0,71.0,8.0,0.0,4.0,4.0,19.0,0.0
116407,1,早期沉睡用户,1,44.0,0.0,1.0,1.0,5.0,16.0,0.0
116422,1,早期沉睡用户,1,32.0,3.0,0.0,1.0,4.0,12.0,1.0
116430,2,活跃潜力用户,0,30.0,0.0,0.0,2.0,3.0,6.0,0.0
116448,1,早期沉睡用户,1,49.0,0.0,0.0,1.0,6.0,20.0,0.0
116459,2,活跃潜力用户,0,18.0,0.0,0.0,1.0,4.0,9.0,1.0
116469,2,活跃潜力用户,0,24.0,3.0,0.0,0.0,2.0,10.0,1.0
116482,1,早期沉睡用户,1,302.0,21.0,0.0,1.0,6.0,39.0,0.0
116487,1,早期沉睡用户,1,78.0,1.0,6.0,1.0,5.0,20.0,1.0
116518,1,早期沉睡用户,1,41.0,0.0,0.0,1.0,3.0,7.0,0.0
116520,2,活跃潜力用户,1,53.0,7.0,0.0,1.0,6.0,16.0,0.0
116523,0,高价值忠诚用户,0,348.0,2.0,17.0,12.0,6.0,83.0,0.0
116530,1,早期沉睡用户,1,56.0,0.0,0.0,1.0,2.0,14.0,1.0
116531,2,活跃潜力用户,0,1.0,0.0,0.0,0.0,1.0,1.0,4.0
116533,1,早期沉睡用户,1,5.0,0.0,0.0,1.0,2.0,3.0,1.0
116541,2,活跃潜力用户,1,41.0,0.0,0.0,1.0,5.0,24.0,0.0
116550,1,早期沉睡用户,1,41.0,5.0,10.0,1.0,3.0,17.0,1.0
116554,2,活跃潜力用户,0,150.0,4.0,2.0,1.0,6.0,30.0,0.0
116556,1,早期沉睡用户,1,90.0,7.0,0.0,1.0,3.0,11.0,2.0
116572,0,高价值忠诚用户,0,55.0,0.0,11.0,1.0,6.0,15.0,0.0
116582,0,高价值忠诚用户,0,18.0,8.0,0.0,1.0,4.0,5.0,0.0
116584,2,活跃潜力用户,1,59.0,0.0,0.0,2.0,6.0,12.0,0.0
116588,1,早期沉睡用户,1,57.0,1.0,0.0,2.0,6.0,11.0,0.0
116596,2,活跃潜力用户,0,104.0,2.0,6.0,2.0,6.0,29.0,0.0
116607,1,早期沉睡用户,1,62.0,7.0,0.0,3.0,6.0,18.0,0.0
116608,1,早期沉睡用户,1,178.0,5.0,0.0,1.0,6.0,20.0,0.0
116611,2,活跃潜力用户,0,22.0,1.0,0.0,3.0,5.0,10.0,0.0
116617,2,活跃潜力用户,0,42.0,4.0,0.0,0.0,4.0,6.0,0.0
116624,1,早期沉睡用户,1,12.0,0.0,0.0,1.0,2.0,6.0,2.0
11663,1,早期沉睡用户,1,188.0,49.0,0.0,1.0,3.0,27.0,3.0
116636,2,活跃潜力用户,0,97.0,7.0,0.0,0.0,4.0,28.0,1.0
116647,2,活跃潜力用户,0,24.0,2.0,0.0,0.0,5.0,13.0,0.0
116654,2,活跃潜力用户,1,9.0,0.0,0.0,1.0,3.0,9.0,0.0
116656,1,早期沉睡用户,1,45.0,2.0,0.0,1.0,4.0,10.0,1.0
116659,0,高价值忠诚用户,0,69.0,1.0,0.0,13.0,6.0,26.0,0.0
11666,1,早期沉睡用户,1,36.0,0.0,0.0,3.0,4.0,19.0,0.0
116666,2,活跃潜力用户,0,47.0,1.0,0.0,0.0,3.0,12.0,0.0
116682,0,高价值忠诚用户,0,25.0,0.0,5.0,1.0,5.0,11.0,0.0
116693,1,早期沉睡用户,1,135.0,10.0,0.0,2.0,5.0,42.0,0.0
116694,1,早期沉睡用户,1,21.0,0.0,0.0,1.0,2.0,8.0,1.0
116697,2,活跃潜力用户,0,31.0,1.0,6.0,0.0,3.0,10.0,0.0
1167,1,早期沉睡用户,1,20.0,2.0,0.0,1.0,5.0,8.0,1.0
116701,2,活跃潜力用户,1,42.0,6.0,0.0,1.0,5.0,11.0,0.0
116708,1,早期沉睡用户,1,18.0,1.0,0.0,4.0,5.0,13.0,0.0
116711,2,活跃潜力用户,0,33.0,0.0,11.0,0.0,6.0,17.0,0.0
116712,2,活跃潜力用户,0,34.0,0.0,0.0,0.0,5.0,14.0,0.0
116717,0,高价值忠诚用户,0,45.0,10.0,0.0,4.0,6.0,17.0,0.0
116722,2,活跃潜力用户,0,188.0,12.0,1.0,1.0,6.0,26.0,0.0
116727,1,早期沉睡用户,1,9.0,0.0,0.0,1.0,3.0,5.0,1.0
116736,2,活跃潜力用户,0,2.0,0.0,0.0,3.0,2.0,4.0,2.0
116738,2,活跃潜力用户,0,14.0,0.0,0.0,0.0,2.0,10.0,1.0
116750,1,早期沉睡用户,1,75.0,4.0,0.0,1.0,6.0,19.0,0.0
116760,2,活跃潜力用户,0,37.0,1.0,0.0,0.0,5.0,13.0,0.0
116767,2,活跃潜力用户,0,19.0,2.0,0.0,1.0,4.0,8.0,0.0
116769,0,高价值忠诚用户,0,58.0,2.0,3.0,4.0,4.0,15.0,0.0
116772,1,早期沉睡用户,1,19.0,5.0,1.0,1.0,4.0,11.0,0.0
116796,1,早期沉睡用户,1,77.0,13.0,0.0,2.0,6.0,37.0,0.0
116797,2,活跃潜力用户,1,88.0,1.0,1.0,3.0,4.0,30.0,0.0
116801,0,高价值忠诚用户,0,13.0,0.0,1.0,0.0,3.0,9.0,1.0
116805,2,活跃潜力用户,0,16.0,1.0,0.0,1.0,2.0,6.0,1.0
116809,1,早期沉睡用户,1,212.0,9.0,3.0,1.0,6.0,49.0,0.0
116812,1,早期沉睡用户,1,31.0,4.0,0.0,2.0,5.0,16.0,0.0
11682,2,活跃潜力用户,0,283.0,22.0,0.0,0.0,6.0,51.0,0.0
116820,0,高价值忠诚用户,1,34.0,1.0,0.0,5.0,4.0,9.0,0.0
116821,2,活跃潜力用户,0,56.0,1.0,0.0,2.0,4.0,10.0,0.0
116833,1,早期沉睡用户,1,138.0,0.0,19.0,3.0,6.0,44.0,0.0
116837,2,活跃潜力用户,0,162.0,5.0,3.0,2.0,6.0,29.0,0.0
116842,2,活跃潜力用户,0,27.0,0.0,0.0,0.0,2.0,4.0,2.0
116843,1,早期沉睡用户,1,15.0,3.0,0.0,2.0,6.0,9.0,0.0
116847,2,活跃潜力用户,1,54.0,5.0,1.0,1.0,5.0,27.0,0.0
116859,2,活跃潜力用户,0,4.0,0.0,0.0,0.0,2.0,3.0,0.0
116867,2,活跃潜力用户,0,86.0,9.0,0.0,3.0,6.0,24.0,0.0
116868,2,活跃潜力用户,0,42.0,3.0,0.0,2.0,6.0,18.0,0.0
116869,1,早期沉睡用户,1,80.0,0.0,0.0,1.0,6.0,25.0,0.0
116885,2,活跃潜力用户,1,46.0,4.0,0.0,3.0,6.0,10.0,0.0
116892,2,活跃潜力用户,0,154.0,11.0,1.0,1.0,6.0,35.0,0.0
116894,0,高价值忠诚用户,0,173.0,16.0,0.0,5.0,6.0,30.0,0.0
116897,2,活跃潜力用户,0,86.0,13.0,0.0,0.0,6.0,23.0,0.0
1169,1,早期沉睡用户,1,116.0,2.0,0.0,1.0,5.0,29.0,0.0
116901,2,活跃潜力用户,0,219.0,11.0,30.0,1.0,6.0,93.0,0.0
116902,2,活跃潜力用户,0,22.0,0.0,0.0,1.0,5.0,11.0,0.0
116906,2,活跃潜力用户,0,59.0,0.0,1.0,3.0,6.0,15.0,0.0
116911,2,活跃潜力用户,1,146.0,2.0,1.0,2.0,6.0,26.0,0.0
116930,3,超级用户,0,9.0,1.0,0.0,23.0,6.0,24.0,0.0
116934,2,活跃潜力用户,0,3.0,0.0,0.0,0.0,2.0,2.0,2.0
116935,2,活跃潜力用户,1,68.0,3.0,0.0,5.0,5.0,13.0,0.0
116939,1,早期沉睡用户,1,6.0,0.0,1.0,1.0,4.0,6.0,2.0
116941,0,高价值忠诚用户,0,62.0,5.0,0.0,7.0,5.0,27.0,0.0
116955,2,活跃潜力用户,1,72.0,3.0,2.0,1.0,5.0,16.0,0.0
116963,2,活跃潜力用户,0,43.0,10.0,0.0,0.0,2.0,4.0,0.0
117,0,高价值忠诚用户,1,124.0,1.0,0.0,10.0,6.0,14.0,0.0
117006,2,活跃潜力用户,0,83.0,0.0,0.0,2.0,5.0,31.0,0.0
117009,1,早期沉睡用户,1,14.0,1.0,0.0,2.0,4.0,5.0,0.0
117013,0,高价值忠诚用户,0,130.0,6.0,1.0,3.0,5.0,23.0,0.0
117016,2,活跃潜力用户,0,46.0,0.0,6.0,1.0,2.0,8.0,0.0
117019,0,高价值忠诚用户,0,29.0,4.0,0.0,1.0,4.0,7.0,1.0
117038,2,活跃潜力用户,0,67.0,20.0,1.0,2.0,6.0,20.0,0.0
117041,2,活跃潜力用户,0,5.0,0.0,1.0,1.0,2.0,5.0,2.0
117053,2,活跃潜力用户,0,30.0,3.0,0.0,3.0,6.0,12.0,0.0
117057,1,早期沉睡用户,1,15.0,5.0,0.0,1.0,5.0,9.0,0.0
117067,2,活跃潜力用户,0,61.0,6.0,2.0,0.0,3.0,40.0,0.0
117075,0,高价值忠诚用户,0,50.0,3.0,0.0,3.0,6.0,15.0,0.0
117079,2,活跃潜力用户,0,48.0,5.0,0.0,0.0,3.0,15.0,0.0
11708,2,活跃潜力用户,0,77.0,6.0,0.0,2.0,4.0,16.0,0.0
117080,0,高价值忠诚用户,0,69.0,1.0,0.0,5.0,5.0,35.0,0.0
117085,1,早期沉睡用户,1,61.0,4.0,0.0,2.0,6.0,12.0,0.0
117086,2,活跃潜力用户,1,16.0,0.0,0.0,1.0,4.0,13.0,0.0
117090,0,高价值忠诚用户,0,19.0,0.0,0.0,3.0,6.0,11.0,0.0
117092,2,活跃潜力用户,0,3.0,0.0,0.0,1.0,1.0,3.0,1.0
117100,2,活跃潜力用户,0,18.0,0.0,0.0,1.0,4.0,8.0,1.0
117115,1,早期沉睡用户,1,112.0,7.0,0.0,4.0,6.0,23.0,0.0
117117,1,早期沉睡用户,1,66.0,1.0,4.0,2.0,5.0,22.0,1.0
117124,1,早期沉睡用户,1,44.0,2.0,0.0,1.0,4.0,13.0,1.0
117127,1,早期沉睡用户,1,10.0,1.0,0.0,1.0,3.0,8.0,3.0
117128,1,早期沉睡用户,1,143.0,12.0,0.0,2.0,6.0,23.0,0.0
11714,0,高价值忠诚用户,0,45.0,2.0,11.0,2.0,6.0,22.0,0.0
117146,0,高价值忠诚用户,0,14.0,2.0,3.0,2.0,3.0,4.0,0.0
117147,1,早期沉睡用户,1,36.0,0.0,3.0,5.0,5.0,16.0,1.0
117154,1,早期沉睡用户,1,29.0,6.0,0.0,3.0,6.0,20.0,0.0
117156,2,活跃潜力用户,0,101.0,4.0,0.0,0.0,4.0,11.0,0.0
117162,1,早期沉睡用户,1,184.0,3.0,0.0,2.0,6.0,34.0,0.0
117163,2,活跃潜力用户,0,35.0,1.0,0.0,0.0,5.0,20.0,0.0
117171,2,活跃潜力用户,0,111.0,1.0,14.0,1.0,6.0,32.0,0.0
117174,0,高价值忠诚用户,0,35.0,21.0,1.0,6.0,5.0,19.0,0.0
117176,1,早期沉睡用户,1,134.0,1.0,17.0,2.0,5.0,30.0,0.0
117184,0,高价值忠诚用户,0,62.0,7.0,29.0,7.0,6.0,32.0,0.0
117190,2,活跃潜力用户,0,45.0,7.0,0.0,0.0,2.0,6.0,1.0
117193,2,活跃潜力用户,0,37.0,1.0,0.0,0.0,5.0,8.0,0.0
117198,0,高价值忠诚用户,1,23.0,3.0,3.0,5.0,5.0,13.0,0.0
117200,0,高价值忠诚用户,0,43.0,4.0,0.0,5.0,5.0,24.0,1.0
117202,2,活跃潜力用户,0,61.0,5.0,0.0,0.0,5.0,6.0,1.0
117205,0,高价值忠诚用户,0,0.0,0.0,9.0,2.0,2.0,6.0,3.0
117206,2,活跃潜力用户,0,108.0,8.0,1.0,1.0,6.0,24.0,0.0
11721,0,高价值忠诚用户,0,17.0,4.0,0.0,6.0,6.0,21.0,0.0
117216,2,活跃潜力用户,0,18.0,0.0,0.0,0.0,3.0,11.0,2.0
117226,0,高价值忠诚用户,0,12.0,7.0,0.0,0.0,4.0,7.0,0.0
117231,2,活跃潜力用户,0,4.0,0.0,0.0,0.0,3.0,4.0,1.0
117246,2,活跃潜力用户,1,175.0,8.0,0.0,2.0,6.0,39.0,0.0
117251,1,早期沉睡用户,1,29.0,2.0,0.0,1.0,6.0,14.0,0.0
117255,2,活跃潜力用户,0,172.0,0.0,6.0,2.0,6.0,39.0,0.0
117258,1,早期沉睡用户,1,71.0,0.0,0.0,1.0,6.0,55.0,0.0
117262,2,活跃潜力用户,0,66.0,2.0,0.0,0.0,6.0,26.0,0.0
117272,1,早期沉睡用户,1,48.0,4.0,0.0,2.0,6.0,14.0,0.0
117278,1,早期沉睡用户,1,49.0,2.0,0.0,2.0,6.0,15.0,0.0
117282,1,早期沉睡用户,1,12.0,0.0,0.0,1.0,5.0,7.0,1.0
117284,1,早期沉睡用户,1,37.0,4.0,0.0,1.0,5.0,10.0,1.0
117285,2,活跃潜力用户,0,131.0,10.0,2.0,0.0,4.0,25.0,0.0
117294,1,早期沉睡用户,1,39.0,0.0,2.0,1.0,6.0,21.0,0.0
11730,2,活跃潜力用户,0,149.0,3.0,9.0,3.0,5.0,26.0,0.0
117311,2,活跃潜力用户,0,120.0,4.0,0.0,3.0,6.0,15.0,0.0
117315,2,活跃潜力用户,0,17.0,0.0,0.0,0.0,3.0,8.0,1.0
117328,1,早期沉睡用户,1,21.0,3.0,0.0,1.0,3.0,9.0,1.0
117330,2,活跃潜力用户,1,19.0,2.0,0.0,1.0,2.0,2.0,0.0
117336,2,活跃潜力用户,0,138.0,0.0,1.0,0.0,5.0,24.0,0.0
117341,2,活跃潜力用户,0,58.0,5.0,0.0,0.0,5.0,18.0,1.0
117343,2,活跃潜力用户,0,11.0,3.0,0.0,0.0,3.0,6.0,0.0
117347,2,活跃潜力用户,0,36.0,4.0,0.0,3.0,5.0,9.0,0.0
117356,2,活跃潜力用户,0,66.0,1.0,0.0,1.0,3.0,11.0,3.0
11736,2,活跃潜力用户,1,16.0,4.0,0.0,1.0,5.0,11.0,0.0
117360,1,早期沉睡用户,1,0.0,5.0,0.0,1.0,3.0,4.0,0.0
117367,2,活跃潜力用户,0,62.0,1.0,0.0,0.0,6.0,21.0,0.0
117384,2,活跃潜力用户,0,64.0,0.0,0.0,1.0,6.0,17.0,0.0
117385,1,早期沉睡用户,1,43.0,0.0,2.0,1.0,5.0,21.0,0.0
117395,1,早期沉睡用户,1,182.0,15.0,23.0,1.0,6.0,43.0,0.0
117399,2,活跃潜力用户,0,9.0,3.0,0.0,1.0,3.0,4.0,0.0
11740,1,早期沉睡用户,1,13.0,2.0,0.0,2.0,4.0,6.0,1.0
117404,1,早期沉睡用户,1,6.0,0.0,0.0,2.0,3.0,4.0,0.0
117410,1,早期沉睡用户,1,32.0,6.0,2.0,1.0,5.0,15.0,0.0
117417,1,早期沉睡用户,1,66.0,20.0,9.0,5.0,6.0,26.0,0.0
117418,0,高价值忠诚用户,0,32.0,7.0,0.0,2.0,5.0,16.0,0.0
117421,2,活跃潜力用户,0,35.0,7.0,1.0,3.0,6.0,10.0,0.0
117423,2,活跃潜力用户,0,1.0,0.0,0.0,0.0,1.0,1.0,3.0
117425,2,活跃潜力用户,0,25.0,2.0,2.0,0.0,3.0,10.0,0.0
117428,2,活跃潜力用户,0,8.0,0.0,0.0,0.0,3.0,5.0,1.0
117439,0,高价值忠诚用户,0,70.0,4.0,0.0,2.0,6.0,23.0,0.0
11744,2,活跃潜力用户,0,24.0,4.0,0.0,0.0,3.0,8.0,0.0
117442,2,活跃潜力用户,0,53.0,2.0,6.0,0.0,4.0,20.0,0.0
117448,2,活跃潜力用户,1,21.0,6.0,0.0,4.0,2.0,10.0,0.0
117450,1,早期沉睡用户,1,21.0,4.0,5.0,3.0,3.0,11.0,1.0
117452,2,活跃潜力用户,0,25.0,0.0,3.0,0.0,2.0,10.0,0.0
117453,1,早期沉睡用户,1,45.0,0.0,2.0,3.0,6.0,13.0,0.0
117455,0,高价值忠诚用户,0,78.0,1.0,8.0,3.0,6.0,22.0,0.0
117458,1,早期沉睡用户,1,163.0,7.0,1.0,4.0,6.0,41.0,0.0
117459,2,活跃潜力用户,0,16.0,0.0,0.0,1.0,3.0,6.0,1.0
117462,0,高价值忠诚用户,1,73.0,4.0,16.0,6.0,5.0,20.0,0.0
117472,1,早期沉睡用户,1,45.0,1.0,1.0,2.0,4.0,14.0,0.0
117473,2,活跃潜力用户,0,65.0,3.0,0.0,0.0,5.0,17.0,0.0
117474,2,活跃潜力用户,1,51.0,6.0,0.0,2.0,6.0,19.0,0.0
117476,2,活跃潜力用户,0,21.0,0.0,0.0,0.0,5.0,15.0,0.0
117530,0,高价值忠诚用户,0,65.0,1.0,2.0,4.0,6.0,31.0,0.0
117534,2,活跃潜力用户,0,16.0,6.0,0.0,0.0,3.0,5.0,0.0
117539,0,高价值忠诚用户,0,43.0,9.0,0.0,8.0,6.0,20.0,0.0
117540,1,早期沉睡用户,1,154.0,11.0,3.0,4.0,6.0,21.0,0.0
117556,2,活跃潜力用户,0,52.0,5.0,3.0,0.0,1.0,14.0,1.0
117560,2,活跃潜力用户,0,62.0,4.0,0.0,1.0,5.0,16.0,0.0
117570,2,活跃潜力用户,0,287.0,12.0,0.0,3.0,6.0,24.0,0.0
117578,1,早期沉睡用户,1,136.0,0.0,4.0,1.0,6.0,35.0,0.0
117585,0,高价值忠诚用户,0,163.0,2.0,10.0,3.0,6.0,49.0,0.0
117606,0,高价值忠诚用户,0,26.0,4.0,0.0,2.0,1.0,2.0,4.0
117607,2,活跃潜力用户,1,15.0,1.0,0.0,1.0,3.0,8.0,0.0
117612,1,早期沉睡用户,1,12.0,3.0,0.0,1.0,5.0,8.0,0.0
117616,2,活跃潜力用户,0,48.0,4.0,0.0,3.0,4.0,16.0,0.0
117627,1,早期沉睡用户,1,137.0,5.0,1.0,1.0,5.0,29.0,0.0
11763,2,活跃潜力用户,0,27.0,4.0,0.0,1.0,2.0,11.0,1.0
117648,0,高价值忠诚用户,0,63.0,3.0,13.0,5.0,6.0,21.0,0.0
117652,2,活跃潜力用户,0,123.0,2.0,5.0,1.0,6.0,55.0,0.0
117653,1,早期沉睡用户,1,47.0,23.0,3.0,5.0,6.0,28.0,0.0
117658,1,早期沉睡用户,1,4.0,1.0,0.0,1.0,2.0,4.0,2.0
117666,1,早期沉睡用户,1,26.0,1.0,2.0,1.0,4.0,13.0,1.0
117671,2,活跃潜力用户,0,158.0,0.0,29.0,0.0,6.0,39.0,0.0
117679,2,活跃潜力用户,0,33.0,1.0,1.0,1.0,6.0,12.0,0.0
117689,0,高价值忠诚用户,0,42.0,12.0,5.0,1.0,5.0,30.0,1.0
117691,1,早期沉睡用户,1,66.0,3.0,3.0,1.0,5.0,13.0,0.0
117692,2,活跃潜力用户,0,0.0,2.0,0.0,0.0,1.0,2.0,5.0
11770,1,早期沉睡用户,1,75.0,1.0,0.0,2.0,5.0,10.0,0.0
117701,2,活跃潜力用户,1,50.0,17.0,0.0,4.0,6.0,20.0,0.0
117702,1,早期沉睡用户,1,59.0,0.0,0.0,1.0,6.0,9.0,0.0
117707,0,高价值忠诚用户,1,172.0,0.0,36.0,6.0,6.0,62.0,0.0
117718,0,高价值忠诚用户,1,125.0,8.0,0.0,5.0,6.0,31.0,0.0
117733,1,早期沉睡用户,1,34.0,3.0,1.0,2.0,5.0,20.0,0.0
117738,2,活跃潜力用户,0,59.0,0.0,0.0,0.0,4.0,23.0,0.0
11774,1,早期沉睡用户,1,14.0,2.0,0.0,3.0,4.0,10.0,0.0
117761,2,活跃潜力用户,0,61.0,0.0,5.0,2.0,4.0,18.0,2.0
117767,2,活跃潜力用户,0,36.0,0.0,0.0,2.0,6.0,8.0,0.0
117770,2,活跃潜力用户,0,11.0,0.0,0.0,3.0,5.0,9.0,1.0
117772,0,高价值忠诚用户,0,2.0,1.0,0.0,1.0,3.0,3.0,0.0
117776,1,早期沉睡用户,1,67.0,0.0,8.0,1.0,6.0,26.0,0.0
117782,2,活跃潜力用户,0,14.0,3.0,0.0,1.0,5.0,8.0,0.0
117798,2,活跃潜力用户,0,31.0,2.0,0.0,0.0,5.0,11.0,0.0
117802,1,早期沉睡用户,1,94.0,5.0,0.0,4.0,6.0,26.0,0.0
117805,0,高价值忠诚用户,0,67.0,5.0,0.0,3.0,6.0,27.0,0.0
117808,2,活跃潜力用户,0,79.0,5.0,0.0,2.0,6.0,26.0,0.0
117818,2,活跃潜力用户,1,48.0,3.0,0.0,4.0,6.0,22.0,0.0
11783,0,高价值忠诚用户,0,79.0,0.0,1.0,1.0,5.0,24.0,0.0
117842,2,活跃潜力用户,0,3.0,1.0,0.0,0.0,2.0,2.0,0.0
117857,0,高价值忠诚用户,0,144.0,3.0,1.0,5.0,6.0,46.0,0.0
117883,1,早期沉睡用户,1,52.0,0.0,0.0,2.0,4.0,15.0,0.0
117886,2,活跃潜力用户,0,148.0,5.0,0.0,2.0,5.0,27.0,0.0
117888,2,活跃潜力用户,0,58.0,9.0,0.0,0.0,5.0,23.0,1.0
117893,2,活跃潜力用户,0,113.0,18.0,6.0,2.0,5.0,32.0,0.0
117895,1,早期沉睡用户,1,195.0,3.0,6.0,2.0,6.0,17.0,0.0
117902,2,活跃潜力用户,0,3.0,0.0,0.0,2.0,2.0,3.0,0.0
117916,1,早期沉睡用户,1,6.0,0.0,0.0,2.0,2.0,6.0,2.0
11792,2,活跃潜力用户,0,45.0,1.0,0.0,0.0,6.0,21.0,0.0
117921,2,活跃潜力用户,0,33.0,1.0,0.0,0.0,4.0,12.0,1.0
117933,1,早期沉睡用户,1,25.0,3.0,1.0,1.0,5.0,15.0,1.0
117935,1,早期沉睡用户,1,56.0,1.0,0.0,1.0,4.0,12.0,1.0
117941,1,早期沉睡用户,1,136.0,3.0,3.0,3.0,6.0,38.0,0.0
117957,0,高价值忠诚用户,0,40.0,4.0,0.0,3.0,6.0,20.0,0.0
117962,1,早期沉睡用户,1,122.0,7.0,1.0,4.0,5.0,20.0,0.0
117965,2,活跃潜力用户,0,14.0,1.0,0.0,1.0,2.0,3.0,1.0
117972,2,活跃潜力用户,0,39.0,0.0,1.0,2.0,5.0,22.0,0.0
117981,0,高价值忠诚用户,0,90.0,3.0,1.0,0.0,6.0,28.0,0.0
117983,2,活跃潜力用户,0,9.0,2.0,0.0,2.0,3.0,5.0,0.0
117987,2,活跃潜力用户,1,151.0,8.0,0.0,2.0,6.0,45.0,0.0
117990,2,活跃潜力用户,0,1.0,0.0,0.0,0.0,1.0,1.0,1.0
11800,2,活跃潜力用户,0,22.0,0.0,0.0,1.0,4.0,9.0,1.0
118006,1,早期沉睡用户,1,4.0,0.0,0.0,2.0,2.0,4.0,1.0
118021,2,活跃潜力用户,0,38.0,0.0,1.0,2.0,2.0,8.0,1.0
118040,2,活跃潜力用户,0,21.0,3.0,0.0,0.0,2.0,6.0,2.0
118049,1,早期沉睡用户,1,24.0,3.0,1.0,1.0,5.0,14.0,0.0
118056,0,高价值忠诚用户,0,134.0,10.0,0.0,7.0,6.0,38.0,0.0
118059,1,早期沉睡用户,1,22.0,2.0,1.0,4.0,5.0,6.0,0.0
118074,1,早期沉睡用户,1,15.0,0.0,14.0,2.0,3.0,10.0,0.0
118079,2,活跃潜力用户,0,76.0,12.0,0.0,0.0,6.0,20.0,0.0
118087,2,活跃潜力用户,1,83.0,11.0,21.0,4.0,5.0,26.0,0.0
118099,2,活跃潜力用户,1,41.0,1.0,0.0,1.0,4.0,15.0,0.0
118112,2,活跃潜力用户,0,17.0,0.0,0.0,1.0,3.0,11.0,2.0
11812,2,活跃潜力用户,0,33.0,3.0,0.0,0.0,4.0,14.0,1.0
118123,1,早期沉睡用户,1,82.0,1.0,11.0,1.0,5.0,27.0,0.0
118130,2,活跃潜力用户,0,52.0,0.0,7.0,3.0,6.0,15.0,0.0
118136,2,活跃潜力用户,0,25.0,0.0,0.0,3.0,5.0,12.0,0.0
118138,1,早期沉睡用户,1,3.0,0.0,0.0,1.0,3.0,4.0,2.0
118140,2,活跃潜力用户,0,11.0,0.0,0.0,0.0,4.0,4.0,0.0
118147,2,活跃潜力用户,0,11.0,0.0,2.0,0.0,2.0,4.0,4.0
118149,2,活跃潜力用户,0,175.0,3.0,5.0,1.0,5.0,13.0,0.0
118164,0,高价值忠诚用户,0,2.0,0.0,0.0,2.0,3.0,3.0,0.0
118183,1,早期沉睡用户,1,29.0,0.0,1.0,3.0,1.0,12.0,1.0
118187,2,活跃潜力用户,0,47.0,0.0,0.0,0.0,4.0,24.0,0.0
1182,2,活跃潜力用户,0,6.0,0.0,0.0,0.0,1.0,2.0,4.0
118200,1,早期沉睡用户,1,13.0,5.0,1.0,2.0,5.0,9.0,0.0
118202,0,高价值忠诚用户,0,26.0,0.0,0.0,15.0,6.0,15.0,0.0
118203,2,活跃潜力用户,0,50.0,4.0,3.0,0.0,6.0,18.0,0.0
11821,2,活跃潜力用户,0,35.0,5.0,0.0,0.0,4.0,18.0,1.0
118217,2,活跃潜力用户,0,35.0,5.0,0.0,1.0,4.0,8.0,0.0
118218,2,活跃潜力用户,0,23.0,1.0,0.0,0.0,5.0,6.0,0.0
118231,2,活跃潜力用户,0,23.0,2.0,1.0,0.0,5.0,18.0,0.0
118237,0,高价值忠诚用户,0,171.0,14.0,0.0,2.0,6.0,46.0,0.0
118238,0,高价值忠诚用户,0,44.0,4.0,0.0,0.0,4.0,11.0,1.0
118242,1,早期沉睡用户,1,45.0,0.0,0.0,2.0,5.0,15.0,0.0
118265,2,活跃潜力用户,0,64.0,0.0,8.0,0.0,6.0,24.0,0.0
118281,1,早期沉睡用户,1,18.0,8.0,0.0,1.0,4.0,14.0,1.0
118290,2,活跃潜力用户,0,107.0,3.0,0.0,0.0,6.0,16.0,0.0
118293,1,早期沉睡用户,1,32.0,0.0,3.0,1.0,5.0,10.0,1.0
118302,2,活跃潜力用户,0,11.0,1.0,0.0,0.0,4.0,6.0,0.0
118305,1,早期沉睡用户,1,119.0,0.0,12.0,1.0,5.0,25.0,0.0
118306,2,活跃潜力用户,0,156.0,9.0,0.0,1.0,6.0,22.0,0.0
118307,1,早期沉睡用户,1,37.0,2.0,0.0,1.0,5.0,15.0,0.0
118308,2,活跃潜力用户,0,17.0,22.0,0.0,0.0,5.0,24.0,0.0
118313,1,早期沉睡用户,1,134.0,7.0,0.0,1.0,5.0,27.0,0.0
118314,1,早期沉睡用户,1,3.0,2.0,0.0,1.0,4.0,4.0,2.0
118321,1,早期沉睡用户,1,58.0,0.0,2.0,3.0,2.0,7.0,0.0
118328,2,活跃潜力用户,1,12.0,0.0,0.0,2.0,4.0,7.0,0.0
118336,1,早期沉睡用户,1,19.0,2.0,0.0,2.0,5.0,9.0,0.0
11834,2,活跃潜力用户,0,7.0,0.0,0.0,0.0,2.0,7.0,2.0
11835,2,活跃潜力用户,1,45.0,2.0,0.0,2.0,4.0,17.0,0.0
118379,1,早期沉睡用户,1,76.0,2.0,9.0,2.0,6.0,25.0,0.0
118383,1,早期沉睡用户,1,37.0,7.0,0.0,1.0,3.0,8.0,1.0
118384,0,高价值忠诚用户,0,130.0,23.0,0.0,5.0,6.0,32.0,0.0
11839,1,早期沉睡用户,1,183.0,6.0,0.0,1.0,6.0,23.0,0.0
118401,1,早期沉睡用户,1,4.0,1.0,0.0,1.0,3.0,4.0,1.0
118418,1,早期沉睡用户,1,91.0,5.0,0.0,1.0,6.0,19.0,0.0
118432,0,高价值忠诚用户,0,67.0,9.0,0.0,7.0,6.0,33.0,0.0
118441,1,早期沉睡用户,1,30.0,13.0,0.0,4.0,6.0,20.0,0.0
118446,1,早期沉睡用户,1,81.0,7.0,0.0,1.0,2.0,10.0,3.0
118459,2,活跃潜力用户,1,50.0,1.0,7.0,2.0,5.0,16.0,0.0
118469,2,活跃潜力用户,0,12.0,1.0,0.0,0.0,5.0,8.0,1.0
118474,1,早期沉睡用户,1,9.0,0.0,0.0,1.0,4.0,6.0,0.0
118477,1,早期沉睡用户,1,54.0,0.0,0.0,3.0,6.0,16.0,0.0
118494,2,活跃潜力用户,0,12.0,0.0,0.0,0.0,3.0,7.0,1.0
118505,1,早期沉睡用户,1,23.0,0.0,0.0,1.0,5.0,8.0,0.0
118513,0,高价值忠诚用户,1,192.0,3.0,0.0,5.0,6.0,37.0,0.0
118538,2,活跃潜力用户,0,55.0,1.0,8.0,1.0,6.0,22.0,0.0
11855,1,早期沉睡用户,1,27.0,0.0,0.0,4.0,4.0,14.0,2.0
118566,2,活跃潜力用户,0,11.0,2.0,0.0,1.0,5.0,6.0,0.0
118567,0,高价值忠诚用户,0,112.0,7.0,5.0,11.0,6.0,46.0,0.0
118576,1,早期沉睡用户,1,131.0,0.0,34.0,1.0,6.0,41.0,0.0
118581,2,活跃潜力用户,0,217.0,2.0,12.0,1.0,6.0,66.0,0.0
118583,1,早期沉睡用户,1,14.0,0.0,0.0,1.0,3.0,6.0,0.0
118585,1,早期沉睡用户,1,56.0,4.0,0.0,1.0,6.0,24.0,0.0
118587,2,活跃潜力用户,0,13.0,1.0,0.0,0.0,4.0,4.0,0.0
118590,1,早期沉睡用户,1,231.0,5.0,0.0,1.0,6.0,36.0,0.0
118600,2,活跃潜力用户,1,39.0,0.0,2.0,1.0,6.0,10.0,0.0
118604,2,活跃潜力用户,0,7.0,0.0,0.0,1.0,2.0,4.0,3.0
118610,2,活跃潜力用户,0,10.0,1.0,0.0,0.0,3.0,6.0,0.0
118611,2,活跃潜力用户,0,28.0,10.0,0.0,0.0,3.0,15.0,2.0
118614,2,活跃潜力用户,0,15.0,0.0,0.0,3.0,5.0,7.0,1.0
118648,2,活跃潜力用户,0,20.0,8.0,0.0,0.0,5.0,14.0,0.0
118652,1,早期沉睡用户,1,42.0,2.0,1.0,2.0,5.0,25.0,0.0
118661,2,活跃潜力用户,0,4.0,4.0,0.0,0.0,3.0,6.0,1.0
118671,1,早期沉睡用户,1,82.0,18.0,1.0,6.0,5.0,34.0,0.0
118681,2,活跃潜力用户,0,25.0,6.0,0.0,0.0,5.0,14.0,0.0
118683,1,早期沉睡用户,1,98.0,2.0,0.0,1.0,6.0,23.0,0.0
118686,2,活跃潜力用户,0,51.0,0.0,15.0,2.0,5.0,22.0,0.0
118691,2,活跃潜力用户,0,65.0,2.0,0.0,0.0,3.0,26.0,0.0
118693,2,活跃潜力用户,0,30.0,0.0,0.0,0.0,2.0,6.0,0.0
118701,2,活跃潜力用户,1,21.0,5.0,0.0,1.0,3.0,17.0,0.0
118705,2,活跃潜力用户,0,3.0,2.0,0.0,1.0,2.0,3.0,0.0
118711,1,早期沉睡用户,1,2.0,0.0,0.0,1.0,2.0,3.0,2.0
118740,0,高价值忠诚用户,0,96.0,0.0,3.0,8.0,6.0,16.0,0.0
118742,2,活跃潜力用户,1,44.0,0.0,0.0,2.0,6.0,6.0,0.0
118747,2,活跃潜力用户,0,9.0,0.0,0.0,0.0,3.0,5.0,0.0
118750,2,活跃潜力用户,1,11.0,0.0,0.0,2.0,4.0,8.0,0.0
118751,2,活跃潜力用户,0,306.0,15.0,0.0,1.0,6.0,45.0,0.0
118766,1,早期沉睡用户,1,19.0,0.0,0.0,1.0,4.0,10.0,0.0
118779,2,活跃潜力用户,0,6.0,0.0,0.0,0.0,2.0,4.0,3.0
118782,2,活跃潜力用户,0,14.0,0.0,2.0,0.0,3.0,8.0,2.0
118784,0,高价值忠诚用户,0,208.0,9.0,0.0,10.0,6.0,30.0,0.0
118790,1,早期沉睡用户,1,6.0,1.0,0.0,1.0,5.0,6.0,1.0
118796,2,活跃潜力用户,0,98.0,12.0,0.0,1.0,6.0,12.0,0.0
118815,1,早期沉睡用户,1,19.0,0.0,0.0,1.0,4.0,9.0,1.0
118820,2,活跃潜力用户,0,31.0,2.0,0.0,0.0,3.0,10.0,2.0
118840,2,活跃潜力用户,0,198.0,2.0,0.0,2.0,6.0,13.0,0.0
118847,2,活跃潜力用户,0,49.0,0.0,0.0,3.0,5.0,12.0,0.0
118859,2,活跃潜力用户,0,61.0,0.0,4.0,1.0,6.0,18.0,0.0
118860,2,活跃潜力用户,0,30.0,0.0,0.0,0.0,5.0,15.0,0.0
118867,0,高价值忠诚用户,0,80.0,3.0,0.0,3.0,6.0,18.0,0.0
118870,2,活跃潜力用户,1,66.0,15.0,2.0,2.0,5.0,23.0,0.0
11889,2,活跃潜力用户,0,183.0,7.0,28.0,0.0,5.0,34.0,0.0
118891,2,活跃潜力用户,0,154.0,1.0,27.0,0.0,6.0,19.0,0.0
1189,2,活跃潜力用户,0,287.0,48.0,0.0,0.0,6.0,52.0,0.0
118916,1,早期沉睡用户,1,33.0,3.0,0.0,1.0,2.0,4.0,1.0
118918,2,活跃潜力用户,0,41.0,0.0,2.0,4.0,5.0,11.0,0.0
118922,2,活跃潜力用户,0,12.0,0.0,0.0,0.0,2.0,7.0,0.0
118924,2,活跃潜力用户,0,44.0,4.0,0.0,2.0,5.0,21.0,0.0
118928,2,活跃潜力用户,0,11.0,4.0,0.0,0.0,5.0,6.0,1.0
118933,1,早期沉睡用户,1,31.0,0.0,0.0,3.0,4.0,10.0,0.0
118938,1,早期沉睡用户,1,128.0,11.0,1.0,2.0,2.0,25.0,0.0
118939,1,早期沉睡用户,1,20.0,0.0,0.0,1.0,2.0,15.0,1.0
118940,0,高价值忠诚用户,0,50.0,0.0,0.0,6.0,6.0,25.0,0.0
118944,1,早期沉睡用户,1,6.0,0.0,0.0,2.0,6.0,6.0,0.0
118955,2,活跃潜力用户,0,14.0,2.0,0.0,0.0,5.0,11.0,0.0
118956,1,早期沉睡用户,1,36.0,3.0,0.0,1.0,5.0,14.0,0.0
118963,1,早期沉睡用户,1,24.0,2.0,4.0,1.0,5.0,10.0,0.0
118965,2,活跃潜力用户,0,136.0,14.0,0.0,0.0,4.0,21.0,0.0
11897,1,早期沉睡用户,1,11.0,0.0,1.0,1.0,2.0,9.0,1.0
118976,2,活跃潜力用户,0,218.0,3.0,8.0,0.0,6.0,65.0,0.0
118978,0,高价值忠诚用户,1,122.0,19.0,1.0,5.0,5.0,68.0,0.0
118982,0,高价值忠诚用户,0,98.0,11.0,0.0,2.0,6.0,35.0,0.0
118994,1,早期沉睡用户,1,26.0,2.0,0.0,1.0,5.0,16.0,1.0
118996,0,高价值忠诚用户,0,132.0,4.0,0.0,2.0,5.0,36.0,0.0
119,1,早期沉睡用户,1,87.0,1.0,4.0,3.0,6.0,25.0,0.0
11900,0,高价值忠诚用户,0,15.0,0.0,0.0,4.0,1.0,7.0,4.0
119004,2,活跃潜力用户,0,1.0,1.0,0.0,0.0,2.0,2.0,0.0
119022,2,活跃潜力用户,0,98.0,13.0,1.0,2.0,6.0,31.0,0.0
119032,2,活跃潜力用户,0,41.0,3.0,0.0,0.0,5.0,25.0,0.0
119051,2,活跃潜力用户,1,290.0,0.0,2.0,1.0,6.0,32.0,0.0
119061,2,活跃潜力用户,0,2.0,0.0,0.0,0.0,2.0,2.0,2.0
119076,2,活跃潜力用户,0,83.0,20.0,0.0,1.0,6.0,26.0,0.0
119078,1,早期沉睡用户,1,33.0,1.0,0.0,1.0,5.0,16.0,0.0
119082,2,活跃潜力用户,1,29.0,5.0,0.0,1.0,3.0,14.0,0.0
119083,1,早期沉睡用户,1,24.0,3.0,0.0,1.0,6.0,10.0,0.0
119084,1,早期沉睡用户,1,91.0,1.0,5.0,1.0,5.0,18.0,1.0
119089,2,活跃潜力用户,0,19.0,0.0,0.0,0.0,2.0,12.0,2.0
119099,2,活跃潜力用户,0,5.0,0.0,0.0,0.0,2.0,4.0,1.0
11912,2,活跃潜力用户,0,42.0,4.0,0.0,0.0,3.0,12.0,0.0
119120,2,活跃潜力用户,1,51.0,12.0,0.0,1.0,6.0,29.0,0.0
119125,0,高价值忠诚用户,0,51.0,4.0,0.0,4.0,5.0,11.0,1.0
119128,2,活跃潜力用户,0,9.0,1.0,0.0,2.0,3.0,3.0,0.0
119136,2,活跃潜力用户,0,96.0,1.0,0.0,0.0,5.0,17.0,1.0
119139,2,活跃潜力用户,0,135.0,6.0,0.0,1.0,6.0,43.0,0.0
119147,2,活跃潜力用户,0,93.0,3.0,0.0,1.0,4.0,36.0,0.0
11916,2,活跃潜力用户,0,6.0,0.0,0.0,3.0,2.0,4.0,0.0
119167,2,活跃潜力用户,0,13.0,1.0,0.0,1.0,3.0,7.0,0.0
119168,2,活跃潜力用户,0,36.0,6.0,6.0,1.0,5.0,13.0,0.0
119185,2,活跃潜力用户,0,27.0,3.0,0.0,2.0,2.0,14.0,0.0
119188,1,早期沉睡用户,1,76.0,0.0,6.0,4.0,5.0,28.0,0.0
1192,0,高价值忠诚用户,0,155.0,20.0,0.0,4.0,4.0,24.0,0.0
119205,2,活跃潜力用户,0,57.0,2.0,0.0,3.0,6.0,23.0,0.0
119209,2,活跃潜力用户,1,71.0,2.0,0.0,1.0,2.0,6.0,0.0
11921,2,活跃潜力用户,0,0.0,1.0,0.0,0.0,1.0,1.0,0.0
119213,2,活跃潜力用户,0,88.0,17.0,13.0,3.0,6.0,49.0,0.0
119229,2,活跃潜力用户,0,372.0,4.0,12.0,0.0,6.0,138.0,0.0
11923,2,活跃潜力用户,1,59.0,11.0,0.0,1.0,6.0,40.0,0.0
119241,2,活跃潜力用户,0,62.0,2.0,0.0,0.0,6.0,33.0,0.0
119242,1,早期沉睡用户,1,46.0,10.0,0.0,1.0,3.0,7.0,0.0
119259,2,活跃潜力用户,0,53.0,0.0,4.0,3.0,4.0,29.0,0.0
119261,2,活跃潜力用户,0,14.0,0.0,0.0,0.0,3.0,3.0,1.0
119270,1,早期沉睡用户,1,35.0,9.0,0.0,2.0,4.0,13.0,1.0
119271,1,早期沉睡用户,1,20.0,0.0,0.0,1.0,4.0,3.0,1.0
119272,1,早期沉睡用户,1,42.0,4.0,2.0,5.0,6.0,22.0,0.0
119280,0,高价值忠诚用户,1,159.0,11.0,8.0,6.0,6.0,51.0,0.0
119292,1,早期沉睡用户,1,107.0,6.0,0.0,1.0,4.0,50.0,0.0
119297,0,高价值忠诚用户,0,47.0,0.0,0.0,2.0,6.0,18.0,0.0
119305,2,活跃潜力用户,0,72.0,1.0,0.0,0.0,5.0,21.0,0.0
119309,2,活跃潜力用户,0,146.0,3.0,22.0,0.0,6.0,47.0,0.0
119316,2,活跃潜力用户,0,158.0,18.0,9.0,1.0,6.0,30.0,0.0
119318,2,活跃潜力用户,0,159.0,25.0,2.0,0.0,5.0,49.0,0.0
119319,0,高价值忠诚用户,0,205.0,13.0,0.0,5.0,6.0,45.0,0.0
119332,1,早期沉睡用户,1,65.0,6.0,2.0,1.0,5.0,16.0,1.0
119333,2,活跃潜力用户,0,39.0,4.0,8.0,0.0,3.0,19.0,0.0
119343,0,高价值忠诚用户,0,166.0,10.0,2.0,5.0,6.0,34.0,0.0
119354,2,活跃潜力用户,0,16.0,0.0,1.0,0.0,4.0,11.0,0.0
119369,2,活跃潜力用户,0,94.0,9.0,0.0,0.0,6.0,22.0,0.0
119379,2,活跃潜力用户,0,2.0,0.0,0.0,0.0,1.0,2.0,3.0
119383,1,早期沉睡用户,1,339.0,0.0,6.0,1.0,6.0,40.0,0.0
119390,2,活跃潜力用户,0,52.0,0.0,0.0,0.0,5.0,10.0,1.0
119392,2,活跃潜力用户,0,9.0,2.0,0.0,0.0,2.0,8.0,0.0
119395,2,活跃潜力用户,0,183.0,12.0,1.0,3.0,6.0,29.0,0.0
119397,2,活跃潜力用户,0,2.0,0.0,0.0,0.0,1.0,2.0,3.0
119403,2,活跃潜力用户,0,177.0,7.0,0.0,1.0,5.0,30.0,0.0
119405,2,活跃潜力用户,0,64.0,2.0,7.0,1.0,4.0,18.0,0.0
119408,2,活跃潜力用户,0,33.0,6.0,0.0,1.0,5.0,15.0,0.0
119410,2,活跃潜力用户,0,49.0,6.0,2.0,1.0,5.0,16.0,0.0
119418,1,早期沉睡用户,1,83.0,5.0,1.0,1.0,6.0,33.0,0.0
119428,2,活跃潜力用户,0,9.0,0.0,0.0,1.0,4.0,4.0,0.0
119443,2,活跃潜力用户,0,107.0,8.0,0.0,3.0,5.0,14.0,0.0
119457,2,活跃潜力用户,0,3.0,0.0,0.0,1.0,2.0,4.0,2.0
11946,0,高价值忠诚用户,0,184.0,6.0,0.0,10.0,4.0,25.0,2.0
119468,1,早期沉睡用户,1,3.0,0.0,0.0,1.0,2.0,3.0,1.0
119472,0,高价值忠诚用户,0,4.0,1.0,0.0,4.0,2.0,5.0,3.0
119481,2,活跃潜力用户,0,80.0,3.0,0.0,0.0,5.0,14.0,0.0
119489,0,高价值忠诚用户,0,36.0,0.0,1.0,10.0,5.0,26.0,0.0
119496,0,高价值忠诚用户,0,15.0,0.0,0.0,4.0,3.0,8.0,1.0
119498,1,早期沉睡用户,1,149.0,3.0,26.0,3.0,6.0,31.0,0.0
11950,2,活跃潜力用户,0,10.0,1.0,0.0,0.0,1.0,2.0,2.0
119500,1,早期沉睡用户,1,12.0,6.0,0.0,1.0,5.0,11.0,1.0
119502,0,高价值忠诚用户,0,106.0,11.0,1.0,10.0,6.0,21.0,0.0
119508,2,活跃潜力用户,0,5.0,0.0,0.0,1.0,3.0,2.0,0.0
119509,0,高价值忠诚用户,1,33.0,9.0,0.0,5.0,4.0,10.0,0.0
119516,2,活跃潜力用户,0,73.0,16.0,1.0,2.0,6.0,29.0,0.0
119527,2,活跃潜力用户,0,51.0,8.0,0.0,2.0,6.0,21.0,0.0
119534,2,活跃潜力用户,0,7.0,1.0,0.0,1.0,2.0,5.0,0.0
119543,1,早期沉睡用户,1,75.0,2.0,0.0,2.0,6.0,30.0,0.0
119547,1,早期沉睡用户,1,18.0,2.0,0.0,1.0,2.0,8.0,3.0
119552,2,活跃潜力用户,0,64.0,8.0,2.0,2.0,4.0,21.0,0.0
119562,1,早期沉睡用户,1,120.0,6.0,17.0,2.0,6.0,43.0,0.0
119568,2,活跃潜力用户,0,7.0,0.0,0.0,0.0,1.0,3.0,0.0
119577,2,活跃潜力用户,1,39.0,20.0,0.0,1.0,5.0,15.0,0.0
119582,1,早期沉睡用户,1,58.0,2.0,2.0,4.0,6.0,16.0,0.0
119605,1,早期沉睡用户,1,25.0,1.0,0.0,1.0,4.0,11.0,0.0
119610,2,活跃潜力用户,1,47.0,6.0,1.0,2.0,4.0,25.0,0.0
119616,2,活跃潜力用户,0,130.0,5.0,0.0,0.0,4.0,28.0,1.0
119628,2,活跃潜力用户,0,2.0,1.0,0.0,0.0,2.0,1.0,3.0
119633,2,活跃潜力用户,0,22.0,0.0,0.0,0.0,5.0,6.0,1.0
119638,1,早期沉睡用户,1,72.0,2.0,0.0,2.0,5.0,14.0,0.0
11964,1,早期沉睡用户,1,57.0,2.0,7.0,1.0,6.0,16.0,0.0
119654,2,活跃潜力用户,0,11.0,0.0,1.0,0.0,2.0,4.0,0.0
119657,2,活跃潜力用户,0,77.0,1.0,1.0,2.0,5.0,20.0,0.0
119659,2,活跃潜力用户,0,34.0,0.0,0.0,0.0,5.0,24.0,1.0
119664,0,高价值忠诚用户,0,112.0,26.0,0.0,1.0,6.0,34.0,0.0
119668,0,高价值忠诚用户,0,160.0,8.0,0.0,7.0,5.0,41.0,0.0
119690,2,活跃潜力用户,0,16.0,3.0,1.0,1.0,6.0,11.0,0.0
11970,2,活跃潜力用户,0,42.0,0.0,0.0,1.0,5.0,10.0,0.0
119720,2,活跃潜力用户,1,65.0,3.0,1.0,3.0,3.0,21.0,0.0
119735,2,活跃潜力用户,0,3.0,4.0,0.0,0.0,2.0,2.0,0.0
119741,2,活跃潜力用户,0,5.0,0.0,0.0,0.0,2.0,3.0,4.0
119746,2,活跃潜力用户,0,120.0,0.0,10.0,2.0,6.0,17.0,0.0
11975,2,活跃潜力用户,0,11.0,3.0,0.0,1.0,4.0,5.0,1.0
119750,1,早期沉睡用户,1,159.0,3.0,0.0,1.0,4.0,20.0,0.0
119758,1,早期沉睡用户,1,23.0,0.0,0.0,4.0,2.0,6.0,0.0
11976,0,高价值忠诚用户,0,117.0,48.0,3.0,7.0,6.0,29.0,0.0
119767,2,活跃潜力用户,0,13.0,1.0,0.0,1.0,4.0,4.0,1.0
119770,1,早期沉睡用户,1,52.0,0.0,6.0,1.0,5.0,25.0,0.0
119775,2,活跃潜力用户,0,34.0,5.0,0.0,0.0,3.0,12.0,0.0
119820,1,早期沉睡用户,1,32.0,2.0,0.0,2.0,4.0,6.0,0.0
119831,2,活跃潜力用户,0,36.0,0.0,17.0,1.0,6.0,20.0,0.0
119862,2,活跃潜力用户,0,31.0,9.0,0.0,0.0,3.0,12.0,2.0
119879,2,活跃潜力用户,0,45.0,3.0,0.0,0.0,4.0,13.0,0.0
11988,1,早期沉睡用户,1,65.0,0.0,6.0,1.0,4.0,11.0,1.0
119880,2,活跃潜力用户,0,10.0,0.0,0.0,0.0,2.0,2.0,2.0
119883,2,活跃潜力用户,0,135.0,11.0,0.0,2.0,6.0,21.0,0.0
119895,2,活跃潜力用户,1,42.0,0.0,1.0,1.0,3.0,7.0,0.0
119915,2,活跃潜力用户,0,31.0,1.0,0.0,1.0,3.0,17.0,1.0
119925,0,高价值忠诚用户,0,1.0,0.0,0.0,0.0,1.0,1.0,1.0
119940,2,活跃潜力用户,1,73.0,3.0,2.0,1.0,5.0,32.0,0.0
119942,1,早期沉睡用户,1,5.0,0.0,0.0,1.0,2.0,4.0,1.0
119944,1,早期沉睡用户,1,63.0,15.0,0.0,3.0,4.0,22.0,1.0
11995,1,早期沉睡用户,1,35.0,1.0,0.0,1.0,5.0,12.0,0.0
119961,2,活跃潜力用户,0,35.0,1.0,0.0,1.0,5.0,11.0,0.0
119970,2,活跃潜力用户,0,10.0,0.0,0.0,1.0,3.0,5.0,0.0
119974,2,活跃潜力用户,0,16.0,6.0,0.0,2.0,4.0,10.0,0.0
11998,1,早期沉睡用户,1,27.0,0.0,0.0,4.0,5.0,13.0,0.0
119982,1,早期沉睡用户,1,41.0,5.0,0.0,1.0,4.0,19.0,2.0
119991,2,活跃潜力用户,0,27.0,2.0,0.0,1.0,4.0,15.0,0.0
119998,0,高价值忠诚用户,0,22.0,0.0,0.0,3.0,4.0,7.0,1.0
119999,0,高价值忠诚用户,0,0.0,5.0,24.0,5.0,6.0,24.0,0.0
120009,0,高价值忠诚用户,0,25.0,7.0,1.0,5.0,6.0,8.0,0.0
12002,1,早期沉睡用户,1,159.0,2.0,1.0,1.0,6.0,47.0,0.0
120026,2,活跃潜力用户,1,87.0,2.0,0.0,1.0,5.0,23.0,0.0
120036,2,活跃潜力用户,0,24.0,0.0,1.0,1.0,3.0,11.0,0.0
120038,1,早期沉睡用户,1,46.0,3.0,2.0,5.0,5.0,15.0,0.0
12004,2,活跃潜力用户,0,9.0,0.0,0.0,1.0,4.0,7.0,0.0
120047,2,活跃潜力用户,1,11.0,0.0,0.0,1.0,4.0,6.0,0.0
120052,1,早期沉睡用户,1,49.0,2.0,2.0,2.0,6.0,13.0,0.0
120059,0,高价值忠诚用户,1,108.0,5.0,25.0,10.0,6.0,34.0,0.0
120062,1,早期沉睡用户,1,50.0,8.0,0.0,1.0,6.0,27.0,0.0
120071,2,活跃潜力用户,0,13.0,2.0,0.0,0.0,3.0,2.0,0.0
120076,2,活跃潜力用户,1,197.0,1.0,4.0,5.0,6.0,31.0,0.0
120089,2,活跃潜力用户,0,74.0,7.0,1.0,0.0,6.0,23.0,0.0
120093,2,活跃潜力用户,0,65.0,0.0,3.0,1.0,6.0,35.0,0.0
120114,2,活跃潜力用户,0,82.0,7.0,0.0,1.0,6.0,23.0,0.0
120118,2,活跃潜力用户,1,196.0,14.0,1.0,1.0,6.0,14.0,0.0
120129,2,活跃潜力用户,0,8.0,0.0,1.0,1.0,2.0,6.0,1.0
120134,1,早期沉睡用户,1,0.0,17.0,14.0,1.0,6.0,12.0,0.0
120135,2,活跃潜力用户,0,87.0,46.0,21.0,1.0,6.0,35.0,0.0
120137,0,高价值忠诚用户,1,87.0,8.0,0.0,8.0,6.0,35.0,0.0
120150,2,活跃潜力用户,0,33.0,0.0,14.0,1.0,4.0,14.0,1.0
120201,1,早期沉睡用户,1,166.0,0.0,30.0,2.0,6.0,76.0,0.0
120228,0,高价值忠诚用户,0,65.0,3.0,0.0,5.0,6.0,25.0,0.0
120238,1,早期沉睡用户,1,83.0,2.0,0.0,1.0,6.0,28.0,0.0
120241,0,高价值忠诚用户,0,49.0,5.0,0.0,3.0,4.0,12.0,0.0
12026,2,活跃潜力用户,0,61.0,9.0,0.0,1.0,6.0,29.0,0.0
120267,1,早期沉睡用户,1,5.0,0.0,0.0,1.0,3.0,4.0,1.0
120269,2,活跃潜力用户,0,26.0,0.0,4.0,0.0,5.0,14.0,0.0
120271,0,高价值忠诚用户,0,27.0,0.0,10.0,5.0,5.0,16.0,0.0
120283,1,早期沉睡用户,1,59.0,9.0,1.0,1.0,6.0,33.0,0.0
120295,2,活跃潜力用户,0,2.0,0.0,0.0,0.0,2.0,2.0,2.0
1203,1,早期沉睡用户,1,145.0,11.0,0.0,1.0,6.0,46.0,0.0
120301,1,早期沉睡用户,1,2.0,0.0,0.0,1.0,2.0,3.0,4.0
120304,2,活跃潜力用户,0,167.0,1.0,0.0,1.0,5.0,30.0,0.0
120305,2,活跃潜力用户,0,30.0,2.0,0.0,0.0,3.0,6.0,0.0
120315,0,高价值忠诚用户,0,59.0,23.0,4.0,2.0,6.0,24.0,0.0
120326,2,活跃潜力用户,0,29.0,4.0,1.0,0.0,5.0,23.0,0.0
120336,1,早期沉睡用户,1,19.0,1.0,6.0,2.0,2.0,7.0,3.0
120338,1,早期沉睡用户,1,91.0,3.0,0.0,2.0,6.0,19.0,0.0
120344,1,早期沉睡用户,1,48.0,0.0,5.0,2.0,6.0,13.0,0.0
120346,1,早期沉睡用户,1,106.0,0.0,0.0,1.0,3.0,53.0,1.0
120349,0,高价值忠诚用户,0,102.0,2.0,0.0,3.0,6.0,54.0,0.0
12035,0,高价值忠诚用户,0,78.0,1.0,16.0,10.0,6.0,22.0,0.0
12037,2,活跃潜力用户,0,23.0,3.0,0.0,2.0,4.0,18.0,2.0
120374,2,活跃潜力用户,0,135.0,0.0,14.0,3.0,5.0,16.0,0.0
120375,2,活跃潜力用户,1,51.0,2.0,0.0,1.0,6.0,23.0,0.0
120379,0,高价值忠诚用户,0,70.0,11.0,0.0,6.0,5.0,28.0,0.0
120381,2,活跃潜力用户,1,23.0,0.0,9.0,1.0,3.0,14.0,0.0
120388,1,早期沉睡用户,1,300.0,45.0,0.0,1.0,6.0,44.0,0.0
120396,2,活跃潜力用户,0,46.0,5.0,0.0,0.0,4.0,18.0,0.0
120398,0,高价值忠诚用户,0,12.0,0.0,0.0,2.0,4.0,5.0,1.0
120419,1,早期沉睡用户,1,141.0,2.0,14.0,1.0,6.0,23.0,0.0
120422,2,活跃潜力用户,0,37.0,1.0,0.0,2.0,5.0,7.0,0.0
120425,1,早期沉睡用户,1,48.0,1.0,0.0,2.0,4.0,12.0,2.0
120426,2,活跃潜力用户,0,53.0,8.0,8.0,2.0,6.0,23.0,0.0
120442,2,活跃潜力用户,0,32.0,1.0,0.0,0.0,3.0,1.0,3.0
120444,1,早期沉睡用户,1,89.0,0.0,1.0,2.0,6.0,24.0,0.0
120448,0,高价值忠诚用户,0,71.0,12.0,0.0,8.0,6.0,17.0,0.0
120452,1,早期沉睡用户,1,149.0,6.0,1.0,2.0,6.0,49.0,0.0
120454,1,早期沉睡用户,1,6.0,1.0,0.0,1.0,2.0,4.0,0.0
120456,1,早期沉睡用户,1,31.0,9.0,0.0,2.0,6.0,16.0,0.0
120466,1,早期沉睡用户,1,130.0,8.0,4.0,1.0,6.0,33.0,0.0
120471,1,早期沉睡用户,1,22.0,6.0,0.0,3.0,5.0,12.0,1.0
120477,1,早期沉睡用户,1,21.0,4.0,1.0,1.0,5.0,14.0,0.0
120478,2,活跃潜力用户,1,19.0,4.0,0.0,1.0,5.0,6.0,0.0
120479,0,高价值忠诚用户,1,13.0,1.0,10.0,7.0,6.0,21.0,0.0
120493,0,高价值忠诚用户,0,24.0,4.0,0.0,2.0,4.0,10.0,0.0
12050,2,活跃潜力用户,0,24.0,0.0,0.0,2.0,4.0,9.0,0.0
120504,2,活跃潜力用户,0,24.0,0.0,0.0,1.0,2.0,3.0,1.0
120514,2,活跃潜力用户,0,61.0,0.0,1.0,0.0,5.0,15.0,0.0
120518,1,早期沉睡用户,1,66.0,0.0,5.0,2.0,4.0,17.0,0.0
120524,1,早期沉睡用户,1,32.0,1.0,0.0,2.0,6.0,13.0,0.0
120528,0,高价值忠诚用户,1,207.0,10.0,0.0,9.0,6.0,33.0,0.0
120534,2,活跃潜力用户,0,52.0,0.0,8.0,2.0,5.0,25.0,0.0
120563,2,活跃潜力用户,0,54.0,0.0,0.0,2.0,4.0,17.0,0.0
120565,2,活跃潜力用户,1,80.0,4.0,1.0,1.0,6.0,28.0,0.0
120575,2,活跃潜力用户,0,49.0,6.0,1.0,1.0,6.0,27.0,0.0
120581,0,高价值忠诚用户,0,67.0,9.0,4.0,4.0,4.0,19.0,0.0
120587,2,活跃潜力用户,1,0.0,0.0,0.0,1.0,1.0,1.0,0.0
120592,1,早期沉睡用户,1,18.0,1.0,1.0,4.0,3.0,10.0,1.0
120594,0,高价值忠诚用户,0,14.0,0.0,0.0,1.0,3.0,7.0,3.0
120604,1,早期沉睡用户,1,73.0,2.0,2.0,3.0,6.0,42.0,0.0
120615,2,活跃潜力用户,1,293.0,0.0,24.0,1.0,6.0,20.0,0.0
120621,0,高价值忠诚用户,1,212.0,11.0,0.0,5.0,6.0,62.0,0.0
120627,2,活跃潜力用户,0,40.0,0.0,0.0,0.0,3.0,23.0,0.0
120630,2,活跃潜力用户,0,11.0,0.0,0.0,0.0,2.0,5.0,0.0
120634,2,活跃潜力用户,1,14.0,0.0,0.0,1.0,3.0,9.0,0.0
12064,2,活跃潜力用户,0,4.0,0.0,0.0,0.0,3.0,3.0,0.0
120640,0,高价值忠诚用户,0,23.0,6.0,0.0,1.0,4.0,9.0,0.0
120641,1,早期沉睡用户,1,16.0,1.0,4.0,3.0,6.0,11.0,0.0
120665,1,早期沉睡用户,1,18.0,0.0,0.0,1.0,3.0,13.0,0.0
120674,2,活跃潜力用户,1,134.0,6.0,0.0,2.0,6.0,27.0,0.0
120675,1,早期沉睡用户,1,43.0,1.0,0.0,2.0,6.0,13.0,0.0
12068,2,活跃潜力用户,0,17.0,0.0,0.0,0.0,2.0,10.0,1.0
120710,2,活跃潜力用户,0,68.0,3.0,0.0,3.0,5.0,22.0,0.0
120711,2,活跃潜力用户,0,44.0,2.0,0.0,1.0,5.0,19.0,0.0
120713,2,活跃潜力用户,0,39.0,1.0,0.0,0.0,5.0,21.0,0.0
120734,0,高价值忠诚用户,0,157.0,12.0,0.0,7.0,6.0,32.0,0.0
120745,2,活跃潜力用户,0,34.0,0.0,1.0,1.0,6.0,10.0,0.0
12076,1,早期沉睡用户,1,279.0,0.0,0.0,1.0,6.0,90.0,0.0
120760,1,早期沉睡用户,1,21.0,0.0,0.0,2.0,4.0,5.0,0.0
120765,1,早期沉睡用户,1,11.0,1.0,3.0,1.0,4.0,8.0,0.0
12077,2,活跃潜力用户,1,25.0,1.0,0.0,1.0,4.0,14.0,0.0
120771,2,活跃潜力用户,0,87.0,1.0,19.0,1.0,6.0,20.0,0.0
120774,2,活跃潜力用户,0,72.0,9.0,0.0,2.0,6.0,23.0,0.0
12078,2,活跃潜力用户,0,223.0,10.0,0.0,1.0,6.0,28.0,0.0
120781,0,高价值忠诚用户,1,102.0,17.0,3.0,7.0,6.0,25.0,0.0
120785,1,早期沉睡用户,1,36.0,1.0,3.0,2.0,6.0,24.0,0.0
12082,2,活跃潜力用户,0,3.0,0.0,0.0,0.0,2.0,3.0,2.0
120823,2,活跃潜力用户,0,72.0,6.0,0.0,1.0,5.0,25.0,0.0
120825,2,活跃潜力用户,0,65.0,0.0,0.0,0.0,2.0,15.0,0.0
120830,2,活跃潜力用户,0,69.0,8.0,0.0,1.0,6.0,20.0,0.0
12084,1,早期沉睡用户,1,178.0,7.0,6.0,1.0,5.0,28.0,0.0
120849,0,高价值忠诚用户,0,52.0,1.0,12.0,4.0,5.0,29.0,0.0
120851,2,活跃潜力用户,0,32.0,10.0,0.0,1.0,5.0,24.0,0.0
120862,2,活跃潜力用户,0,5.0,0.0,0.0,1.0,2.0,4.0,3.0
12087,1,早期沉睡用户,1,44.0,0.0,4.0,2.0,4.0,8.0,1.0
120872,2,活跃潜力用户,0,19.0,2.0,0.0,0.0,2.0,3.0,4.0
12088,1,早期沉睡用户,1,28.0,5.0,0.0,1.0,4.0,10.0,0.0
120880,1,早期沉睡用户,1,83.0,3.0,4.0,2.0,6.0,32.0,0.0
120887,2,活跃潜力用户,0,16.0,1.0,0.0,0.0,4.0,6.0,0.0
120891,1,早期沉睡用户,1,96.0,6.0,1.0,1.0,6.0,21.0,0.0
120900,0,高价值忠诚用户,1,27.0,0.0,7.0,9.0,5.0,13.0,0.0
120910,1,早期沉睡用户,1,14.0,0.0,0.0,2.0,2.0,5.0,1.0
120922,2,活跃潜力用户,0,13.0,1.0,0.0,0.0,6.0,14.0,0.0
120929,0,高价值忠诚用户,0,26.0,1.0,5.0,0.0,3.0,13.0,0.0
120932,0,高价值忠诚用户,0,21.0,1.0,0.0,3.0,6.0,11.0,0.0
120938,2,活跃潜力用户,0,2.0,1.0,0.0,0.0,3.0,3.0,1.0
120939,2,活跃潜力用户,0,7.0,0.0,0.0,0.0,2.0,3.0,0.0
120943,2,活跃潜力用户,0,5.0,0.0,0.0,1.0,2.0,3.0,3.0
12095,0,高价值忠诚用户,0,107.0,2.0,13.0,3.0,4.0,12.0,1.0
120958,1,早期沉睡用户,1,116.0,19.0,1.0,4.0,6.0,41.0,0.0
120959,1,早期沉睡用户,1,37.0,1.0,0.0,1.0,6.0,16.0,0.0
120968,2,活跃潜力用户,0,30.0,0.0,0.0,1.0,5.0,9.0,1.0
120975,0,高价值忠诚用户,1,233.0,1.0,0.0,8.0,6.0,41.0,0.0
120977,1,早期沉睡用户,1,93.0,6.0,15.0,3.0,6.0,44.0,0.0
120986,2,活跃潜力用户,0,1.0,3.0,0.0,0.0,2.0,3.0,0.0
120988,2,活跃潜力用户,0,9.0,2.0,0.0,1.0,4.0,7.0,0.0
12099,2,活跃潜力用户,0,31.0,7.0,0.0,2.0,6.0,22.0,0.0
120993,0,高价值忠诚用户,0,241.0,12.0,18.0,7.0,6.0,31.0,0.0
121,1,早期沉睡用户,1,53.0,0.0,4.0,1.0,4.0,18.0,0.0
121006,2,活跃潜力用户,0,1.0,0.0,0.0,0.0,1.0,1.0,5.0
121018,1,早期沉睡用户,1,121.0,15.0,0.0,2.0,6.0,49.0,0.0
121020,2,活跃潜力用户,1,39.0,3.0,0.0,1.0,3.0,18.0,0.0
121021,0,高价值忠诚用户,0,71.0,5.0,0.0,4.0,4.0,20.0,0.0
121024,2,活跃潜力用户,1,30.0,3.0,0.0,3.0,6.0,19.0,0.0
121025,1,早期沉睡用户,1,79.0,0.0,10.0,4.0,6.0,18.0,0.0
121027,2,活跃潜力用户,0,71.0,3.0,0.0,0.0,6.0,30.0,0.0
121036,1,早期沉睡用户,1,15.0,4.0,0.0,1.0,3.0,16.0,2.0
12104,2,活跃潜力用户,0,23.0,0.0,0.0,1.0,2.0,9.0,0.0
12105,2,活跃潜力用户,0,37.0,6.0,3.0,2.0,6.0,18.0,0.0
121066,2,活跃潜力用户,0,11.0,0.0,0.0,0.0,3.0,8.0,0.0
121069,2,活跃潜力用户,0,4.0,0.0,0.0,0.0,2.0,2.0,2.0
121070,0,高价值忠诚用户,0,33.0,3.0,1.0,5.0,5.0,11.0,0.0
121076,2,活跃潜力用户,0,10.0,0.0,4.0,0.0,4.0,8.0,2.0
121084,1,早期沉睡用户,1,136.0,18.0,1.0,1.0,6.0,36.0,0.0
121085,2,活跃潜力用户,0,83.0,14.0,0.0,2.0,5.0,21.0,0.0
12110,2,活跃潜力用户,0,20.0,1.0,0.0,1.0,4.0,6.0,0.0
121102,2,活跃潜力用户,0,167.0,1.0,6.0,0.0,6.0,61.0,0.0
121111,2,活跃潜力用户,0,11.0,1.0,0.0,1.0,2.0,5.0,0.0
121117,2,活跃潜力用户,0,6.0,0.0,0.0,0.0,2.0,2.0,1.0
12112,2,活跃潜力用户,0,74.0,0.0,3.0,2.0,3.0,20.0,1.0
121122,1,早期沉睡用户,1,6.0,2.0,0.0,1.0,3.0,8.0,1.0
121123,2,活跃潜力用户,0,138.0,0.0,9.0,0.0,6.0,17.0,0.0
121129,2,活跃潜力用户,0,8.0,0.0,0.0,1.0,2.0,5.0,0.0
121131,2,活跃潜力用户,1,60.0,3.0,14.0,2.0,5.0,27.0,0.0
121132,1,早期沉睡用户,1,97.0,3.0,9.0,1.0,6.0,32.0,0.0
121133,2,活跃潜力用户,0,45.0,1.0,0.0,1.0,5.0,10.0,0.0
121136,0,高价值忠诚用户,0,185.0,16.0,1.0,7.0,6.0,39.0,0.0
121137,1,早期沉睡用户,1,62.0,0.0,1.0,2.0,4.0,20.0,0.0
121156,1,早期沉睡用户,1,20.0,0.0,0.0,1.0,3.0,8.0,0.0
12117,2,活跃潜力用户,0,16.0,5.0,0.0,1.0,3.0,5.0,1.0
121172,1,早期沉睡用户,1,39.0,0.0,0.0,2.0,6.0,20.0,0.0
121174,2,活跃潜力用户,0,68.0,5.0,0.0,0.0,4.0,17.0,1.0
121182,2,活跃潜力用户,0,60.0,4.0,0.0,2.0,5.0,20.0,0.0
121189,2,活跃潜力用户,0,52.0,2.0,1.0,0.0,5.0,12.0,0.0
121194,2,活跃潜力用户,1,54.0,10.0,2.0,2.0,2.0,15.0,0.0
121196,0,高价值忠诚用户,0,233.0,24.0,0.0,5.0,6.0,65.0,0.0
121198,2,活跃潜力用户,0,65.0,4.0,0.0,2.0,4.0,11.0,0.0
1212,0,高价值忠诚用户,0,31.0,3.0,0.0,3.0,5.0,18.0,0.0
121204,0,高价值忠诚用户,0,21.0,10.0,0.0,7.0,6.0,17.0,0.0
121206,2,活跃潜力用户,0,95.0,1.0,7.0,1.0,4.0,18.0,1.0
121217,1,早期沉睡用户,1,10.0,1.0,1.0,2.0,3.0,7.0,0.0
121218,2,活跃潜力用户,0,82.0,11.0,1.0,0.0,5.0,10.0,0.0
121219,2,活跃潜力用户,0,10.0,8.0,0.0,0.0,2.0,7.0,0.0
121223,1,早期沉睡用户,1,185.0,5.0,0.0,2.0,6.0,16.0,0.0
12124,2,活跃潜力用户,0,64.0,3.0,1.0,3.0,5.0,18.0,1.0
121249,1,早期沉睡用户,1,19.0,0.0,0.0,1.0,5.0,10.0,0.0
121285,1,早期沉睡用户,1,80.0,5.0,0.0,1.0,5.0,30.0,0.0
121288,0,高价值忠诚用户,0,110.0,7.0,0.0,2.0,6.0,30.0,0.0
121293,1,早期沉睡用户,1,20.0,1.0,3.0,1.0,4.0,12.0,1.0
121321,0,高价值忠诚用户,0,36.0,0.0,0.0,2.0,6.0,14.0,0.0
121322,1,早期沉睡用户,1,159.0,13.0,4.0,2.0,6.0,17.0,0.0
121325,2,活跃潜力用户,0,77.0,3.0,1.0,0.0,6.0,29.0,0.0
12133,2,活跃潜力用户,0,43.0,10.0,0.0,2.0,6.0,21.0,0.0
121330,1,早期沉睡用户,1,54.0,7.0,0.0,3.0,5.0,15.0,1.0
121337,2,活跃潜力用户,0,9.0,0.0,4.0,0.0,4.0,7.0,1.0
121366,1,早期沉睡用户,1,80.0,4.0,17.0,1.0,6.0,41.0,0.0
121373,2,活跃潜力用户,0,10.0,2.0,0.0,1.0,4.0,7.0,1.0
121377,1,早期沉睡用户,1,66.0,0.0,1.0,2.0,5.0,18.0,0.0
121379,0,高价值忠诚用户,0,45.0,24.0,0.0,4.0,6.0,25.0,0.0
121389,0,高价值忠诚用户,0,163.0,5.0,0.0,2.0,5.0,16.0,0.0
121393,2,活跃潜力用户,1,163.0,10.0,0.0,2.0,6.0,51.0,0.0
121417,2,活跃潜力用户,0,63.0,15.0,0.0,3.0,5.0,20.0,0.0
121423,1,早期沉睡用户,1,250.0,14.0,0.0,3.0,6.0,21.0,0.0
121425,2,活跃潜力用户,0,171.0,31.0,0.0,2.0,6.0,48.0,0.0
12143,1,早期沉睡用户,1,82.0,6.0,12.0,4.0,6.0,24.0,0.0
121434,1,早期沉睡用户,1,159.0,0.0,4.0,2.0,5.0,34.0,0.0
121440,2,活跃潜力用户,1,10.0,0.0,0.0,2.0,4.0,6.0,0.0
121445,1,早期沉睡用户,1,72.0,5.0,1.0,2.0,6.0,28.0,0.0
12146,2,活跃潜力用户,0,56.0,5.0,0.0,2.0,6.0,32.0,0.0
121471,0,高价值忠诚用户,0,161.0,14.0,0.0,4.0,5.0,37.0,0.0
121475,1,早期沉睡用户,1,62.0,1.0,0.0,1.0,6.0,24.0,0.0
121479,2,活跃潜力用户,1,30.0,8.0,0.0,3.0,5.0,21.0,0.0
121502,0,高价值忠诚用户,0,27.0,0.0,1.0,2.0,6.0,10.0,0.0
121507,2,活跃潜力用户,0,10.0,1.0,0.0,2.0,3.0,9.0,3.0
12151,1,早期沉睡用户,1,154.0,8.0,1.0,6.0,6.0,29.0,0.0
121510,1,早期沉睡用户,1,37.0,0.0,1.0,1.0,2.0,7.0,0.0
121515,0,高价值忠诚用户,0,20.0,1.0,1.0,3.0,3.0,6.0,0.0
121528,1,早期沉睡用户,1,246.0,17.0,2.0,1.0,6.0,35.0,0.0
121530,1,早期沉睡用户,1,135.0,9.0,0.0,3.0,6.0,46.0,0.0
121531,1,早期沉睡用户,1,42.0,7.0,0.0,1.0,5.0,16.0,1.0
121533,1,早期沉睡用户,1,28.0,2.0,0.0,1.0,6.0,13.0,0.0
121536,2,活跃潜力用户,0,81.0,8.0,0.0,3.0,4.0,30.0,2.0
121538,1,早期沉睡用户,1,35.0,0.0,0.0,1.0,4.0,18.0,0.0
121540,2,活跃潜力用户,0,65.0,11.0,1.0,0.0,4.0,11.0,0.0
121551,2,活跃潜力用户,0,40.0,8.0,1.0,2.0,6.0,16.0,0.0
121563,2,活跃潜力用户,0,11.0,1.0,0.0,0.0,2.0,3.0,1.0
121571,2,活跃潜力用户,0,53.0,1.0,0.0,0.0,6.0,15.0,0.0
121572,1,早期沉睡用户,1,101.0,9.0,28.0,1.0,5.0,31.0,1.0
121575,0,高价值忠诚用户,0,74.0,2.0,2.0,6.0,6.0,32.0,0.0
121584,2,活跃潜力用户,0,75.0,6.0,2.0,3.0,5.0,21.0,0.0
121589,1,早期沉睡用户,1,25.0,19.0,1.0,1.0,3.0,25.0,1.0
121592,1,早期沉睡用户,1,94.0,6.0,1.0,1.0,6.0,18.0,0.0
121601,2,活跃潜力用户,0,9.0,1.0,0.0,1.0,4.0,7.0,0.0
121605,2,活跃潜力用户,0,14.0,0.0,0.0,0.0,4.0,7.0,0.0
121613,0,高价值忠诚用户,0,21.0,3.0,2.0,4.0,6.0,19.0,0.0
12163,2,活跃潜力用户,0,121.0,4.0,4.0,0.0,5.0,29.0,0.0
121637,2,活跃潜力用户,0,168.0,0.0,0.0,2.0,5.0,49.0,0.0
121669,2,活跃潜力用户,0,2.0,1.0,1.0,0.0,2.0,2.0,0.0
121684,2,活跃潜力用户,0,17.0,4.0,0.0,0.0,3.0,12.0,0.0
12169,1,早期沉睡用户,1,67.0,3.0,0.0,3.0,5.0,13.0,0.0
121705,0,高价值忠诚用户,1,64.0,2.0,1.0,6.0,6.0,15.0,0.0
121711,1,早期沉睡用户,1,130.0,6.0,0.0,2.0,6.0,28.0,0.0
121724,0,高价值忠诚用户,0,30.0,5.0,0.0,7.0,4.0,15.0,0.0
121741,0,高价值忠诚用户,0,17.0,8.0,0.0,0.0,3.0,7.0,1.0
121747,0,高价值忠诚用户,1,16.0,0.0,3.0,8.0,6.0,10.0,0.0
121757,0,高价值忠诚用户,1,43.0,15.0,0.0,11.0,6.0,22.0,0.0
121766,1,早期沉睡用户,1,26.0,4.0,0.0,1.0,3.0,13.0,0.0
121773,1,早期沉睡用户,1,107.0,8.0,14.0,3.0,5.0,42.0,0.0
121777,2,活跃潜力用户,1,28.0,5.0,1.0,3.0,5.0,20.0,0.0
12178,1,早期沉睡用户,1,68.0,4.0,1.0,1.0,6.0,26.0,0.0
121789,0,高价值忠诚用户,0,38.0,5.0,1.0,10.0,5.0,28.0,0.0
121798,2,活跃潜力用户,0,3.0,0.0,0.0,1.0,3.0,4.0,2.0
12180,2,活跃潜力用户,0,12.0,2.0,0.0,0.0,5.0,9.0,1.0
121801,2,活跃潜力用户,0,56.0,0.0,1.0,3.0,6.0,12.0,0.0
121808,2,活跃潜力用户,0,103.0,12.0,0.0,0.0,6.0,28.0,0.0
121810,2,活跃潜力用户,1,52.0,14.0,0.0,2.0,6.0,22.0,0.0
121820,2,活跃潜力用户,1,158.0,4.0,0.0,2.0,6.0,36.0,0.0
121824,2,活跃潜力用户,0,52.0,10.0,0.0,2.0,4.0,21.0,0.0
121837,2,活跃潜力用户,0,46.0,7.0,0.0,0.0,5.0,21.0,0.0
121843,2,活跃潜力用户,0,69.0,1.0,0.0,0.0,3.0,13.0,0.0
121849,1,早期沉睡用户,1,21.0,1.0,0.0,1.0,5.0,8.0,0.0
121853,1,早期沉睡用户,1,42.0,0.0,10.0,3.0,6.0,29.0,0.0
121854,0,高价值忠诚用户,0,122.0,16.0,0.0,4.0,6.0,28.0,0.0
121858,2,活跃潜力用户,0,82.0,1.0,9.0,3.0,6.0,31.0,0.0
12186,2,活跃潜力用户,0,147.0,16.0,0.0,3.0,6.0,39.0,0.0
121868,1,早期沉睡用户,1,6.0,4.0,0.0,1.0,2.0,6.0,2.0
121877,0,高价值忠诚用户,0,105.0,30.0,4.0,3.0,6.0,33.0,0.0
121881,1,早期沉睡用户,1,5.0,0.0,0.0,3.0,2.0,3.0,3.0
121890,0,高价值忠诚用户,0,28.0,1.0,0.0,6.0,4.0,11.0,0.0
121895,1,早期沉睡用户,1,51.0,3.0,0.0,1.0,6.0,32.0,0.0
121899,1,早期沉睡用户,1,22.0,0.0,1.0,1.0,3.0,6.0,1.0
121910,0,高价值忠诚用户,0,115.0,0.0,6.0,4.0,6.0,15.0,0.0
121924,0,高价值忠诚用户,0,59.0,4.0,0.0,4.0,5.0,16.0,1.0
121929,1,早期沉睡用户,1,51.0,5.0,0.0,1.0,5.0,19.0,0.0
121935,1,早期沉睡用户,1,137.0,0.0,0.0,1.0,6.0,38.0,0.0
121937,0,高价值忠诚用户,0,30.0,3.0,0.0,5.0,2.0,9.0,0.0
121938,0,高价值忠诚用户,0,46.0,6.0,0.0,4.0,4.0,14.0,0.0
121941,0,高价值忠诚用户,0,168.0,11.0,4.0,4.0,6.0,34.0,0.0
121948,2,活跃潜力用户,0,38.0,5.0,0.0,3.0,2.0,13.0,1.0
121955,2,活跃潜力用户,1,69.0,1.0,0.0,2.0,6.0,20.0,0.0
121968,1,早期沉睡用户,1,19.0,2.0,0.0,1.0,4.0,13.0,1.0
12197,1,早期沉睡用户,1,79.0,0.0,3.0,1.0,4.0,16.0,1.0
121970,1,早期沉睡用户,1,78.0,13.0,0.0,4.0,5.0,29.0,1.0
121974,2,活跃潜力用户,0,49.0,1.0,2.0,1.0,5.0,7.0,0.0
121975,2,活跃潜力用户,0,67.0,3.0,0.0,2.0,5.0,29.0,0.0
121985,2,活跃潜力用户,0,28.0,8.0,9.0,1.0,5.0,17.0,0.0
121986,2,活跃潜力用户,0,68.0,7.0,0.0,3.0,6.0,40.0,0.0
121993,1,早期沉睡用户,1,22.0,3.0,0.0,1.0,4.0,12.0,1.0
121996,2,活跃潜力用户,0,11.0,4.0,0.0,1.0,3.0,7.0,0.0
122,2,活跃潜力用户,0,65.0,2.0,7.0,2.0,5.0,26.0,0.0
122004,2,活跃潜力用户,0,2.0,0.0,0.0,0.0,1.0,1.0,1.0
122005,2,活跃潜力用户,0,65.0,1.0,0.0,0.0,4.0,15.0,1.0
12202,2,活跃潜力用户,0,17.0,0.0,0.0,1.0,5.0,11.0,0.0
122020,2,活跃潜力用户,0,53.0,5.0,0.0,0.0,5.0,16.0,0.0
122033,2,活跃潜力用户,0,30.0,2.0,0.0,1.0,6.0,11.0,0.0
12204,2,活跃潜力用户,0,18.0,0.0,0.0,0.0,4.0,10.0,1.0
122046,2,活跃潜力用户,0,54.0,7.0,5.0,2.0,6.0,22.0,0.0
122066,2,活跃潜力用户,1,86.0,1.0,0.0,4.0,6.0,33.0,0.0
122074,1,早期沉睡用户,1,183.0,2.0,0.0,5.0,5.0,28.0,0.0
122077,1,早期沉睡用户,1,44.0,2.0,1.0,1.0,4.0,17.0,0.0
122083,2,活跃潜力用户,0,109.0,2.0,8.0,4.0,5.0,37.0,0.0
122091,2,活跃潜力用户,0,31.0,4.0,0.0,1.0,4.0,12.0,0.0
122103,1,早期沉睡用户,1,53.0,1.0,3.0,1.0,6.0,25.0,0.0
122105,2,活跃潜力用户,0,48.0,8.0,0.0,3.0,5.0,27.0,0.0
122115,2,活跃潜力用户,0,58.0,8.0,0.0,0.0,3.0,16.0,0.0
122125,1,早期沉睡用户,1,23.0,0.0,0.0,1.0,3.0,5.0,0.0
12213,2,活跃潜力用户,0,4.0,0.0,0.0,0.0,2.0,4.0,1.0
122133,2,活跃潜力用户,1,76.0,0.0,7.0,1.0,4.0,14.0,0.0
122162,2,活跃潜力用户,0,29.0,4.0,0.0,0.0,5.0,15.0,1.0
122170,2,活跃潜力用户,0,53.0,5.0,4.0,3.0,4.0,17.0,0.0
122172,1,早期沉睡用户,1,33.0,1.0,0.0,2.0,3.0,11.0,0.0
122177,2,活跃潜力用户,0,146.0,1.0,24.0,2.0,4.0,33.0,0.0
12218,1,早期沉睡用户,1,28.0,1.0,0.0,1.0,6.0,11.0,0.0
122193,1,早期沉睡用户,1,55.0,0.0,2.0,1.0,3.0,8.0,0.0
122201,2,活跃潜力用户,1,5.0,1.0,0.0,1.0,3.0,3.0,0.0
122211,1,早期沉睡用户,1,11.0,1.0,0.0,1.0,4.0,8.0,1.0
122214,2,活跃潜力用户,0,27.0,5.0,0.0,2.0,5.0,10.0,0.0
122228,2,活跃潜力用户,0,55.0,3.0,0.0,1.0,5.0,20.0,0.0
122232,2,活跃潜力用户,0,165.0,7.0,0.0,3.0,6.0,29.0,0.0
122253,2,活跃潜力用户,0,89.0,5.0,0.0,3.0,6.0,21.0,0.0
122264,2,活跃潜力用户,0,90.0,3.0,0.0,1.0,5.0,8.0,0.0
122265,2,活跃潜力用户,0,48.0,4.0,0.0,2.0,5.0,28.0,0.0
122272,0,高价值忠诚用户,0,32.0,6.0,2.0,0.0,4.0,12.0,0.0
122276,2,活跃潜力用户,0,28.0,0.0,2.0,0.0,3.0,2.0,0.0
122277,0,高价值忠诚用户,0,32.0,2.0,0.0,0.0,4.0,11.0,0.0
122286,0,高价值忠诚用户,0,70.0,2.0,0.0,11.0,6.0,39.0,0.0
122292,1,早期沉睡用户,1,59.0,0.0,4.0,3.0,6.0,24.0,0.0
122293,0,高价值忠诚用户,1,127.0,12.0,1.0,5.0,6.0,47.0,0.0
122294,2,活跃潜力用户,0,1.0,0.0,0.0,0.0,1.0,1.0,1.0
12230,2,活跃潜力用户,0,29.0,0.0,0.0,1.0,2.0,23.0,1.0
122308,2,活跃潜力用户,0,76.0,3.0,0.0,2.0,6.0,28.0,0.0
122309,2,活跃潜力用户,0,39.0,2.0,0.0,1.0,6.0,10.0,0.0
122311,2,活跃潜力用户,0,36.0,0.0,0.0,0.0,5.0,16.0,0.0
122323,1,早期沉睡用户,1,26.0,1.0,0.0,2.0,5.0,10.0,0.0
122333,2,活跃潜力用户,0,240.0,0.0,17.0,1.0,4.0,22.0,0.0
122335,1,早期沉睡用户,1,12.0,1.0,0.0,1.0,2.0,3.0,2.0
122338,2,活跃潜力用户,1,23.0,1.0,0.0,2.0,5.0,19.0,0.0
122341,1,早期沉睡用户,1,22.0,2.0,0.0,4.0,4.0,14.0,1.0
122342,1,早期沉睡用户,1,39.0,0.0,2.0,1.0,5.0,21.0,0.0
122346,1,早期沉睡用户,1,2.0,0.0,0.0,1.0,3.0,2.0,2.0
122369,0,高价值忠诚用户,0,143.0,2.0,10.0,5.0,6.0,38.0,0.0
122373,2,活跃潜力用户,0,28.0,1.0,1.0,0.0,5.0,21.0,0.0
122379,0,高价值忠诚用户,0,24.0,0.0,0.0,1.0,2.0,10.0,0.0
122383,0,高价值忠诚用户,0,59.0,6.0,12.0,7.0,6.0,30.0,0.0
122387,0,高价值忠诚用户,0,33.0,0.0,0.0,3.0,5.0,15.0,0.0
122389,2,活跃潜力用户,0,204.0,3.0,2.0,0.0,6.0,55.0,0.0
122393,0,高价值忠诚用户,0,167.0,17.0,0.0,7.0,6.0,66.0,0.0
122395,2,活跃潜力用户,0,17.0,3.0,1.0,1.0,5.0,12.0,0.0
122397,1,早期沉睡用户,1,114.0,2.0,20.0,3.0,6.0,23.0,0.0
122403,2,活跃潜力用户,0,36.0,1.0,2.0,3.0,6.0,11.0,0.0
122405,1,早期沉睡用户,1,106.0,1.0,17.0,1.0,6.0,32.0,0.0
122410,0,高价值忠诚用户,0,46.0,8.0,0.0,10.0,6.0,25.0,0.0
122413,0,高价值忠诚用户,0,55.0,18.0,0.0,0.0,5.0,38.0,0.0
122423,0,高价值忠诚用户,0,164.0,20.0,0.0,8.0,5.0,55.0,1.0
122433,1,早期沉睡用户,1,157.0,2.0,33.0,2.0,6.0,61.0,0.0
122446,2,活跃潜力用户,0,12.0,1.0,0.0,0.0,2.0,8.0,1.0
122448,2,活跃潜力用户,0,50.0,1.0,0.0,1.0,5.0,20.0,0.0
122470,1,早期沉睡用户,1,87.0,0.0,0.0,1.0,6.0,25.0,0.0
122471,2,活跃潜力用户,0,47.0,4.0,0.0,3.0,6.0,17.0,0.0
122477,1,早期沉睡用户,1,98.0,3.0,0.0,1.0,5.0,35.0,0.0
122485,2,活跃潜力用户,0,1.0,2.0,0.0,0.0,1.0,1.0,4.0
122492,2,活跃潜力用户,0,8.0,4.0,0.0,1.0,4.0,6.0,1.0
122497,0,高价值忠诚用户,0,27.0,10.0,0.0,7.0,6.0,21.0,0.0
122501,2,活跃潜力用户,1,33.0,6.0,0.0,3.0,5.0,16.0,0.0
122502,1,早期沉睡用户,1,45.0,4.0,0.0,1.0,5.0,12.0,1.0
122503,2,活跃潜力用户,0,84.0,13.0,0.0,0.0,6.0,20.0,0.0
122504,3,超级用户,0,37.0,0.0,0.0,53.0,6.0,59.0,0.0
122512,2,活跃潜力用户,0,18.0,0.0,0.0,0.0,5.0,6.0,0.0
122523,2,活跃潜力用户,0,6.0,0.0,1.0,1.0,3.0,5.0,0.0
122544,2,活跃潜力用户,1,0.0,0.0,2.0,1.0,2.0,2.0,0.0
122545,1,早期沉睡用户,1,19.0,0.0,3.0,1.0,4.0,5.0,0.0
12255,1,早期沉睡用户,1,10.0,0.0,0.0,1.0,4.0,6.0,0.0
122557,2,活跃潜力用户,0,35.0,1.0,1.0,0.0,5.0,18.0,0.0
122558,0,高价值忠诚用户,0,82.0,2.0,3.0,0.0,4.0,16.0,0.0
122560,1,早期沉睡用户,1,26.0,1.0,0.0,1.0,4.0,9.0,1.0
122563,0,高价值忠诚用户,0,147.0,12.0,0.0,4.0,6.0,22.0,0.0
122573,2,活跃潜力用户,0,33.0,0.0,5.0,0.0,5.0,15.0,0.0
122574,2,活跃潜力用户,0,4.0,0.0,0.0,0.0,1.0,2.0,3.0
122578,0,高价值忠诚用户,0,0.0,1.0,1.0,5.0,2.0,6.0,0.0
122604,1,早期沉睡用户,1,56.0,7.0,0.0,1.0,6.0,12.0,0.0
122607,2,活跃潜力用户,0,12.0,2.0,1.0,2.0,4.0,3.0,0.0
12261,0,高价值忠诚用户,1,198.0,47.0,2.0,7.0,6.0,49.0,0.0
122616,0,高价值忠诚用户,0,79.0,8.0,0.0,4.0,4.0,17.0,1.0
122619,2,活跃潜力用户,0,41.0,1.0,0.0,0.0,3.0,5.0,1.0
122634,2,活跃潜力用户,0,70.0,2.0,0.0,1.0,3.0,18.0,1.0
122642,2,活跃潜力用户,0,6.0,0.0,0.0,0.0,2.0,5.0,3.0
12265,2,活跃潜力用户,0,110.0,10.0,0.0,2.0,6.0,34.0,0.0
122655,1,早期沉睡用户,1,60.0,2.0,3.0,4.0,6.0,32.0,0.0
122657,1,早期沉睡用户,1,78.0,5.0,0.0,2.0,5.0,43.0,0.0
122664,2,活跃潜力用户,0,78.0,7.0,0.0,2.0,5.0,19.0,0.0
122667,2,活跃潜力用户,1,45.0,5.0,0.0,1.0,6.0,16.0,0.0
122670,2,活跃潜力用户,0,38.0,0.0,0.0,1.0,6.0,23.0,0.0
12268,2,活跃潜力用户,0,13.0,0.0,0.0,0.0,4.0,10.0,0.0
122689,2,活跃潜力用户,0,168.0,2.0,4.0,0.0,6.0,36.0,0.0
122691,1,早期沉睡用户,1,71.0,2.0,0.0,3.0,4.0,7.0,0.0
122693,0,高价值忠诚用户,0,14.0,0.0,0.0,2.0,5.0,9.0,0.0
122706,2,活跃潜力用户,0,32.0,4.0,0.0,0.0,3.0,4.0,0.0
122723,2,活跃潜力用户,0,38.0,0.0,0.0,0.0,4.0,16.0,0.0
122729,1,早期沉睡用户,1,37.0,4.0,0.0,1.0,5.0,11.0,0.0
122735,2,活跃潜力用户,0,39.0,1.0,1.0,1.0,5.0,11.0,0.0
12274,2,活跃潜力用户,0,18.0,0.0,0.0,2.0,3.0,9.0,3.0
122771,1,早期沉睡用户,1,66.0,14.0,0.0,4.0,6.0,33.0,0.0
122774,2,活跃潜力用户,0,5.0,1.0,0.0,1.0,2.0,6.0,1.0
122782,0,高价值忠诚用户,0,73.0,24.0,3.0,5.0,5.0,22.0,0.0
122784,1,早期沉睡用户,1,47.0,3.0,0.0,2.0,4.0,12.0,0.0
122801,2,活跃潜力用户,0,6.0,0.0,16.0,1.0,3.0,15.0,2.0
122824,2,活跃潜力用户,0,38.0,1.0,5.0,1.0,5.0,17.0,0.0
122829,2,活跃潜力用户,0,180.0,7.0,27.0,0.0,6.0,45.0,0.0
12283,2,活跃潜力用户,0,24.0,2.0,0.0,0.0,4.0,11.0,0.0
122842,2,活跃潜力用户,0,32.0,3.0,0.0,0.0,2.0,4.0,0.0
122852,0,高价值忠诚用户,0,128.0,4.0,16.0,9.0,6.0,47.0,0.0
122853,0,高价值忠诚用户,0,3.0,3.0,0.0,0.0,3.0,4.0,0.0
122855,2,活跃潜力用户,0,79.0,3.0,0.0,0.0,6.0,33.0,0.0
122860,2,活跃潜力用户,0,11.0,1.0,0.0,0.0,3.0,9.0,1.0
122862,2,活跃潜力用户,0,18.0,0.0,0.0,0.0,2.0,5.0,1.0
122864,2,活跃潜力用户,0,94.0,8.0,1.0,2.0,6.0,45.0,0.0
122869,2,活跃潜力用户,0,0.0,2.0,0.0,0.0,1.0,1.0,0.0
122871,0,高价值忠诚用户,0,50.0,1.0,0.0,6.0,2.0,14.0,0.0
122874,2,活跃潜力用户,1,2.0,0.0,0.0,3.0,3.0,4.0,0.0
12289,0,高价值忠诚用户,0,43.0,0.0,0.0,6.0,4.0,19.0,0.0
122893,2,活跃潜力用户,0,43.0,4.0,0.0,0.0,3.0,10.0,0.0
122896,2,活跃潜力用户,0,40.0,4.0,0.0,1.0,6.0,18.0,0.0
122901,2,活跃潜力用户,0,68.0,8.0,0.0,0.0,6.0,35.0,0.0
122905,1,早期沉睡用户,1,16.0,4.0,0.0,1.0,5.0,11.0,0.0
122910,2,活跃潜力用户,0,76.0,6.0,1.0,2.0,5.0,11.0,1.0
122911,2,活跃潜力用户,0,38.0,1.0,11.0,3.0,5.0,14.0,1.0
122917,2,活跃潜力用户,0,66.0,7.0,1.0,0.0,5.0,35.0,0.0
122919,0,高价值忠诚用户,0,228.0,9.0,1.0,9.0,6.0,44.0,0.0
122926,2,活跃潜力用户,0,8.0,0.0,0.0,0.0,3.0,5.0,2.0
122929,2,活跃潜力用户,0,12.0,0.0,0.0,0.0,2.0,6.0,2.0
122935,2,活跃潜力用户,0,13.0,0.0,0.0,0.0,3.0,7.0,2.0
122939,2,活跃潜力用户,0,48.0,0.0,7.0,0.0,2.0,8.0,3.0
12295,2,活跃潜力用户,0,148.0,0.0,13.0,1.0,3.0,34.0,0.0
122953,1,早期沉睡用户,1,1.0,12.0,0.0,1.0,5.0,10.0,0.0
122958,2,活跃潜力用户,0,34.0,0.0,0.0,0.0,2.0,19.0,0.0
122976,2,活跃潜力用户,0,37.0,1.0,0.0,0.0,5.0,24.0,0.0
12298,1,早期沉睡用户,1,77.0,0.0,0.0,1.0,5.0,25.0,0.0
122981,2,活跃潜力用户,0,74.0,15.0,2.0,0.0,2.0,13.0,4.0
122985,2,活跃潜力用户,0,4.0,3.0,0.0,0.0,2.0,3.0,2.0
122993,1,早期沉睡用户,1,6.0,1.0,0.0,2.0,4.0,5.0,1.0
123000,1,早期沉睡用户,1,38.0,3.0,0.0,4.0,5.0,12.0,0.0
123003,2,活跃潜力用户,0,22.0,5.0,0.0,0.0,2.0,6.0,1.0
123014,2,活跃潜力用户,0,31.0,2.0,1.0,1.0,5.0,10.0,0.0
123020,2,活跃潜力用户,0,10.0,1.0,0.0,1.0,3.0,5.0,3.0
123028,2,活跃潜力用户,0,25.0,5.0,0.0,0.0,3.0,10.0,1.0
123035,2,活跃潜力用户,0,18.0,0.0,0.0,1.0,3.0,10.0,0.0
123036,1,早期沉睡用户,1,67.0,0.0,15.0,2.0,6.0,23.0,0.0
123041,1,早期沉睡用户,1,11.0,0.0,1.0,1.0,1.0,3.0,4.0
123057,2,活跃潜力用户,0,150.0,1.0,0.0,2.0,5.0,40.0,0.0
123063,1,早期沉睡用户,1,40.0,1.0,0.0,2.0,2.0,11.0,2.0
123064,2,活跃潜力用户,0,24.0,2.0,2.0,0.0,5.0,15.0,0.0
123076,2,活跃潜力用户,0,58.0,3.0,0.0,1.0,4.0,8.0,0.0
12308,2,活跃潜力用户,0,27.0,0.0,2.0,1.0,4.0,11.0,0.0
123081,2,活跃潜力用户,1,37.0,16.0,0.0,2.0,4.0,25.0,0.0
123084,0,高价值忠诚用户,1,111.0,6.0,1.0,5.0,6.0,20.0,0.0
123087,2,活跃潜力用户,1,76.0,0.0,2.0,1.0,6.0,26.0,0.0
123090,1,早期沉睡用户,1,140.0,15.0,0.0,5.0,6.0,49.0,0.0
123094,2,活跃潜力用户,0,191.0,7.0,0.0,0.0,5.0,42.0,0.0
123102,2,活跃潜力用户,0,68.0,4.0,0.0,2.0,6.0,29.0,0.0
123103,1,早期沉睡用户,1,87.0,1.0,1.0,1.0,6.0,22.0,0.0
123108,1,早期沉睡用户,1,103.0,14.0,0.0,2.0,6.0,19.0,0.0
123109,2,活跃潜力用户,0,133.0,15.0,0.0,3.0,6.0,23.0,0.0
123111,1,早期沉睡用户,1,28.0,0.0,0.0,5.0,4.0,10.0,0.0
123118,2,活跃潜力用户,0,16.0,3.0,0.0,0.0,4.0,14.0,0.0
123123,1,早期沉睡用户,1,20.0,2.0,2.0,1.0,4.0,11.0,1.0
123131,2,活跃潜力用户,1,49.0,0.0,5.0,1.0,3.0,14.0,0.0
123132,2,活跃潜力用户,0,161.0,31.0,1.0,2.0,6.0,58.0,0.0
123134,2,活跃潜力用户,0,30.0,1.0,7.0,1.0,5.0,15.0,1.0
123145,1,早期沉睡用户,1,18.0,2.0,4.0,1.0,5.0,10.0,0.0
123150,2,活跃潜力用户,0,22.0,0.0,0.0,0.0,3.0,16.0,0.0
123151,1,早期沉睡用户,1,52.0,0.0,7.0,1.0,3.0,24.0,0.0
123156,2,活跃潜力用户,1,130.0,0.0,6.0,3.0,6.0,18.0,0.0
123170,2,活跃潜力用户,1,62.0,1.0,0.0,1.0,2.0,16.0,0.0
123172,1,早期沉睡用户,1,50.0,6.0,0.0,2.0,6.0,22.0,0.0
123177,1,早期沉睡用户,1,143.0,14.0,0.0,1.0,6.0,41.0,0.0
123178,2,活跃潜力用户,0,8.0,0.0,0.0,0.0,2.0,4.0,2.0
123192,2,活跃潜力用户,0,16.0,1.0,0.0,0.0,4.0,2.0,1.0
123194,0,高价值忠诚用户,0,95.0,25.0,1.0,6.0,6.0,33.0,0.0
123209,1,早期沉睡用户,1,13.0,0.0,0.0,2.0,6.0,12.0,0.0
123213,1,早期沉睡用户,1,54.0,7.0,0.0,2.0,5.0,22.0,0.0
123217,1,早期沉睡用户,1,106.0,15.0,0.0,1.0,5.0,33.0,0.0
12322,0,高价值忠诚用户,0,22.0,0.0,0.0,6.0,5.0,16.0,0.0
123222,2,活跃潜力用户,0,235.0,12.0,26.0,1.0,6.0,39.0,0.0
123241,2,活跃潜力用户,0,34.0,2.0,0.0,1.0,4.0,16.0,0.0
123242,0,高价值忠诚用户,0,101.0,3.0,0.0,7.0,6.0,42.0,0.0
123243,1,早期沉睡用户,1,15.0,0.0,1.0,1.0,4.0,8.0,0.0
123245,2,活跃潜力用户,1,98.0,13.0,2.0,4.0,6.0,28.0,0.0
123246,2,活跃潜力用户,1,54.0,4.0,0.0,3.0,6.0,17.0,0.0
12325,1,早期沉睡用户,1,11.0,0.0,0.0,1.0,6.0,9.0,0.0
123252,0,高价值忠诚用户,0,31.0,5.0,0.0,5.0,6.0,20.0,0.0
123256,2,活跃潜力用户,0,2.0,0.0,0.0,2.0,1.0,2.0,1.0
123264,0,高价值忠诚用户,0,101.0,3.0,4.0,4.0,6.0,22.0,0.0
123272,2,活跃潜力用户,1,15.0,1.0,0.0,2.0,6.0,13.0,0.0
123275,1,早期沉睡用户,1,142.0,16.0,0.0,1.0,6.0,40.0,0.0
123286,0,高价值忠诚用户,0,58.0,5.0,0.0,4.0,3.0,13.0,0.0
123301,1,早期沉睡用户,1,46.0,5.0,0.0,4.0,5.0,10.0,0.0
123302,1,早期沉睡用户,1,182.0,7.0,0.0,2.0,5.0,13.0,0.0
123304,2,活跃潜力用户,0,58.0,6.0,1.0,0.0,6.0,14.0,0.0
123312,2,活跃潜力用户,0,29.0,1.0,3.0,2.0,5.0,13.0,1.0
123313,2,活跃潜力用户,0,37.0,4.0,0.0,1.0,3.0,20.0,1.0
123314,2,活跃潜力用户,0,19.0,0.0,0.0,0.0,3.0,11.0,0.0
123316,2,活跃潜力用户,0,9.0,0.0,1.0,0.0,3.0,7.0,0.0
123317,2,活跃潜力用户,0,28.0,2.0,0.0,3.0,6.0,19.0,0.0
123325,2,活跃潜力用户,1,8.0,3.0,0.0,2.0,4.0,9.0,0.0
12333,2,活跃潜力用户,1,63.0,1.0,11.0,3.0,6.0,26.0,0.0
123340,2,活跃潜力用户,0,12.0,0.0,0.0,1.0,4.0,6.0,0.0
123344,0,高价值忠诚用户,0,41.0,5.0,1.0,5.0,5.0,25.0,0.0
123347,1,早期沉睡用户,1,63.0,3.0,0.0,1.0,5.0,12.0,0.0
123348,0,高价值忠诚用户,0,14.0,0.0,1.0,1.0,4.0,10.0,0.0
123350,2,活跃潜力用户,0,3.0,0.0,0.0,0.0,1.0,1.0,0.0
123374,2,活跃潜力用户,0,30.0,4.0,0.0,0.0,5.0,20.0,0.0
123388,1,早期沉睡用户,1,52.0,7.0,1.0,2.0,6.0,35.0,0.0
123389,2,活跃潜力用户,0,22.0,6.0,0.0,0.0,6.0,12.0,0.0
1234,0,高价值忠诚用户,1,110.0,8.0,0.0,12.0,4.0,27.0,2.0
123400,1,早期沉睡用户,1,42.0,5.0,0.0,1.0,6.0,24.0,0.0
123403,2,活跃潜力用户,0,141.0,1.0,13.0,0.0,4.0,39.0,0.0
123407,1,早期沉睡用户,1,14.0,0.0,0.0,1.0,4.0,9.0,2.0
123433,1,早期沉睡用户,1,63.0,8.0,0.0,3.0,6.0,28.0,0.0
123447,1,早期沉睡用户,1,36.0,0.0,0.0,1.0,2.0,19.0,4.0
123473,1,早期沉睡用户,1,121.0,1.0,0.0,1.0,6.0,31.0,0.0
123493,1,早期沉睡用户,1,84.0,2.0,0.0,3.0,6.0,15.0,0.0
12350,2,活跃潜力用户,0,4.0,1.0,0.0,1.0,2.0,3.0,3.0
123505,1,早期沉睡用户,1,9.0,2.0,0.0,2.0,5.0,6.0,0.0
12351,0,高价值忠诚用户,0,1.0,0.0,0.0,0.0,1.0,1.0,4.0
123519,2,活跃潜力用户,0,24.0,0.0,4.0,1.0,4.0,12.0,0.0
123520,2,活跃潜力用户,0,5.0,2.0,0.0,3.0,3.0,6.0,1.0
123521,1,早期沉睡用户,1,45.0,0.0,1.0,2.0,5.0,26.0,0.0
123522,1,早期沉睡用户,1,6.0,2.0,0.0,2.0,5.0,7.0,0.0
123525,2,活跃潜力用户,0,140.0,7.0,0.0,1.0,4.0,25.0,0.0
123530,2,活跃潜力用户,0,86.0,7.0,1.0,1.0,5.0,12.0,0.0
123539,2,活跃潜力用户,0,53.0,14.0,0.0,3.0,6.0,25.0,0.0
123541,1,早期沉睡用户,1,90.0,5.0,2.0,4.0,6.0,23.0,0.0
123543,2,活跃潜力用户,0,29.0,22.0,4.0,4.0,3.0,21.0,2.0
123545,2,活跃潜力用户,0,24.0,6.0,4.0,0.0,6.0,22.0,0.0
123553,2,活跃潜力用户,0,98.0,3.0,9.0,0.0,6.0,25.0,0.0
12356,2,活跃潜力用户,0,14.0,0.0,0.0,1.0,4.0,7.0,0.0
123563,0,高价值忠诚用户,0,5.0,0.0,0.0,4.0,4.0,9.0,1.0
123565,2,活跃潜力用户,0,34.0,0.0,5.0,0.0,3.0,16.0,0.0
123570,1,早期沉睡用户,1,18.0,1.0,0.0,1.0,4.0,7.0,0.0
123579,2,活跃潜力用户,0,36.0,9.0,0.0,1.0,5.0,13.0,0.0
123584,1,早期沉睡用户,1,36.0,4.0,2.0,2.0,6.0,23.0,0.0
123585,0,高价值忠诚用户,1,127.0,13.0,9.0,7.0,5.0,38.0,0.0
12360,2,活跃潜力用户,0,44.0,0.0,0.0,0.0,4.0,27.0,1.0
123603,1,早期沉睡用户,1,59.0,7.0,0.0,1.0,6.0,23.0,0.0
123608,0,高价值忠诚用户,0,142.0,0.0,18.0,4.0,5.0,29.0,1.0
123611,2,活跃潜力用户,0,58.0,14.0,0.0,0.0,6.0,32.0,0.0
123632,1,早期沉睡用户,1,4.0,0.0,0.0,2.0,2.0,4.0,3.0
123635,2,活跃潜力用户,0,45.0,5.0,0.0,2.0,5.0,13.0,0.0
123657,1,早期沉睡用户,1,49.0,3.0,0.0,1.0,4.0,22.0,0.0
123669,2,活跃潜力用户,0,50.0,4.0,0.0,1.0,6.0,28.0,0.0
123672,0,高价值忠诚用户,0,36.0,4.0,0.0,3.0,6.0,19.0,0.0
123694,2,活跃潜力用户,0,62.0,4.0,3.0,3.0,5.0,15.0,1.0
123706,1,早期沉睡用户,1,18.0,0.0,0.0,2.0,4.0,11.0,1.0
123714,0,高价值忠诚用户,0,43.0,3.0,7.0,4.0,5.0,17.0,1.0
12373,1,早期沉睡用户,1,23.0,7.0,0.0,2.0,4.0,9.0,1.0
123748,1,早期沉睡用户,1,76.0,5.0,10.0,2.0,6.0,36.0,0.0
12375,2,活跃潜力用户,0,28.0,1.0,0.0,1.0,5.0,15.0,0.0
123755,0,高价值忠诚用户,0,91.0,9.0,0.0,15.0,6.0,35.0,0.0
123756,2,活跃潜力用户,0,13.0,2.0,0.0,0.0,4.0,9.0,1.0
123757,2,活跃潜力用户,0,12.0,2.0,0.0,0.0,3.0,4.0,1.0
123762,0,高价值忠诚用户,0,107.0,1.0,0.0,4.0,6.0,31.0,0.0
123771,1,早期沉睡用户,1,111.0,5.0,15.0,3.0,3.0,19.0,1.0
123772,1,早期沉睡用户,1,71.0,11.0,0.0,1.0,6.0,19.0,0.0
12378,2,活跃潜力用户,0,11.0,0.0,0.0,2.0,3.0,5.0,1.0
123780,2,活跃潜力用户,0,21.0,5.0,0.0,0.0,2.0,7.0,0.0
123793,1,早期沉睡用户,1,42.0,1.0,0.0,3.0,4.0,16.0,2.0
123798,1,早期沉睡用户,1,45.0,0.0,26.0,1.0,5.0,25.0,0.0
123803,2,活跃潜力用户,0,10.0,0.0,7.0,2.0,1.0,6.0,0.0
123809,2,活跃潜力用户,0,21.0,5.0,0.0,2.0,5.0,15.0,1.0
123812,0,高价值忠诚用户,1,75.0,0.0,5.0,10.0,6.0,27.0,0.0
12384,2,活跃潜力用户,0,1.0,0.0,0.0,0.0,1.0,1.0,4.0
123841,2,活跃潜力用户,1,149.0,4.0,1.0,1.0,4.0,27.0,0.0
123866,2,活跃潜力用户,0,35.0,0.0,0.0,2.0,5.0,7.0,0.0
12387,2,活跃潜力用户,0,15.0,1.0,0.0,0.0,1.0,4.0,5.0
123871,2,活跃潜力用户,0,9.0,0.0,2.0,0.0,2.0,3.0,0.0
123887,2,活跃潜力用户,0,47.0,1.0,7.0,2.0,6.0,9.0,0.0
123888,2,活跃潜力用户,0,183.0,4.0,0.0,1.0,5.0,35.0,0.0
12389,2,活跃潜力用户,0,309.0,8.0,0.0,1.0,6.0,80.0,0.0
123892,0,高价值忠诚用户,0,164.0,12.0,0.0,2.0,6.0,35.0,0.0
123897,2,活跃潜力用户,0,13.0,3.0,0.0,1.0,4.0,5.0,0.0
123898,2,活跃潜力用户,0,1.0,0.0,0.0,0.0,1.0,1.0,1.0
123905,2,活跃潜力用户,0,48.0,3.0,0.0,1.0,5.0,21.0,0.0
123921,2,活跃潜力用户,0,7.0,0.0,0.0,1.0,3.0,4.0,1.0
123922,1,早期沉睡用户,1,175.0,2.0,0.0,1.0,6.0,16.0,0.0
123924,2,活跃潜力用户,0,63.0,1.0,3.0,0.0,3.0,33.0,1.0
123933,1,早期沉睡用户,1,158.0,3.0,0.0,2.0,6.0,34.0,0.0
123938,1,早期沉睡用户,1,186.0,1.0,6.0,2.0,6.0,15.0,0.0
12394,2,活跃潜力用户,0,22.0,0.0,0.0,0.0,2.0,7.0,1.0
123942,2,活跃潜力用户,0,30.0,2.0,0.0,0.0,3.0,6.0,1.0
123949,2,活跃潜力用户,0,22.0,5.0,0.0,0.0,6.0,15.0,0.0
123962,0,高价值忠诚用户,0,303.0,23.0,1.0,9.0,6.0,75.0,0.0
123966,2,活跃潜力用户,0,27.0,7.0,0.0,0.0,5.0,14.0,0.0
123968,2,活跃潜力用户,0,61.0,3.0,0.0,1.0,6.0,33.0,0.0
123971,2,活跃潜力用户,0,34.0,1.0,13.0,1.0,5.0,14.0,0.0
123978,1,早期沉睡用户,1,35.0,3.0,1.0,2.0,5.0,18.0,0.0
123983,2,活跃潜力用户,0,21.0,2.0,0.0,0.0,4.0,11.0,2.0
123992,2,活跃潜力用户,0,40.0,2.0,0.0,2.0,6.0,21.0,0.0
12400,2,活跃潜力用户,0,4.0,0.0,1.0,1.0,2.0,5.0,0.0
124001,0,高价值忠诚用户,1,386.0,0.0,17.0,5.0,6.0,30.0,0.0
124006,1,早期沉睡用户,1,31.0,3.0,0.0,1.0,4.0,16.0,0.0
124010,1,早期沉睡用户,1,74.0,2.0,0.0,2.0,6.0,13.0,0.0
124025,1,早期沉睡用户,1,56.0,1.0,4.0,1.0,6.0,28.0,0.0
12403,2,活跃潜力用户,0,10.0,1.0,0.0,1.0,5.0,4.0,0.0
124033,0,高价值忠诚用户,0,52.0,11.0,0.0,4.0,2.0,23.0,4.0
124036,2,活跃潜力用户,0,8.0,1.0,0.0,1.0,3.0,5.0,0.0
124046,2,活跃潜力用户,0,11.0,5.0,0.0,1.0,4.0,12.0,0.0
124052,2,活跃潜力用户,0,16.0,2.0,0.0,0.0,3.0,11.0,2.0
124061,1,早期沉睡用户,1,114.0,3.0,1.0,2.0,6.0,40.0,0.0
124063,2,活跃潜力用户,1,134.0,12.0,0.0,1.0,6.0,44.0,0.0
124065,2,活跃潜力用户,0,13.0,2.0,0.0,1.0,4.0,9.0,1.0
124069,2,活跃潜力用户,1,36.0,4.0,1.0,3.0,5.0,30.0,0.0
12407,1,早期沉睡用户,1,58.0,6.0,0.0,3.0,6.0,32.0,0.0
124072,1,早期沉睡用户,1,20.0,1.0,1.0,2.0,5.0,13.0,0.0
124078,1,早期沉睡用户,1,215.0,6.0,21.0,1.0,6.0,48.0,0.0
124079,1,早期沉睡用户,1,164.0,3.0,0.0,1.0,6.0,41.0,0.0
124083,0,高价值忠诚用户,1,56.0,7.0,0.0,5.0,6.0,24.0,0.0
124093,2,活跃潜力用户,0,30.0,0.0,0.0,2.0,4.0,10.0,1.0
124095,0,高价值忠诚用户,0,171.0,2.0,0.0,7.0,6.0,16.0,0.0
124098,1,早期沉睡用户,1,8.0,1.0,0.0,1.0,3.0,6.0,2.0
1241,1,早期沉睡用户,1,77.0,19.0,0.0,1.0,6.0,27.0,0.0
124101,2,活跃潜力用户,0,135.0,0.0,5.0,0.0,4.0,17.0,0.0
124107,1,早期沉睡用户,1,41.0,0.0,1.0,1.0,4.0,13.0,1.0
12412,2,活跃潜力用户,0,98.0,4.0,0.0,0.0,6.0,27.0,0.0
124125,2,活跃潜力用户,0,7.0,0.0,1.0,0.0,3.0,5.0,2.0
124127,1,早期沉睡用户,1,318.0,2.0,9.0,5.0,6.0,40.0,0.0
124129,2,活跃潜力用户,0,24.0,0.0,0.0,0.0,4.0,7.0,0.0
124138,2,活跃潜力用户,1,52.0,0.0,5.0,4.0,5.0,33.0,0.0
124152,2,活跃潜力用户,0,19.0,9.0,0.0,2.0,4.0,13.0,0.0
124159,1,早期沉睡用户,1,100.0,1.0,18.0,1.0,6.0,21.0,0.0
124170,1,早期沉睡用户,1,87.0,6.0,0.0,1.0,6.0,23.0,0.0
124171,2,活跃潜力用户,0,9.0,1.0,0.0,0.0,5.0,5.0,0.0
124180,2,活跃潜力用户,0,103.0,7.0,0.0,0.0,4.0,20.0,0.0
124194,0,高价值忠诚用户,0,49.0,5.0,0.0,3.0,4.0,10.0,0.0
1242,1,早期沉睡用户,1,44.0,4.0,0.0,1.0,4.0,9.0,0.0
12420,2,活跃潜力用户,1,25.0,0.0,1.0,3.0,3.0,8.0,0.0
124219,2,活跃潜力用户,0,306.0,13.0,1.0,0.0,6.0,39.0,0.0
124232,0,高价值忠诚用户,1,204.0,12.0,0.0,8.0,5.0,33.0,0.0
124236,1,早期沉睡用户,1,98.0,2.0,0.0,2.0,6.0,14.0,0.0
12424,2,活跃潜力用户,0,28.0,1.0,0.0,2.0,4.0,10.0,0.0
124245,1,早期沉睡用户,1,19.0,11.0,0.0,1.0,2.0,4.0,3.0
124252,2,活跃潜力用户,0,12.0,0.0,1.0,1.0,6.0,7.0,0.0
124260,2,活跃潜力用户,0,219.0,26.0,2.0,1.0,6.0,66.0,0.0
124273,0,高价值忠诚用户,0,97.0,13.0,0.0,6.0,6.0,49.0,0.0
124274,2,活跃潜力用户,0,70.0,12.0,0.0,0.0,5.0,27.0,0.0
124291,2,活跃潜力用户,0,173.0,1.0,5.0,3.0,4.0,35.0,0.0
124295,2,活跃潜力用户,0,59.0,9.0,0.0,0.0,5.0,38.0,0.0
124298,2,活跃潜力用户,1,65.0,4.0,0.0,5.0,6.0,22.0,0.0
124310,1,早期沉睡用户,1,40.0,3.0,0.0,1.0,6.0,18.0,0.0
12432,2,活跃潜力用户,0,126.0,20.0,0.0,1.0,6.0,46.0,0.0
124321,0,高价值忠诚用户,0,0.0,18.0,22.0,9.0,6.0,33.0,0.0
124337,2,活跃潜力用户,1,15.0,0.0,2.0,1.0,4.0,11.0,0.0
124354,1,早期沉睡用户,1,11.0,0.0,0.0,2.0,4.0,9.0,0.0
124357,1,早期沉睡用户,1,12.0,1.0,0.0,2.0,3.0,7.0,0.0
124361,2,活跃潜力用户,0,70.0,4.0,9.0,0.0,6.0,21.0,0.0
124370,1,早期沉睡用户,1,53.0,0.0,0.0,1.0,4.0,15.0,1.0
124372,2,活跃潜力用户,0,22.0,3.0,0.0,0.0,4.0,2.0,0.0
124387,0,高价值忠诚用户,0,65.0,3.0,4.0,6.0,5.0,22.0,0.0
124393,2,活跃潜力用户,0,10.0,1.0,0.0,0.0,2.0,4.0,3.0
124397,2,活跃潜力用户,0,49.0,3.0,0.0,2.0,5.0,8.0,0.0
124398,2,活跃潜力用户,1,94.0,1.0,1.0,1.0,4.0,32.0,0.0
1244,1,早期沉睡用户,1,3.0,0.0,0.0,1.0,3.0,4.0,1.0
124432,2,活跃潜力用户,1,74.0,2.0,0.0,2.0,6.0,18.0,0.0
124437,2,活跃潜力用户,0,5.0,0.0,0.0,0.0,3.0,3.0,0.0
124440,2,活跃潜力用户,0,36.0,1.0,0.0,1.0,6.0,18.0,0.0
124442,2,活跃潜力用户,1,82.0,0.0,2.0,2.0,6.0,25.0,0.0
124456,2,活跃潜力用户,0,20.0,0.0,0.0,0.0,4.0,6.0,1.0
124458,2,活跃潜力用户,0,9.0,0.0,3.0,0.0,2.0,4.0,2.0
124466,2,活跃潜力用户,0,113.0,1.0,1.0,1.0,6.0,28.0,0.0
124468,2,活跃潜力用户,1,17.0,1.0,4.0,1.0,4.0,12.0,0.0
124469,1,早期沉睡用户,1,82.0,6.0,2.0,1.0,5.0,19.0,0.0
124470,2,活跃潜力用户,0,54.0,1.0,1.0,1.0,6.0,25.0,0.0
124475,2,活跃潜力用户,0,11.0,0.0,0.0,0.0,2.0,6.0,4.0
124481,1,早期沉睡用户,1,14.0,0.0,0.0,2.0,5.0,11.0,0.0
124485,1,早期沉睡用户,1,63.0,5.0,1.0,4.0,6.0,33.0,0.0
124494,2,活跃潜力用户,0,73.0,2.0,0.0,0.0,6.0,18.0,0.0
124505,2,活跃潜力用户,1,142.0,1.0,12.0,3.0,6.0,28.0,0.0
124506,2,活跃潜力用户,0,0.0,0.0,13.0,2.0,3.0,11.0,2.0
124507,0,高价值忠诚用户,0,55.0,1.0,0.0,5.0,6.0,22.0,0.0
124509,1,早期沉睡用户,1,92.0,9.0,0.0,1.0,6.0,13.0,0.0
124515,1,早期沉睡用户,1,32.0,2.0,12.0,1.0,6.0,15.0,0.0
124516,1,早期沉睡用户,1,66.0,3.0,0.0,3.0,6.0,10.0,0.0
124533,2,活跃潜力用户,0,8.0,0.0,0.0,2.0,2.0,4.0,0.0
124538,2,活跃潜力用户,0,37.0,1.0,0.0,0.0,3.0,11.0,0.0
12455,2,活跃潜力用户,0,22.0,3.0,0.0,0.0,4.0,17.0,0.0
124563,1,早期沉睡用户,1,52.0,0.0,0.0,1.0,5.0,25.0,0.0
124571,2,活跃潜力用户,0,3.0,2.0,0.0,0.0,3.0,3.0,1.0
124578,1,早期沉睡用户,1,43.0,0.0,3.0,1.0,6.0,13.0,0.0
124587,1,早期沉睡用户,1,0.0,7.0,0.0,1.0,3.0,4.0,2.0
124590,2,活跃潜力用户,0,1.0,1.0,0.0,0.0,2.0,2.0,0.0
1246,2,活跃潜力用户,1,76.0,6.0,0.0,2.0,4.0,14.0,0.0
124602,2,活跃潜力用户,0,10.0,0.0,2.0,0.0,3.0,3.0,0.0
124607,0,高价值忠诚用户,0,22.0,0.0,0.0,8.0,6.0,21.0,0.0
124610,2,活跃潜力用户,0,23.0,0.0,2.0,0.0,5.0,10.0,0.0
124622,2,活跃潜力用户,0,55.0,4.0,0.0,1.0,6.0,20.0,0.0
124623,1,早期沉睡用户,1,31.0,6.0,0.0,4.0,6.0,12.0,0.0
124625,2,活跃潜力用户,0,58.0,0.0,0.0,0.0,5.0,17.0,0.0
124631,1,早期沉睡用户,1,4.0,2.0,0.0,1.0,3.0,6.0,0.0
124638,0,高价值忠诚用户,1,46.0,3.0,5.0,6.0,5.0,23.0,0.0
12464,1,早期沉睡用户,1,20.0,0.0,4.0,2.0,3.0,4.0,0.0
124641,0,高价值忠诚用户,0,25.0,1.0,0.0,3.0,6.0,15.0,0.0
12465,1,早期沉睡用户,1,100.0,1.0,16.0,3.0,5.0,24.0,0.0
124655,2,活跃潜力用户,0,14.0,0.0,0.0,0.0,5.0,10.0,0.0
12466,2,活跃潜力用户,0,5.0,0.0,0.0,1.0,3.0,3.0,0.0
124660,2,活跃潜力用户,0,104.0,0.0,26.0,2.0,6.0,14.0,0.0
124663,1,早期沉睡用户,1,149.0,19.0,0.0,1.0,6.0,16.0,0.0
124666,1,早期沉睡用户,1,31.0,0.0,0.0,1.0,4.0,10.0,0.0
124671,1,早期沉睡用户,1,1.0,0.0,0.0,1.0,2.0,2.0,0.0
124672,2,活跃潜力用户,1,24.0,0.0,0.0,2.0,2.0,5.0,0.0
124674,1,早期沉睡用户,1,53.0,0.0,0.0,3.0,6.0,17.0,0.0
124677,2,活跃潜力用户,0,18.0,0.0,0.0,0.0,4.0,7.0,0.0
124678,2,活跃潜力用户,0,6.0,0.0,0.0,0.0,2.0,1.0,0.0
124686,1,早期沉睡用户,1,33.0,12.0,0.0,1.0,6.0,9.0,0.0
124713,2,活跃潜力用户,1,13.0,0.0,0.0,1.0,2.0,5.0,0.0
124723,1,早期沉睡用户,1,4.0,0.0,0.0,1.0,4.0,5.0,2.0
124725,2,活跃潜力用户,0,55.0,0.0,4.0,0.0,6.0,21.0,0.0
124728,2,活跃潜力用户,0,30.0,1.0,0.0,0.0,5.0,16.0,1.0
124744,1,早期沉睡用户,1,153.0,17.0,0.0,3.0,4.0,32.0,2.0
124759,2,活跃潜力用户,0,1.0,0.0,0.0,0.0,1.0,1.0,5.0
12476,0,高价值忠诚用户,0,9.0,0.0,1.0,0.0,4.0,7.0,1.0
124762,2,活跃潜力用户,0,59.0,5.0,16.0,0.0,6.0,36.0,0.0
124768,1,早期沉睡用户,1,35.0,1.0,1.0,1.0,2.0,23.0,0.0
124787,1,早期沉睡用户,1,100.0,3.0,6.0,2.0,3.0,18.0,1.0
124806,1,早期沉睡用户,1,48.0,0.0,0.0,4.0,4.0,28.0,2.0
124809,2,活跃潜力用户,0,58.0,1.0,1.0,0.0,5.0,31.0,0.0
124811,2,活跃潜力用户,0,80.0,3.0,2.0,3.0,6.0,33.0,0.0
124813,2,活跃潜力用户,0,235.0,7.0,23.0,0.0,6.0,50.0,0.0
124815,2,活跃潜力用户,0,8.0,0.0,0.0,0.0,5.0,7.0,0.0
12482,2,活跃潜力用户,0,25.0,3.0,2.0,0.0,2.0,15.0,0.0
124821,2,活跃潜力用户,0,78.0,23.0,1.0,0.0,5.0,20.0,0.0
124832,1,早期沉睡用户,1,63.0,0.0,10.0,1.0,3.0,22.0,0.0
124837,2,活跃潜力用户,0,14.0,0.0,0.0,0.0,2.0,2.0,0.0
124848,2,活跃潜力用户,0,29.0,0.0,3.0,3.0,4.0,14.0,0.0
124862,2,活跃潜力用户,0,11.0,0.0,0.0,0.0,3.0,6.0,1.0
124867,2,活跃潜力用户,0,59.0,5.0,4.0,2.0,4.0,22.0,2.0
124871,2,活跃潜力用户,0,20.0,8.0,0.0,0.0,5.0,9.0,0.0
124872,2,活跃潜力用户,0,98.0,3.0,0.0,0.0,5.0,23.0,0.0
124879,1,早期沉睡用户,1,205.0,11.0,1.0,2.0,6.0,40.0,0.0
124892,0,高价值忠诚用户,0,18.0,0.0,0.0,9.0,6.0,24.0,0.0
1249,3,超级用户,0,148.0,13.0,0.0,23.0,6.0,53.0,0.0
124900,2,活跃潜力用户,0,19.0,1.0,0.0,0.0,5.0,6.0,0.0
124905,0,高价值忠诚用户,0,28.0,4.0,0.0,4.0,6.0,21.0,0.0
124907,1,早期沉睡用户,1,22.0,2.0,0.0,1.0,2.0,11.0,3.0
124916,2,活跃潜力用户,0,85.0,4.0,0.0,0.0,2.0,17.0,4.0
124917,2,活跃潜力用户,0,32.0,0.0,0.0,0.0,2.0,6.0,0.0
12492,0,高价值忠诚用户,0,79.0,10.0,0.0,2.0,6.0,42.0,0.0
124922,2,活跃潜力用户,0,27.0,0.0,0.0,0.0,4.0,17.0,0.0
124925,1,早期沉睡用户,1,47.0,12.0,0.0,3.0,4.0,12.0,1.0
124926,2,活跃潜力用户,0,155.0,2.0,16.0,0.0,5.0,25.0,0.0
124927,1,早期沉睡用户,1,85.0,8.0,0.0,3.0,5.0,34.0,0.0
124935,2,活跃潜力用户,1,58.0,2.0,0.0,2.0,4.0,14.0,0.0
12494,1,早期沉睡用户,1,15.0,0.0,4.0,2.0,5.0,11.0,0.0
124942,1,早期沉睡用户,1,21.0,5.0,0.0,2.0,4.0,11.0,0.0
124962,1,早期沉睡用户,1,285.0,36.0,1.0,1.0,6.0,72.0,0.0
124971,2,活跃潜力用户,1,79.0,4.0,1.0,1.0,5.0,13.0,0.0
124972,2,活跃潜力用户,0,10.0,0.0,2.0,0.0,3.0,8.0,1.0
124973,0,高价值忠诚用户,0,69.0,13.0,1.0,1.0,6.0,17.0,0.0
124976,2,活跃潜力用户,0,7.0,2.0,0.0,1.0,3.0,7.0,2.0
124988,2,活跃潜力用户,0,104.0,2.0,0.0,1.0,6.0,22.0,0.0
12500,2,活跃潜力用户,0,66.0,3.0,0.0,0.0,3.0,12.0,3.0
125008,2,活跃潜力用户,0,19.0,5.0,0.0,0.0,3.0,12.0,0.0
125023,1,早期沉睡用户,1,181.0,0.0,6.0,3.0,6.0,38.0,0.0
125035,2,活跃潜力用户,0,30.0,2.0,11.0,2.0,3.0,16.0,3.0
125038,2,活跃潜力用户,0,36.0,3.0,0.0,2.0,4.0,6.0,0.0
125040,2,活跃潜力用户,0,49.0,0.0,2.0,2.0,6.0,17.0,0.0
125050,0,高价值忠诚用户,1,104.0,23.0,0.0,6.0,4.0,49.0,0.0
125052,2,活跃潜力用户,0,24.0,0.0,4.0,1.0,6.0,7.0,0.0
125053,2,活跃潜力用户,0,19.0,5.0,0.0,0.0,4.0,7.0,0.0
125061,0,高价值忠诚用户,0,22.0,1.0,6.0,6.0,6.0,16.0,0.0
125078,2,活跃潜力用户,0,182.0,11.0,7.0,3.0,6.0,46.0,0.0
125082,2,活跃潜力用户,0,7.0,0.0,0.0,1.0,2.0,5.0,0.0
125086,1,早期沉睡用户,1,36.0,0.0,0.0,2.0,3.0,14.0,1.0
125090,1,早期沉睡用户,1,132.0,6.0,0.0,4.0,6.0,37.0,0.0
125092,2,活跃潜力用户,0,11.0,0.0,0.0,0.0,3.0,6.0,0.0
125109,2,活跃潜力用户,0,28.0,1.0,0.0,2.0,5.0,7.0,0.0
125112,0,高价值忠诚用户,0,142.0,6.0,0.0,4.0,5.0,38.0,0.0
125122,2,活跃潜力用户,1,87.0,3.0,1.0,1.0,4.0,12.0,0.0
125141,2,活跃潜力用户,0,69.0,6.0,0.0,0.0,3.0,22.0,1.0
125153,2,活跃潜力用户,0,28.0,0.0,2.0,0.0,3.0,8.0,0.0
125158,1,早期沉睡用户,1,24.0,0.0,1.0,1.0,4.0,4.0,0.0
125164,2,活跃潜力用户,0,211.0,0.0,0.0,2.0,6.0,49.0,0.0
125176,2,活跃潜力用户,0,35.0,2.0,0.0,1.0,5.0,10.0,0.0
125183,2,活跃潜力用户,0,69.0,3.0,0.0,1.0,4.0,13.0,0.0
125187,0,高价值忠诚用户,0,205.0,18.0,1.0,8.0,6.0,27.0,0.0
125192,1,早期沉睡用户,1,20.0,1.0,0.0,2.0,4.0,3.0,2.0
125205,0,高价值忠诚用户,0,15.0,0.0,0.0,1.0,2.0,6.0,1.0
125210,2,活跃潜力用户,0,62.0,1.0,0.0,2.0,6.0,16.0,0.0
125216,2,活跃潜力用户,0,133.0,5.0,0.0,1.0,6.0,20.0,0.0
125217,1,早期沉睡用户,1,94.0,2.0,7.0,2.0,5.0,25.0,0.0
125230,0,高价值忠诚用户,1,122.0,16.0,25.0,10.0,5.0,24.0,0.0
12524,2,活跃潜力用户,0,43.0,1.0,1.0,1.0,4.0,6.0,0.0
125254,2,活跃潜力用户,0,56.0,2.0,3.0,0.0,6.0,19.0,0.0
125265,1,早期沉睡用户,1,95.0,3.0,0.0,1.0,4.0,25.0,1.0
125270,1,早期沉睡用户,1,46.0,1.0,0.0,1.0,6.0,20.0,0.0
125281,2,活跃潜力用户,0,4.0,0.0,0.0,3.0,4.0,4.0,2.0
1253,2,活跃潜力用户,0,10.0,0.0,0.0,0.0,2.0,1.0,1.0
125301,2,活跃潜力用户,0,47.0,1.0,1.0,1.0,5.0,16.0,0.0
125303,0,高价值忠诚用户,1,64.0,1.0,1.0,12.0,6.0,23.0,0.0
125307,0,高价值忠诚用户,0,77.0,1.0,0.0,1.0,6.0,15.0,0.0
125318,1,早期沉睡用户,1,13.0,0.0,0.0,1.0,3.0,7.0,1.0
125319,2,活跃潜力用户,0,35.0,3.0,0.0,1.0,3.0,4.0,0.0
125325,1,早期沉睡用户,1,12.0,0.0,0.0,1.0,3.0,8.0,2.0
125326,1,早期沉睡用户,1,45.0,1.0,0.0,1.0,5.0,13.0,1.0
125328,2,活跃潜力用户,0,24.0,0.0,3.0,0.0,4.0,7.0,0.0
125340,1,早期沉睡用户,1,6.0,0.0,0.0,1.0,2.0,5.0,4.0
125344,0,高价值忠诚用户,1,63.0,4.0,3.0,7.0,5.0,19.0,0.0
125348,2,活跃潜力用户,0,52.0,3.0,0.0,2.0,6.0,18.0,0.0
125355,0,高价值忠诚用户,0,15.0,0.0,0.0,2.0,3.0,5.0,0.0
125363,2,活跃潜力用户,1,211.0,2.0,0.0,4.0,6.0,79.0,0.0
125364,0,高价值忠诚用户,0,65.0,3.0,0.0,3.0,5.0,30.0,0.0
125365,1,早期沉睡用户,1,30.0,2.0,0.0,1.0,4.0,16.0,0.0
125377,0,高价值忠诚用户,0,91.0,2.0,3.0,2.0,4.0,7.0,0.0
125401,0,高价值忠诚用户,0,233.0,33.0,0.0,5.0,6.0,49.0,0.0
125419,1,早期沉睡用户,1,36.0,4.0,0.0,1.0,4.0,12.0,1.0
125421,2,活跃潜力用户,0,24.0,3.0,0.0,0.0,4.0,13.0,2.0
125422,0,高价值忠诚用户,1,51.0,3.0,15.0,9.0,4.0,24.0,0.0
125429,1,早期沉睡用户,1,28.0,1.0,0.0,1.0,3.0,9.0,0.0
125437,1,早期沉睡用户,1,6.0,1.0,0.0,1.0,4.0,5.0,0.0
125438,2,活跃潜力用户,0,3.0,2.0,0.0,0.0,1.0,3.0,1.0
125447,2,活跃潜力用户,0,101.0,15.0,1.0,0.0,5.0,41.0,0.0
125457,2,活跃潜力用户,0,41.0,5.0,0.0,1.0,6.0,8.0,0.0
125461,2,活跃潜力用户,0,22.0,1.0,0.0,3.0,5.0,9.0,0.0
125475,2,活跃潜力用户,1,15.0,4.0,3.0,1.0,3.0,12.0,0.0
125477,0,高价值忠诚用户,1,75.0,9.0,1.0,6.0,6.0,33.0,0.0
12548,2,活跃潜力用户,0,22.0,1.0,1.0,1.0,4.0,15.0,0.0
125482,1,早期沉睡用户,1,80.0,3.0,0.0,6.0,4.0,33.0,0.0
125488,2,活跃潜力用户,1,13.0,0.0,0.0,1.0,4.0,6.0,0.0
125490,2,活跃潜力用户,0,54.0,7.0,0.0,0.0,5.0,12.0,0.0
125503,0,高价值忠诚用户,0,45.0,2.0,0.0,0.0,4.0,38.0,0.0
125508,2,活跃潜力用户,0,5.0,0.0,0.0,0.0,2.0,5.0,2.0
125518,0,高价值忠诚用户,0,46.0,14.0,0.0,5.0,6.0,18.0,0.0
125519,1,早期沉睡用户,1,74.0,0.0,2.0,1.0,6.0,21.0,0.0
125524,2,活跃潜力用户,0,8.0,3.0,0.0,0.0,4.0,3.0,0.0
125532,1,早期沉睡用户,1,9.0,9.0,0.0,1.0,4.0,13.0,0.0
125537,2,活跃潜力用户,0,43.0,7.0,0.0,1.0,3.0,21.0,0.0
125552,2,活跃潜力用户,1,129.0,3.0,10.0,2.0,5.0,27.0,0.0
125555,1,早期沉睡用户,1,112.0,11.0,6.0,2.0,5.0,41.0,0.0
125557,0,高价值忠诚用户,1,92.0,4.0,0.0,5.0,6.0,27.0,0.0
125559,2,活跃潜力用户,0,62.0,3.0,0.0,1.0,4.0,12.0,0.0
125568,2,活跃潜力用户,0,71.0,0.0,1.0,0.0,6.0,26.0,0.0
125575,1,早期沉睡用户,1,150.0,3.0,0.0,2.0,5.0,23.0,0.0
125578,2,活跃潜力用户,0,27.0,4.0,0.0,1.0,3.0,6.0,1.0
125580,2,活跃潜力用户,0,58.0,0.0,0.0,3.0,5.0,20.0,0.0
125587,0,高价值忠诚用户,1,22.0,1.0,0.0,7.0,2.0,9.0,0.0
125621,2,活跃潜力用户,0,3.0,1.0,0.0,0.0,2.0,3.0,0.0
125623,2,活跃潜力用户,0,55.0,0.0,0.0,2.0,6.0,17.0,0.0
125624,0,高价值忠诚用户,0,100.0,3.0,0.0,4.0,5.0,23.0,0.0
125649,2,活跃潜力用户,0,15.0,0.0,3.0,0.0,5.0,11.0,0.0
125653,2,活跃潜力用户,0,52.0,8.0,0.0,0.0,5.0,27.0,0.0
12566,1,早期沉睡用户,1,44.0,6.0,0.0,2.0,6.0,16.0,0.0
125674,0,高价值忠诚用户,0,74.0,3.0,19.0,0.0,6.0,16.0,0.0
125675,1,早期沉睡用户,1,15.0,0.0,0.0,1.0,2.0,9.0,0.0
12568,2,活跃潜力用户,0,74.0,3.0,0.0,1.0,6.0,25.0,0.0
125682,1,早期沉睡用户,1,65.0,1.0,0.0,1.0,5.0,18.0,1.0
12569,2,活跃潜力用户,0,37.0,0.0,2.0,1.0,6.0,8.0,0.0
125693,1,早期沉睡用户,1,49.0,5.0,0.0,2.0,4.0,13.0,0.0
125709,2,活跃潜力用户,0,1.0,0.0,0.0,0.0,1.0,1.0,1.0
12574,2,活跃潜力用户,0,96.0,4.0,0.0,2.0,5.0,28.0,0.0
125740,1,早期沉睡用户,1,24.0,2.0,0.0,2.0,4.0,6.0,2.0
125746,2,活跃潜力用户,0,116.0,4.0,8.0,2.0,5.0,16.0,1.0
125757,1,早期沉睡用户,1,11.0,0.0,0.0,1.0,3.0,6.0,0.0
125759,2,活跃潜力用户,1,68.0,0.0,0.0,2.0,5.0,19.0,0.0
12576,2,活跃潜力用户,0,199.0,0.0,3.0,0.0,6.0,42.0,0.0
12578,2,活跃潜力用户,1,42.0,0.0,15.0,2.0,6.0,15.0,0.0
125791,0,高价值忠诚用户,1,68.0,4.0,1.0,5.0,5.0,35.0,0.0
125792,1,早期沉睡用户,1,67.0,15.0,0.0,2.0,6.0,21.0,0.0
125795,1,早期沉睡用户,1,17.0,1.0,0.0,2.0,2.0,9.0,1.0
125798,2,活跃潜力用户,1,6.0,0.0,1.0,1.0,3.0,7.0,0.0
125800,0,高价值忠诚用户,0,144.0,0.0,50.0,4.0,6.0,70.0,0.0
125802,1,早期沉睡用户,1,111.0,11.0,0.0,3.0,6.0,21.0,0.0
125811,0,高价值忠诚用户,0,125.0,8.0,1.0,1.0,3.0,25.0,1.0
125815,0,高价值忠诚用户,0,117.0,10.0,0.0,4.0,5.0,46.0,0.0
125818,1,早期沉睡用户,1,15.0,0.0,0.0,2.0,3.0,6.0,0.0
125821,1,早期沉睡用户,1,24.0,1.0,6.0,1.0,4.0,8.0,0.0
125823,1,早期沉睡用户,1,50.0,2.0,0.0,3.0,5.0,23.0,0.0
125827,2,活跃潜力用户,1,16.0,0.0,3.0,1.0,3.0,6.0,0.0
125835,1,早期沉睡用户,1,8.0,3.0,0.0,1.0,3.0,5.0,1.0
125837,2,活跃潜力用户,1,28.0,15.0,0.0,2.0,3.0,10.0,0.0
125838,1,早期沉睡用户,1,46.0,4.0,0.0,3.0,5.0,22.0,0.0
125859,1,早期沉睡用户,1,76.0,14.0,0.0,1.0,5.0,18.0,0.0
125864,0,高价值忠诚用户,0,80.0,9.0,5.0,6.0,6.0,21.0,0.0
125879,1,早期沉睡用户,1,34.0,0.0,3.0,1.0,6.0,25.0,0.0
125887,2,活跃潜力用户,0,19.0,0.0,0.0,1.0,4.0,13.0,0.0
12589,2,活跃潜力用户,0,10.0,0.0,0.0,0.0,3.0,7.0,2.0
125897,2,活跃潜力用户,0,13.0,0.0,1.0,0.0,3.0,6.0,2.0
125903,2,活跃潜力用户,0,5.0,0.0,0.0,0.0,1.0,3.0,2.0
125920,0,高价值忠诚用户,0,95.0,3.0,4.0,4.0,6.0,17.0,0.0
125924,1,早期沉睡用户,1,332.0,10.0,0.0,2.0,6.0,50.0,0.0
125935,2,活跃潜力用户,0,3.0,0.0,0.0,0.0,1.0,1.0,0.0
125945,1,早期沉睡用户,1,76.0,4.0,0.0,2.0,6.0,24.0,0.0
125946,1,早期沉睡用户,1,45.0,0.0,0.0,3.0,6.0,19.0,0.0
125948,1,早期沉睡用户,1,37.0,9.0,2.0,1.0,5.0,19.0,1.0
125956,2,活跃潜力用户,0,5.0,0.0,0.0,0.0,2.0,2.0,1.0
125966,2,活跃潜力用户,0,67.0,1.0,2.0,1.0,6.0,28.0,0.0
125983,2,活跃潜力用户,1,76.0,6.0,0.0,4.0,3.0,27.0,0.0
125985,2,活跃潜力用户,0,6.0,2.0,0.0,3.0,4.0,5.0,0.0
125987,2,活跃潜力用户,0,34.0,0.0,0.0,1.0,5.0,23.0,0.0
125989,2,活跃潜力用户,0,32.0,0.0,0.0,0.0,6.0,19.0,0.0
125991,1,早期沉睡用户,1,94.0,60.0,2.0,1.0,5.0,31.0,0.0
125999,1,早期沉睡用户,1,109.0,9.0,6.0,1.0,6.0,40.0,0.0
126013,2,活跃潜力用户,0,102.0,3.0,0.0,0.0,4.0,29.0,0.0
126015,2,活跃潜力用户,1,107.0,3.0,2.0,3.0,6.0,27.0,0.0
126016,0,高价值忠诚用户,1,26.0,1.0,0.0,7.0,5.0,12.0,0.0
126017,1,早期沉睡用户,1,20.0,0.0,0.0,1.0,2.0,11.0,4.0
126019,1,早期沉睡用户,1,41.0,0.0,0.0,1.0,5.0,20.0,0.0
126021,2,活跃潜力用户,0,12.0,0.0,4.0,1.0,3.0,13.0,1.0
126024,1,早期沉睡用户,1,32.0,20.0,0.0,2.0,4.0,13.0,1.0
126027,2,活跃潜力用户,0,9.0,0.0,0.0,1.0,4.0,8.0,0.0
126031,2,活跃潜力用户,1,132.0,32.0,0.0,1.0,5.0,43.0,0.0
12605,2,活跃潜力用户,0,10.0,2.0,0.0,0.0,3.0,5.0,0.0
126051,1,早期沉睡用户,1,144.0,23.0,0.0,2.0,6.0,76.0,0.0
126052,2,活跃潜力用户,0,22.0,4.0,0.0,0.0,3.0,12.0,0.0
126062,2,活跃潜力用户,1,0.0,1.0,8.0,2.0,6.0,4.0,0.0
126063,2,活跃潜力用户,0,17.0,0.0,0.0,0.0,4.0,10.0,0.0
126071,0,高价值忠诚用户,0,21.0,0.0,0.0,9.0,5.0,10.0,1.0
126073,2,活跃潜力用户,0,12.0,1.0,0.0,0.0,4.0,4.0,1.0
126075,0,高价值忠诚用户,0,222.0,4.0,2.0,7.0,6.0,97.0,0.0
126128,2,活跃潜力用户,1,36.0,7.0,0.0,3.0,6.0,14.0,0.0
126145,2,活跃潜力用户,0,247.0,0.0,24.0,2.0,6.0,23.0,0.0
126146,1,早期沉睡用户,1,5.0,0.0,0.0,4.0,3.0,7.0,2.0
12615,2,活跃潜力用户,1,146.0,11.0,1.0,3.0,5.0,26.0,0.0
126150,1,早期沉睡用户,1,47.0,0.0,0.0,3.0,4.0,12.0,0.0
126151,2,活跃潜力用户,0,188.0,29.0,15.0,1.0,6.0,101.0,0.0
126168,2,活跃潜力用户,0,64.0,10.0,7.0,0.0,3.0,12.0,0.0
12617,2,活跃潜力用户,1,16.0,2.0,0.0,1.0,5.0,4.0,0.0
126174,2,活跃潜力用户,1,115.0,4.0,11.0,3.0,5.0,52.0,0.0
126186,2,活跃潜力用户,0,28.0,5.0,6.0,0.0,6.0,12.0,0.0
126195,1,早期沉睡用户,1,29.0,2.0,0.0,1.0,5.0,11.0,0.0
126196,2,活跃潜力用户,0,128.0,7.0,0.0,2.0,6.0,22.0,0.0
126214,2,活跃潜力用户,0,29.0,6.0,0.0,0.0,3.0,17.0,0.0
126222,1,早期沉睡用户,1,8.0,1.0,0.0,1.0,3.0,8.0,1.0
126235,2,活跃潜力用户,0,32.0,4.0,0.0,0.0,4.0,18.0,0.0
126236,1,早期沉睡用户,1,4.0,1.0,0.0,2.0,4.0,5.0,2.0
126238,2,活跃潜力用户,0,11.0,0.0,0.0,1.0,5.0,11.0,0.0
126247,1,早期沉睡用户,1,49.0,0.0,3.0,6.0,6.0,15.0,0.0
126261,2,活跃潜力用户,0,4.0,0.0,0.0,0.0,1.0,3.0,2.0
126267,1,早期沉睡用户,1,17.0,1.0,0.0,1.0,5.0,12.0,0.0
126271,1,早期沉睡用户,1,27.0,0.0,1.0,1.0,3.0,10.0,0.0
126278,1,早期沉睡用户,1,8.0,0.0,0.0,1.0,4.0,4.0,0.0
126289,2,活跃潜力用户,0,39.0,7.0,0.0,0.0,5.0,17.0,1.0
12629,2,活跃潜力用户,0,115.0,1.0,1.0,0.0,5.0,49.0,0.0
126295,2,活跃潜力用户,1,1.0,0.0,0.0,1.0,1.0,1.0,0.0
12630,0,高价值忠诚用户,0,43.0,4.0,0.0,5.0,6.0,19.0,0.0
126306,2,活跃潜力用户,1,30.0,0.0,3.0,1.0,4.0,11.0,0.0
126314,0,高价值忠诚用户,1,23.0,3.0,0.0,5.0,3.0,9.0,0.0
126316,1,早期沉睡用户,1,11.0,0.0,0.0,1.0,4.0,10.0,0.0
12632,2,活跃潜力用户,0,46.0,4.0,1.0,0.0,4.0,16.0,0.0
126327,2,活跃潜力用户,1,95.0,0.0,7.0,2.0,4.0,15.0,0.0
126332,2,活跃潜力用户,1,158.0,6.0,9.0,3.0,6.0,60.0,0.0
126336,2,活跃潜力用户,0,31.0,0.0,0.0,2.0,3.0,15.0,2.0
126343,2,活跃潜力用户,0,60.0,7.0,0.0,2.0,6.0,21.0,0.0
126347,2,活跃潜力用户,0,48.0,0.0,1.0,0.0,6.0,16.0,0.0
126357,0,高价值忠诚用户,0,41.0,7.0,3.0,4.0,4.0,19.0,0.0
126365,2,活跃潜力用户,0,107.0,1.0,0.0,1.0,6.0,21.0,0.0
126376,1,早期沉睡用户,1,154.0,10.0,0.0,2.0,5.0,33.0,0.0
126412,2,活跃潜力用户,0,9.0,0.0,0.0,0.0,1.0,1.0,0.0
126413,1,早期沉睡用户,1,10.0,0.0,0.0,2.0,3.0,4.0,0.0
126422,1,早期沉睡用户,1,28.0,0.0,0.0,2.0,5.0,15.0,0.0
126428,2,活跃潜力用户,0,23.0,3.0,0.0,1.0,6.0,16.0,0.0
126432,1,早期沉睡用户,1,48.0,7.0,6.0,1.0,5.0,23.0,1.0
126437,1,早期沉睡用户,1,46.0,9.0,0.0,1.0,5.0,17.0,1.0
126438,1,早期沉睡用户,1,5.0,0.0,1.0,3.0,3.0,5.0,3.0
12644,0,高价值忠诚用户,0,50.0,0.0,2.0,6.0,3.0,17.0,1.0
126448,1,早期沉睡用户,1,32.0,1.0,14.0,1.0,5.0,15.0,0.0
12645,1,早期沉睡用户,1,13.0,1.0,0.0,1.0,3.0,9.0,0.0
12646,0,高价值忠诚用户,0,101.0,1.0,12.0,5.0,4.0,21.0,0.0
126468,0,高价值忠诚用户,0,78.0,1.0,1.0,4.0,6.0,29.0,0.0
126470,2,活跃潜力用户,0,54.0,3.0,0.0,1.0,6.0,15.0,0.0
126482,2,活跃潜力用户,0,63.0,9.0,1.0,0.0,3.0,21.0,0.0
126491,2,活跃潜力用户,0,62.0,6.0,0.0,0.0,4.0,23.0,0.0
126492,1,早期沉睡用户,1,44.0,5.0,0.0,1.0,5.0,18.0,0.0
12650,1,早期沉睡用户,1,38.0,0.0,1.0,1.0,6.0,20.0,0.0
126500,2,活跃潜力用户,0,41.0,1.0,6.0,0.0,5.0,14.0,0.0
126526,2,活跃潜力用户,0,15.0,1.0,0.0,0.0,3.0,7.0,0.0
126530,0,高价值忠诚用户,0,3.0,0.0,0.0,3.0,1.0,4.0,0.0
126533,2,活跃潜力用户,0,3.0,0.0,1.0,1.0,4.0,4.0,1.0
126537,0,高价值忠诚用户,1,74.0,4.0,1.0,5.0,5.0,23.0,0.0
126544,2,活跃潜力用户,0,10.0,0.0,0.0,1.0,4.0,8.0,1.0
126554,1,早期沉睡用户,1,57.0,1.0,2.0,6.0,6.0,25.0,0.0
126565,1,早期沉睡用户,1,56.0,0.0,0.0,1.0,5.0,27.0,0.0
126569,1,早期沉睡用户,1,51.0,0.0,3.0,2.0,6.0,15.0,0.0
126572,2,活跃潜力用户,0,103.0,9.0,0.0,3.0,5.0,22.0,1.0
126583,2,活跃潜力用户,1,13.0,3.0,0.0,2.0,5.0,8.0,0.0
126603,2,活跃潜力用户,0,159.0,10.0,0.0,1.0,6.0,39.0,0.0
126604,2,活跃潜力用户,0,94.0,4.0,0.0,0.0,5.0,11.0,1.0
126605,2,活跃潜力用户,0,56.0,1.0,0.0,0.0,6.0,27.0,0.0
126619,2,活跃潜力用户,0,10.0,0.0,2.0,0.0,1.0,6.0,1.0
126625,1,早期沉睡用户,1,19.0,3.0,0.0,1.0,6.0,13.0,0.0
126628,2,活跃潜力用户,0,1.0,0.0,0.0,0.0,1.0,1.0,0.0
126630,2,活跃潜力用户,1,45.0,1.0,0.0,1.0,2.0,21.0,0.0
126631,1,早期沉睡用户,1,221.0,5.0,0.0,2.0,5.0,48.0,0.0
126641,0,高价值忠诚用户,0,41.0,13.0,0.0,6.0,5.0,10.0,1.0
12665,0,高价值忠诚用户,0,81.0,1.0,17.0,5.0,6.0,59.0,0.0
126651,2,活跃潜力用户,0,37.0,0.0,3.0,2.0,4.0,13.0,2.0
126668,2,活跃潜力用户,0,38.0,1.0,0.0,1.0,6.0,7.0,0.0
126677,2,活跃潜力用户,0,20.0,0.0,5.0,0.0,2.0,5.0,3.0
126681,1,早期沉睡用户,1,61.0,0.0,0.0,1.0,6.0,28.0,0.0
126686,0,高价值忠诚用户,0,136.0,0.0,8.0,3.0,6.0,42.0,0.0
126695,1,早期沉睡用户,1,206.0,4.0,1.0,1.0,6.0,83.0,0.0
126696,0,高价值忠诚用户,1,184.0,16.0,0.0,13.0,6.0,32.0,0.0
126698,1,早期沉睡用户,1,193.0,0.0,0.0,1.0,6.0,26.0,0.0
126704,2,活跃潜力用户,0,26.0,5.0,0.0,0.0,5.0,11.0,0.0
126707,1,早期沉睡用户,1,24.0,5.0,0.0,1.0,3.0,17.0,0.0
126713,2,活跃潜力用户,0,19.0,0.0,0.0,0.0,4.0,10.0,1.0
126714,2,活跃潜力用户,0,11.0,5.0,0.0,0.0,4.0,10.0,1.0
126725,2,活跃潜力用户,1,62.0,1.0,0.0,2.0,6.0,12.0,0.0
126733,1,早期沉睡用户,1,98.0,0.0,11.0,3.0,6.0,28.0,0.0
12674,2,活跃潜力用户,0,4.0,0.0,0.0,0.0,2.0,2.0,0.0
126740,2,活跃潜力用户,0,16.0,2.0,2.0,1.0,4.0,9.0,0.0
126745,1,早期沉睡用户,1,45.0,2.0,0.0,3.0,5.0,25.0,0.0
126749,1,早期沉睡用户,1,76.0,10.0,0.0,2.0,5.0,25.0,0.0
126754,1,早期沉睡用户,1,33.0,5.0,0.0,3.0,6.0,7.0,0.0
126758,1,早期沉睡用户,1,201.0,10.0,0.0,3.0,6.0,9.0,0.0
126768,2,活跃潜力用户,0,52.0,0.0,12.0,1.0,5.0,21.0,0.0
126775,2,活跃潜力用户,0,5.0,0.0,0.0,1.0,2.0,1.0,2.0
126787,2,活跃潜力用户,0,14.0,0.0,1.0,1.0,2.0,5.0,0.0
126789,1,早期沉睡用户,1,17.0,0.0,2.0,4.0,3.0,6.0,0.0
126790,2,活跃潜力用户,0,6.0,0.0,0.0,0.0,3.0,6.0,2.0
126793,2,活跃潜力用户,0,29.0,0.0,0.0,0.0,2.0,7.0,0.0
126794,0,高价值忠诚用户,1,44.0,3.0,5.0,7.0,5.0,22.0,0.0
126810,1,早期沉睡用户,1,13.0,6.0,0.0,1.0,4.0,14.0,1.0
126814,1,早期沉睡用户,1,112.0,0.0,4.0,1.0,5.0,42.0,1.0
126848,2,活跃潜力用户,1,22.0,0.0,0.0,1.0,3.0,8.0,0.0
126873,1,早期沉睡用户,1,16.0,3.0,0.0,1.0,4.0,9.0,0.0
126879,1,早期沉睡用户,1,134.0,2.0,2.0,4.0,6.0,42.0,0.0
126891,2,活跃潜力用户,0,7.0,2.0,0.0,0.0,3.0,5.0,0.0
126896,1,早期沉睡用户,1,16.0,1.0,0.0,1.0,5.0,9.0,0.0
126898,2,活跃潜力用户,0,126.0,3.0,0.0,1.0,5.0,39.0,0.0
126900,0,高价值忠诚用户,0,49.0,6.0,8.0,5.0,6.0,23.0,0.0
126902,1,早期沉睡用户,1,18.0,2.0,0.0,1.0,3.0,7.0,1.0
126903,2,活跃潜力用户,0,7.0,1.0,0.0,0.0,3.0,7.0,0.0
126905,0,高价值忠诚用户,1,64.0,2.0,3.0,5.0,5.0,15.0,0.0
126906,0,高价值忠诚用户,1,75.0,14.0,0.0,6.0,4.0,15.0,0.0
126908,0,高价值忠诚用户,0,35.0,0.0,8.0,6.0,6.0,12.0,0.0
126923,2,活跃潜力用户,0,18.0,0.0,1.0,1.0,6.0,11.0,0.0
126935,2,活跃潜力用户,0,241.0,0.0,0.0,3.0,6.0,29.0,0.0
126944,2,活跃潜力用户,0,21.0,1.0,0.0,1.0,3.0,5.0,0.0
126947,2,活跃潜力用户,1,75.0,8.0,4.0,1.0,6.0,26.0,0.0
126952,1,早期沉睡用户,1,43.0,9.0,5.0,1.0,5.0,17.0,0.0
126955,2,活跃潜力用户,0,50.0,4.0,0.0,0.0,4.0,12.0,0.0
126962,1,早期沉睡用户,1,17.0,0.0,0.0,1.0,3.0,7.0,0.0
126965,1,早期沉睡用户,1,12.0,4.0,0.0,2.0,2.0,7.0,0.0
126969,2,活跃潜力用户,0,44.0,4.0,0.0,2.0,5.0,12.0,0.0
126971,2,活跃潜力用户,0,13.0,0.0,0.0,0.0,5.0,4.0,0.0
126972,2,活跃潜力用户,1,56.0,0.0,6.0,2.0,4.0,20.0,0.0
126974,1,早期沉睡用户,1,11.0,4.0,0.0,1.0,3.0,6.0,1.0
126979,0,高价值忠诚用户,0,18.0,0.0,0.0,5.0,3.0,9.0,1.0
12699,2,活跃潜力用户,0,75.0,1.0,3.0,2.0,6.0,36.0,0.0
126997,2,活跃潜力用户,1,9.0,2.0,0.0,1.0,4.0,6.0,0.0
126999,2,活跃潜力用户,0,14.0,0.0,0.0,0.0,2.0,4.0,1.0
12700,2,活跃潜力用户,0,32.0,0.0,0.0,0.0,3.0,13.0,2.0
12701,0,高价值忠诚用户,0,204.0,13.0,35.0,13.0,6.0,47.0,0.0
127010,0,高价值忠诚用户,0,77.0,4.0,0.0,5.0,5.0,17.0,0.0
127013,1,早期沉睡用户,1,51.0,4.0,0.0,1.0,4.0,34.0,1.0
127014,2,活跃潜力用户,0,19.0,1.0,0.0,2.0,3.0,5.0,1.0
127015,0,高价值忠诚用户,0,35.0,2.0,0.0,10.0,6.0,29.0,0.0
127030,2,活跃潜力用户,0,6.0,2.0,0.0,1.0,2.0,5.0,3.0
127054,0,高价值忠诚用户,0,133.0,1.0,0.0,3.0,6.0,37.0,0.0
127055,1,早期沉睡用户,1,42.0,0.0,0.0,2.0,6.0,14.0,0.0
127057,2,活跃潜力用户,0,5.0,1.0,0.0,0.0,3.0,5.0,3.0
127058,2,活跃潜力用户,1,62.0,11.0,0.0,1.0,4.0,24.0,0.0
127069,2,活跃潜力用户,1,41.0,3.0,4.0,1.0,5.0,25.0,0.0
12707,2,活跃潜力用户,0,76.0,2.0,4.0,1.0,4.0,20.0,0.0
127072,2,活跃潜力用户,1,22.0,0.0,0.0,1.0,3.0,7.0,0.0
127075,2,活跃潜力用户,0,43.0,1.0,3.0,1.0,3.0,13.0,0.0
127080,2,活跃潜力用户,0,39.0,0.0,0.0,1.0,2.0,5.0,3.0
127085,2,活跃潜力用户,0,25.0,5.0,0.0,2.0,4.0,7.0,1.0
12709,2,活跃潜力用户,1,44.0,3.0,0.0,1.0,4.0,16.0,0.0
127113,2,活跃潜力用户,0,98.0,14.0,0.0,3.0,6.0,13.0,0.0
127125,2,活跃潜力用户,0,22.0,9.0,1.0,0.0,5.0,10.0,0.0
127135,2,活跃潜力用户,0,61.0,4.0,4.0,2.0,6.0,18.0,0.0
127139,2,活跃潜力用户,0,26.0,2.0,0.0,0.0,4.0,4.0,0.0
127141,2,活跃潜力用户,0,29.0,0.0,0.0,2.0,4.0,11.0,0.0
127146,1,早期沉睡用户,1,2.0,1.0,0.0,1.0,3.0,3.0,2.0
127178,0,高价值忠诚用户,0,10.0,0.0,1.0,2.0,4.0,8.0,0.0
127180,0,高价值忠诚用户,0,138.0,11.0,0.0,0.0,2.0,23.0,0.0
127181,1,早期沉睡用户,1,55.0,1.0,0.0,1.0,3.0,17.0,2.0
127182,2,活跃潜力用户,1,96.0,10.0,0.0,1.0,6.0,12.0,0.0
127194,2,活跃潜力用户,0,23.0,4.0,0.0,0.0,5.0,8.0,1.0
127206,1,早期沉睡用户,1,92.0,0.0,0.0,2.0,6.0,26.0,0.0
127208,1,早期沉睡用户,1,65.0,1.0,0.0,3.0,6.0,17.0,0.0
127210,2,活跃潜力用户,0,19.0,2.0,0.0,1.0,4.0,5.0,0.0
12722,0,高价值忠诚用户,0,11.0,2.0,2.0,3.0,3.0,10.0,1.0
127224,2,活跃潜力用户,0,11.0,2.0,0.0,0.0,2.0,5.0,4.0
127260,1,早期沉睡用户,1,37.0,0.0,0.0,3.0,3.0,8.0,1.0
127268,1,早期沉睡用户,1,101.0,1.0,7.0,3.0,5.0,32.0,0.0
127276,0,高价值忠诚用户,0,268.0,5.0,70.0,5.0,6.0,35.0,0.0
127282,2,活跃潜力用户,0,37.0,1.0,0.0,2.0,4.0,6.0,0.0
127306,1,早期沉睡用户,1,299.0,4.0,14.0,2.0,5.0,46.0,0.0
127308,2,活跃潜力用户,1,17.0,3.0,0.0,4.0,5.0,9.0,0.0
127323,0,高价值忠诚用户,0,43.0,1.0,1.0,3.0,5.0,29.0,0.0
127336,0,高价值忠诚用户,1,91.0,13.0,0.0,5.0,6.0,39.0,0.0
127340,0,高价值忠诚用户,0,74.0,3.0,3.0,4.0,6.0,25.0,0.0
127342,1,早期沉睡用户,1,21.0,1.0,2.0,1.0,4.0,10.0,0.0
127345,0,高价值忠诚用户,0,34.0,2.0,1.0,4.0,6.0,21.0,0.0
127355,2,活跃潜力用户,0,2.0,0.0,0.0,0.0,1.0,2.0,2.0
127360,0,高价值忠诚用户,0,29.0,1.0,0.0,6.0,5.0,15.0,0.0
127364,2,活跃潜力用户,1,17.0,0.0,0.0,3.0,6.0,10.0,0.0
127367,2,活跃潜力用户,1,89.0,4.0,1.0,2.0,5.0,18.0,0.0
127384,2,活跃潜力用户,0,48.0,0.0,11.0,0.0,4.0,18.0,0.0
127398,0,高价值忠诚用户,1,124.0,2.0,7.0,5.0,6.0,36.0,0.0
1274,1,早期沉睡用户,1,45.0,8.0,0.0,2.0,6.0,18.0,0.0
127407,2,活跃潜力用户,0,7.0,0.0,1.0,1.0,3.0,2.0,0.0
127415,2,活跃潜力用户,0,56.0,0.0,7.0,1.0,5.0,24.0,0.0
127417,2,活跃潜力用户,0,103.0,14.0,2.0,0.0,6.0,37.0,0.0
127419,0,高价值忠诚用户,0,10.0,0.0,0.0,0.0,2.0,3.0,3.0
127430,1,早期沉睡用户,1,126.0,10.0,0.0,1.0,6.0,42.0,0.0
127433,1,早期沉睡用户,1,116.0,4.0,0.0,3.0,6.0,38.0,0.0
127435,2,活跃潜力用户,0,90.0,7.0,0.0,1.0,5.0,12.0,0.0
127450,2,活跃潜力用户,0,49.0,6.0,0.0,0.0,3.0,5.0,0.0
127458,1,早期沉睡用户,1,19.0,3.0,0.0,1.0,4.0,8.0,0.0
12747,2,活跃潜力用户,0,33.0,5.0,0.0,0.0,3.0,9.0,1.0
127476,1,早期沉睡用户,1,27.0,9.0,0.0,1.0,3.0,12.0,1.0
127488,1,早期沉睡用户,1,46.0,3.0,2.0,1.0,5.0,8.0,0.0
127496,1,早期沉睡用户,1,117.0,12.0,1.0,2.0,6.0,35.0,0.0
1275,1,早期沉睡用户,1,46.0,10.0,1.0,1.0,6.0,14.0,0.0
127500,2,活跃潜力用户,0,1.0,0.0,0.0,0.0,1.0,1.0,0.0
127501,2,活跃潜力用户,1,110.0,3.0,10.0,3.0,4.0,24.0,0.0
127505,2,活跃潜力用户,1,4.0,2.0,0.0,1.0,2.0,3.0,0.0
127506,1,早期沉睡用户,1,100.0,3.0,1.0,1.0,5.0,26.0,0.0
127507,0,高价值忠诚用户,0,131.0,31.0,27.0,6.0,5.0,46.0,0.0
127511,1,早期沉睡用户,1,6.0,0.0,0.0,1.0,3.0,6.0,1.0
127522,1,早期沉睡用户,1,69.0,11.0,0.0,3.0,6.0,36.0,0.0
127529,2,活跃潜力用户,0,22.0,6.0,0.0,0.0,3.0,12.0,2.0
127532,1,早期沉睡用户,1,44.0,0.0,10.0,3.0,4.0,20.0,0.0
127538,1,早期沉睡用户,1,15.0,2.0,2.0,1.0,2.0,7.0,2.0
127539,1,早期沉睡用户,1,28.0,6.0,0.0,1.0,4.0,16.0,2.0
127542,2,活跃潜力用户,0,77.0,0.0,1.0,0.0,6.0,7.0,0.0
127543,2,活跃潜力用户,0,27.0,5.0,5.0,0.0,4.0,18.0,1.0
127548,2,活跃潜力用户,0,134.0,1.0,0.0,1.0,5.0,12.0,0.0
127550,2,活跃潜力用户,1,133.0,14.0,0.0,4.0,5.0,28.0,0.0
127554,2,活跃潜力用户,0,5.0,2.0,0.0,1.0,4.0,7.0,1.0
127556,2,活跃潜力用户,0,60.0,9.0,0.0,2.0,5.0,17.0,0.0
12756,0,高价值忠诚用户,0,223.0,40.0,1.0,6.0,5.0,42.0,0.0
127564,2,活跃潜力用户,0,26.0,4.0,0.0,0.0,5.0,4.0,0.0
12758,1,早期沉睡用户,1,21.0,2.0,10.0,1.0,4.0,8.0,0.0
127582,2,活跃潜力用户,0,24.0,0.0,3.0,1.0,5.0,13.0,0.0
127583,2,活跃潜力用户,1,34.0,2.0,0.0,1.0,4.0,13.0,0.0
127607,2,活跃潜力用户,1,51.0,8.0,0.0,1.0,5.0,24.0,0.0
127611,2,活跃潜力用户,0,28.0,2.0,0.0,2.0,4.0,21.0,1.0
127615,2,活跃潜力用户,1,87.0,7.0,0.0,2.0,3.0,15.0,0.0
127621,0,高价值忠诚用户,0,102.0,6.0,2.0,9.0,6.0,23.0,0.0
127624,1,早期沉睡用户,1,34.0,1.0,0.0,3.0,6.0,11.0,0.0
127627,1,早期沉睡用户,1,34.0,2.0,7.0,1.0,5.0,22.0,0.0
127628,2,活跃潜力用户,0,54.0,0.0,7.0,0.0,5.0,12.0,0.0
12763,2,活跃潜力用户,0,95.0,0.0,8.0,0.0,6.0,25.0,0.0
12764,1,早期沉睡用户,1,65.0,5.0,5.0,1.0,5.0,29.0,0.0
127647,2,活跃潜力用户,1,100.0,4.0,0.0,2.0,2.0,7.0,0.0
127656,1,早期沉睡用户,1,14.0,0.0,0.0,1.0,3.0,7.0,3.0
127657,2,活跃潜力用户,0,48.0,5.0,0.0,1.0,6.0,17.0,0.0
127666,2,活跃潜力用户,0,2.0,1.0,0.0,0.0,1.0,3.0,4.0
127672,2,活跃潜力用户,0,15.0,2.0,0.0,0.0,2.0,5.0,0.0
127674,1,早期沉睡用户,1,37.0,0.0,1.0,2.0,4.0,11.0,0.0
127677,2,活跃潜力用户,0,117.0,5.0,3.0,0.0,5.0,26.0,0.0
127684,2,活跃潜力用户,0,32.0,13.0,1.0,0.0,3.0,11.0,2.0
127686,2,活跃潜力用户,0,17.0,0.0,0.0,0.0,3.0,8.0,0.0
127687,2,活跃潜力用户,0,8.0,0.0,0.0,0.0,1.0,2.0,1.0
127699,2,活跃潜力用户,0,161.0,10.0,0.0,1.0,4.0,24.0,0.0
127706,2,活跃潜力用户,0,24.0,2.0,0.0,2.0,6.0,13.0,0.0
127713,2,活跃潜力用户,0,20.0,1.0,0.0,0.0,3.0,8.0,0.0
127722,1,早期沉睡用户,1,112.0,2.0,3.0,1.0,5.0,38.0,0.0
127726,1,早期沉睡用户,1,97.0,9.0,0.0,2.0,6.0,33.0,0.0
127743,2,活跃潜力用户,1,126.0,3.0,0.0,3.0,6.0,25.0,0.0
127744,1,早期沉睡用户,1,92.0,10.0,1.0,1.0,6.0,9.0,0.0
127747,2,活跃潜力用户,0,200.0,1.0,13.0,0.0,6.0,28.0,0.0
127749,2,活跃潜力用户,0,11.0,1.0,0.0,0.0,4.0,7.0,0.0
12775,0,高价值忠诚用户,1,228.0,16.0,5.0,5.0,6.0,108.0,0.0
127768,0,高价值忠诚用户,0,143.0,21.0,0.0,10.0,6.0,39.0,0.0
127773,2,活跃潜力用户,0,50.0,1.0,0.0,0.0,6.0,14.0,0.0
127774,2,活跃潜力用户,1,24.0,2.0,0.0,2.0,5.0,14.0,0.0
12779,2,活跃潜力用户,1,26.0,1.0,0.0,1.0,4.0,8.0,0.0
12780,1,早期沉睡用户,1,35.0,1.0,0.0,1.0,3.0,11.0,0.0
127818,1,早期沉睡用户,1,265.0,2.0,0.0,3.0,6.0,59.0,0.0
127820,2,活跃潜力用户,0,1.0,0.0,2.0,2.0,2.0,3.0,0.0
127821,2,活跃潜力用户,0,20.0,0.0,0.0,1.0,4.0,12.0,0.0
127830,2,活跃潜力用户,0,27.0,0.0,0.0,0.0,4.0,7.0,1.0
127856,2,活跃潜力用户,0,2.0,0.0,0.0,0.0,2.0,2.0,0.0
127858,2,活跃潜力用户,0,18.0,11.0,0.0,0.0,3.0,15.0,1.0
127866,0,高价值忠诚用户,0,118.0,34.0,10.0,2.0,6.0,33.0,0.0
127869,2,活跃潜力用户,0,14.0,2.0,0.0,0.0,4.0,4.0,0.0
127876,2,活跃潜力用户,0,8.0,0.0,0.0,1.0,3.0,7.0,2.0
12788,2,活跃潜力用户,0,215.0,7.0,13.0,2.0,5.0,37.0,0.0
127883,0,高价值忠诚用户,0,131.0,0.0,1.0,7.0,6.0,28.0,0.0
127905,2,活跃潜力用户,1,12.0,3.0,0.0,1.0,4.0,13.0,0.0
127906,1,早期沉睡用户,1,69.0,0.0,8.0,3.0,5.0,14.0,0.0
127915,0,高价值忠诚用户,0,5.0,0.0,0.0,2.0,3.0,4.0,0.0
127927,1,早期沉睡用户,1,215.0,16.0,0.0,1.0,6.0,42.0,0.0
127938,2,活跃潜力用户,1,36.0,1.0,1.0,2.0,5.0,11.0,0.0
127942,0,高价值忠诚用户,0,14.0,2.0,0.0,0.0,2.0,9.0,3.0
127944,2,活跃潜力用户,1,53.0,1.0,0.0,3.0,2.0,9.0,0.0
12795,2,活跃潜力用户,0,11.0,0.0,2.0,0.0,2.0,3.0,3.0
127953,1,早期沉睡用户,1,38.0,1.0,0.0,2.0,4.0,16.0,0.0
127954,1,早期沉睡用户,1,14.0,0.0,4.0,1.0,4.0,9.0,1.0
127965,1,早期沉睡用户,1,51.0,1.0,0.0,1.0,5.0,11.0,1.0
127969,2,活跃潜力用户,1,49.0,2.0,0.0,3.0,5.0,14.0,0.0
127972,1,早期沉睡用户,1,38.0,0.0,3.0,1.0,6.0,15.0,0.0
127978,0,高价值忠诚用户,0,48.0,0.0,0.0,0.0,5.0,20.0,0.0
127981,0,高价值忠诚用户,0,14.0,5.0,0.0,1.0,4.0,8.0,0.0
127982,2,活跃潜力用户,0,18.0,1.0,0.0,0.0,1.0,5.0,2.0
127996,1,早期沉睡用户,1,44.0,4.0,0.0,1.0,5.0,23.0,0.0
128000,0,高价值忠诚用户,0,272.0,27.0,0.0,15.0,6.0,53.0,0.0
128006,1,早期沉睡用户,1,17.0,1.0,0.0,1.0,5.0,12.0,0.0
12801,0,高价值忠诚用户,0,85.0,0.0,4.0,13.0,6.0,25.0,0.0
128022,1,早期沉睡用户,1,82.0,3.0,0.0,1.0,5.0,32.0,0.0
128031,2,活跃潜力用户,0,59.0,0.0,5.0,1.0,5.0,13.0,0.0
128033,1,早期沉睡用户,1,6.0,0.0,5.0,5.0,3.0,10.0,0.0
128035,2,活跃潜力用户,0,43.0,0.0,0.0,1.0,4.0,9.0,2.0
128038,2,活跃潜力用户,0,5.0,0.0,0.0,0.0,1.0,2.0,3.0
128045,1,早期沉睡用户,1,89.0,0.0,2.0,2.0,6.0,34.0,0.0
12806,0,高价值忠诚用户,0,51.0,12.0,0.0,4.0,6.0,15.0,0.0
128067,2,活跃潜力用户,1,10.0,0.0,1.0,3.0,4.0,7.0,0.0
128073,0,高价值忠诚用户,0,89.0,11.0,0.0,5.0,6.0,30.0,0.0
128077,2,活跃潜力用户,1,9.0,0.0,0.0,3.0,1.0,6.0,0.0
128078,1,早期沉睡用户,1,26.0,5.0,0.0,1.0,5.0,15.0,0.0
128079,2,活跃潜力用户,0,17.0,0.0,2.0,0.0,6.0,11.0,0.0
12808,1,早期沉睡用户,1,55.0,0.0,25.0,3.0,5.0,20.0,0.0
128092,2,活跃潜力用户,0,270.0,45.0,0.0,0.0,6.0,56.0,0.0
128099,2,活跃潜力用户,0,5.0,0.0,0.0,0.0,3.0,3.0,0.0
1281,2,活跃潜力用户,0,9.0,0.0,0.0,0.0,2.0,5.0,4.0
128108,1,早期沉睡用户,1,34.0,1.0,0.0,2.0,5.0,14.0,1.0
128111,2,活跃潜力用户,1,3.0,1.0,0.0,1.0,2.0,3.0,0.0
128113,3,超级用户,0,90.0,20.0,1.0,31.0,6.0,38.0,0.0
128120,1,早期沉睡用户,1,56.0,6.0,0.0,2.0,6.0,21.0,0.0
128124,1,早期沉睡用户,1,13.0,0.0,0.0,1.0,4.0,7.0,0.0
128129,0,高价值忠诚用户,1,97.0,29.0,0.0,6.0,5.0,46.0,0.0
128131,2,活跃潜力用户,1,47.0,2.0,0.0,4.0,6.0,24.0,0.0
128135,2,活跃潜力用户,0,86.0,3.0,4.0,1.0,5.0,47.0,0.0
128139,1,早期沉睡用户,1,57.0,11.0,0.0,1.0,5.0,16.0,1.0
128145,2,活跃潜力用户,0,15.0,0.0,0.0,3.0,3.0,8.0,0.0
128152,0,高价值忠诚用户,0,13.0,0.0,0.0,1.0,3.0,12.0,0.0
128162,2,活跃潜力用户,1,139.0,12.0,0.0,2.0,6.0,37.0,0.0
128186,1,早期沉睡用户,1,226.0,2.0,1.0,4.0,6.0,30.0,0.0
12819,1,早期沉睡用户,1,36.0,0.0,0.0,1.0,4.0,17.0,0.0
128196,2,活跃潜力用户,0,64.0,2.0,0.0,2.0,5.0,20.0,0.0
128212,0,高价值忠诚用户,1,190.0,15.0,1.0,9.0,6.0,55.0,0.0
128218,0,高价值忠诚用户,1,181.0,8.0,0.0,7.0,6.0,27.0,0.0
128224,2,活跃潜力用户,0,3.0,0.0,0.0,0.0,3.0,3.0,0.0
128229,0,高价值忠诚用户,0,238.0,6.0,4.0,7.0,6.0,48.0,0.0
128230,1,早期沉睡用户,1,11.0,1.0,0.0,2.0,4.0,5.0,0.0
128259,2,活跃潜力用户,0,6.0,0.0,0.0,0.0,2.0,3.0,4.0
128260,0,高价值忠诚用户,1,153.0,11.0,0.0,9.0,6.0,17.0,0.0
128265,2,活跃潜力用户,0,8.0,0.0,0.0,0.0,3.0,6.0,0.0
128270,1,早期沉睡用户,1,9.0,0.0,0.0,1.0,3.0,7.0,0.0
128271,2,活跃潜力用户,0,76.0,1.0,0.0,1.0,4.0,15.0,0.0
12830,1,早期沉睡用户,1,24.0,2.0,0.0,2.0,5.0,6.0,0.0
128325,1,早期沉睡用户,1,40.0,0.0,1.0,2.0,3.0,6.0,1.0
128329,1,早期沉睡用户,1,76.0,0.0,3.0,2.0,6.0,20.0,0.0
128332,2,活跃潜力用户,0,216.0,21.0,12.0,1.0,6.0,69.0,0.0
128338,2,活跃潜力用户,0,52.0,0.0,0.0,0.0,5.0,10.0,0.0
128351,1,早期沉睡用户,1,82.0,3.0,6.0,6.0,6.0,29.0,0.0
128352,2,活跃潜力用户,1,27.0,0.0,10.0,1.0,4.0,15.0,0.0
128360,2,活跃潜力用户,0,4.0,0.0,0.0,0.0,2.0,2.0,0.0
128362,1,早期沉睡用户,1,42.0,7.0,2.0,3.0,6.0,33.0,0.0
128371,1,早期沉睡用户,1,37.0,0.0,5.0,1.0,6.0,23.0,0.0
128372,1,早期沉睡用户,1,62.0,0.0,0.0,6.0,4.0,25.0,0.0
128377,0,高价值忠诚用户,0,66.0,3.0,0.0,2.0,6.0,25.0,0.0
128379,3,超级用户,0,0.0,0.0,0.0,41.0,6.0,39.0,0.0
128390,0,高价值忠诚用户,0,7.0,1.0,5.0,4.0,3.0,5.0,0.0
128391,1,早期沉睡用户,1,51.0,6.0,6.0,1.0,5.0,14.0,0.0
128392,2,活跃潜力用户,0,13.0,4.0,0.0,0.0,2.0,7.0,1.0
128393,1,早期沉睡用户,1,39.0,2.0,2.0,3.0,3.0,9.0,0.0
128401,2,活跃潜力用户,1,18.0,1.0,0.0,1.0,5.0,6.0,0.0
128406,1,早期沉睡用户,1,144.0,0.0,0.0,1.0,5.0,27.0,1.0
128408,2,活跃潜力用户,0,132.0,3.0,1.0,1.0,6.0,28.0,0.0
128412,1,早期沉睡用户,1,80.0,7.0,0.0,1.0,5.0,18.0,1.0
128417,0,高价值忠诚用户,0,23.0,0.0,0.0,2.0,4.0,9.0,0.0
128422,0,高价值忠诚用户,0,23.0,1.0,2.0,4.0,6.0,17.0,0.0
128434,2,活跃潜力用户,1,105.0,3.0,10.0,2.0,6.0,19.0,0.0
128438,2,活跃潜力用户,1,40.0,2.0,0.0,1.0,3.0,15.0,0.0
128444,1,早期沉睡用户,1,74.0,8.0,0.0,1.0,5.0,19.0,1.0
128446,1,早期沉睡用户,1,37.0,1.0,1.0,1.0,5.0,19.0,0.0
128447,2,活跃潜力用户,0,82.0,5.0,1.0,1.0,4.0,18.0,0.0
128449,0,高价值忠诚用户,0,24.0,5.0,0.0,4.0,3.0,14.0,1.0
128451,1,早期沉睡用户,1,276.0,9.0,0.0,1.0,6.0,29.0,0.0
128461,0,高价值忠诚用户,0,22.0,3.0,0.0,4.0,4.0,11.0,1.0
128465,2,活跃潜力用户,0,91.0,7.0,0.0,2.0,6.0,26.0,0.0
128469,0,高价值忠诚用户,0,23.0,10.0,0.0,3.0,5.0,15.0,0.0
128472,2,活跃潜力用户,0,51.0,3.0,0.0,2.0,6.0,16.0,0.0
128480,0,高价值忠诚用户,0,73.0,7.0,4.0,2.0,5.0,16.0,0.0
12849,1,早期沉睡用户,1,47.0,0.0,2.0,1.0,6.0,18.0,0.0
12851,2,活跃潜力用户,0,333.0,9.0,9.0,1.0,6.0,60.0,0.0
128512,2,活跃潜力用户,1,121.0,2.0,0.0,2.0,5.0,44.0,0.0
128516,2,活跃潜力用户,0,9.0,1.0,0.0,0.0,1.0,4.0,0.0
128524,2,活跃潜力用户,0,1.0,0.0,0.0,0.0,1.0,1.0,3.0
128525,2,活跃潜力用户,1,28.0,0.0,2.0,2.0,3.0,8.0,0.0
128527,1,早期沉睡用户,1,85.0,2.0,22.0,2.0,6.0,41.0,0.0
128528,2,活跃潜力用户,0,12.0,0.0,0.0,1.0,2.0,6.0,0.0
128529,2,活跃潜力用户,0,24.0,1.0,0.0,0.0,2.0,10.0,4.0
128536,2,活跃潜力用户,1,51.0,2.0,0.0,1.0,5.0,15.0,0.0
128538,1,早期沉睡用户,1,14.0,0.0,0.0,1.0,4.0,5.0,1.0
128539,0,高价值忠诚用户,0,22.0,0.0,0.0,4.0,1.0,9.0,0.0
128541,2,活跃潜力用户,0,5.0,0.0,0.0,0.0,2.0,3.0,2.0
128553,2,活跃潜力用户,0,18.0,3.0,0.0,0.0,5.0,9.0,0.0
128557,1,早期沉睡用户,1,164.0,1.0,22.0,2.0,6.0,18.0,0.0
128572,2,活跃潜力用户,0,73.0,3.0,16.0,2.0,6.0,36.0,0.0
128573,2,活跃潜力用户,1,23.0,3.0,0.0,2.0,4.0,12.0,0.0
128590,2,活跃潜力用户,0,57.0,0.0,1.0,2.0,6.0,17.0,0.0
128591,2,活跃潜力用户,0,58.0,3.0,9.0,1.0,5.0,13.0,1.0
12860,0,高价值忠诚用户,1,47.0,15.0,0.0,5.0,5.0,18.0,0.0
